#
# There is insufficient memory for the Java Runtime Environment to continue.
# Native memory allocation (mmap) failed to map 2097152 bytes. Error detail: G1 virtual space
# Possible reasons:
#   The system is out of physical RAM or swap space
#   This process is running with CompressedOops enabled, and the Java Heap may be blocking the growth of the native heap
# Possible solutions:
#   Reduce memory load on the system
#   Increase physical memory or swap space
#   Check if swap backing store is full
#   Decrease Java heap size (-Xmx/-Xms)
#   Decrease number of Java threads
#   Decrease Java thread stack sizes (-Xss)
#   Set larger code cache with -XX:ReservedCodeCacheSize=
#   JVM is running with Zero Based Compressed Oops mode in which the Java heap is
#     placed in the first 32GB address space. The Java Heap base address is the
#     maximum limit for the native heap growth. Please use -XX:HeapBaseMinAddress
#     to set the Java Heap base and to place the Java Heap above 32GB virtual address.
# This output file may be truncated or incomplete.
#
#  Out of Memory Error (os_windows.cpp:3571), pid=37800, tid=37072
#
# JRE version: Java(TM) SE Runtime Environment (25.0.4.1+1) (build 25.0.4.1+1-LTS-5)
# Java VM: Java HotSpot(TM) 64-Bit Server VM (25.0.4.1+1-LTS-5, mixed mode, sharing, tiered, compressed oops, compressed class ptrs, g1 gc, windows-amd64)
# No core dump will be written. Minidumps are not enabled by default on client versions of Windows
#

---------------  S U M M A R Y ------------

Command Line: --module-path=C:\Users\Public\greenfoot\Greenfoot-windows-371\greenfoot\lib\javafx\lib --add-modules=javafx.controls,javafx.fxml -javaagent:C:\Program Files\JetBrains\IntelliJ IDEA 2025.3\lib\idea_rt.jar=57920 -Dfile.encoding=UTF-8 -Dsun.stdout.encoding=UTF-8 -Dsun.stderr.encoding=UTF-8 greenfoot.export.GreenfootScenarioApplication

Host: 13th Gen Intel(R) Core(TM) i5-13500, 20 cores, 15G,  Windows 11 , 64 bit Build 26100 (10.0.26100.9444)
Time: Sat Sep 26 16:34:02 2026 Hora oficial do Brasil elapsed time: 11.937813 seconds (0d 0h 0m 11s)

---------------  T H R E A D  ---------------

Current thread (0x00000219ca6b6160):  JavaThread "JavaFX Application Thread"        [_thread_in_vm, id=37072, stack(0x000000dbe3b00000,0x000000dbe3c00000) (1024K)]

Stack: [0x000000dbe3b00000,0x000000dbe3c00000]
Native frames: (J=compiled Java code, j=interpreted, Vv=VM code, C=native code)
V  [jvm.dll+0x7a8819]  (no source info available)
V  [jvm.dll+0x7743dd]  (no source info available)
V  [jvm.dll+0x967693]  (no source info available)
V  [jvm.dll+0x969c91]  (no source info available)
V  [jvm.dll+0x96a3a3]  (no source info available)
V  [jvm.dll+0x2fd0b6]  (no source info available)
V  [jvm.dll+0x7a4a15]  (no source info available)
V  [jvm.dll+0x797da7]  (no source info available)
V  [jvm.dll+0x3f5618]  (no source info available)
V  [jvm.dll+0x3fd566]  (no source info available)
V  [jvm.dll+0x3e98e5]  (no source info available)
V  [jvm.dll+0x3e9fb1]  (no source info available)
V  [jvm.dll+0x3e9b12]  (no source info available)
V  [jvm.dll+0x3c115e]  (no source info available)
V  [jvm.dll+0x3bf293]  (no source info available)
V  [jvm.dll+0x728426]  (no source info available)
V  [jvm.dll+0x2b48a2]  (no source info available)
V  [jvm.dll+0x92ab33]  (no source info available)
V  [jvm.dll+0x21055a]  (no source info available)
C  0x00000219b9d792d1  (no source info available)

The last pc belongs to C1 Runtime new_type_array_blob (printed below).
Java frames: (J=compiled Java code, j=interpreted, Vv=VM code)
v  ~RuntimeStub::C1 Runtime new_type_array_blob 0x00000219b9d792d1
J 3908 c1 java.nio.HeapByteBuffer.<init>(IILjava/lang/foreign/MemorySegment;)V java.base@25.0.4.1 (21 bytes) @ 0x00000219b2d48b11 [0x00000219b2d48980+0x0000000000000191]
J 3907 c1 java.nio.ByteBuffer.allocate(I)Ljava/nio/ByteBuffer; java.base@25.0.4.1 (20 bytes) @ 0x00000219b2d48dfc [0x00000219b2d48d00+0x00000000000000fc]
J 4069 c1 com.sun.javafx.tk.quantum.QuantumToolkit.createPlatformImage(II)Lcom/sun/javafx/tk/PlatformImage; javafx.graphics (16 bytes) @ 0x00000219b2daa214 [0x00000219b2daa180+0x0000000000000094]
J 3024 c2 greenfoot.export.GreenfootScenarioViewer.bufferedImageToFX(Ljava/awt/image/BufferedImage;)Ljavafx/scene/image/Image; (89 bytes) @ 0x00000219ba485f44 [0x00000219ba485e20+0x0000000000000124]
J 3701 c1 greenfoot.platforms.standalone.WorldHandlerDelegateStandAlone$1.handle(J)V (40 bytes) @ 0x00000219b2ce440c [0x00000219b2ce3900+0x0000000000000b0c]
J 3699 c1 javafx.animation.AnimationTimer$AnimationTimerReceiver$$Lambda+0x000000002c2c8000.run()Ljava/lang/Object; javafx.graphics (12 bytes) @ 0x00000219b2ce1ddc [0x00000219b2ce1c80+0x000000000000015c]
J 3904 c1 javafx.animation.AnimationTimer$AnimationTimerReceiver.handle(J)V javafx.graphics (39 bytes) @ 0x00000219b2d4851c [0x00000219b2d48080+0x000000000000049c]
J 3697 c1 com.sun.scenario.animation.AbstractPrimaryTimer.timePulseImpl(J)V javafx.graphics (157 bytes) @ 0x00000219b2ce343c [0x00000219b2ce2da0+0x000000000000069c]
J 3694 c1 com.sun.scenario.animation.AbstractPrimaryTimer$MainLoop.run()V javafx.graphics (61 bytes) @ 0x00000219b2ce0d84 [0x00000219b2ce0a00+0x0000000000000384]
J 3693 c1 com.sun.javafx.tk.quantum.QuantumToolkit.pulse(Z)V javafx.graphics (152 bytes) @ 0x00000219b2ce16a4 [0x00000219b2ce1280+0x0000000000000424]
J 3715 c1 com.sun.javafx.tk.quantum.QuantumToolkit$$Lambda+0x000000002c0759a0.run()V javafx.graphics (8 bytes) @ 0x00000219b2cef9c4 [0x00000219b2cef700+0x00000000000002c4]
J 3334 c1 com.sun.glass.ui.InvokeLaterDispatcher$Future.run()V javafx.graphics (91 bytes) @ 0x00000219b2c65e94 [0x00000219b2c65d80+0x0000000000000114]
v  ~StubRoutines::call_stub 0x00000219b9c612ed
j  com.sun.glass.ui.win.WinApplication._runLoop(Ljava/lang/Runnable;)V+0 javafx.graphics
j  com.sun.glass.ui.win.WinApplication.lambda$runLoop$3(ILjava/lang/Runnable;)V+8 javafx.graphics
j  com.sun.glass.ui.win.WinApplication$$Lambda+0x000000002c06e000.run()V+12 javafx.graphics
j  java.lang.Thread.runWith(Ljava/lang/Object;Ljava/lang/Runnable;)V+5 java.base@25.0.4.1
j  java.lang.Thread.run()V+19 java.base@25.0.4.1
v  ~StubRoutines::call_stub 0x00000219b9c612ed
Lock stack of current Java thread (top to bottom):

--------------------------------------------------------------------------------
Decoding CodeBlob, name: C1 Runtime new_type_array_blob, at  [0x00000219b9d791e0, 0x00000219b9d793f0]  528 bytes
[MachCode]
  0x00000219b9d791e0: 5548 8bec | 4881 ec80 | 0000 0048 | 8944 2478 | 4889 4c24 | 7048 8954 | 2468 4889 | 5c24 6048 
  0x00000219b9d79200: 896c 2450 | 4889 7424 | 4848 897c | 2440 4c89 | 4424 384c | 894c 2430 | 4c89 5424 | 284c 895c 
  0x00000219b9d79220: 2420 4c89 | 6424 184c | 896c 2410 | 4c89 7424 | 084c 893c | 2448 81ec | 1004 0000 | c5fb 1144 
  0x00000219b9d79240: 2428 c5fb | 114c 2430 | c5fb 1154 | 2438 c5fb | 115c 2440 | c5fb 1164 | 2448 c5fb | 116c 2450 
  0x00000219b9d79260: c5fb 1174 | 2458 c5fb | 117c 2460 | c57b 1144 | 2468 c57b | 114c 2470 | c57b 1154 | 2478 c57b 
  0x00000219b9d79280: 119c 2480 | 0000 00c5 | 7b11 a424 | 8800 0000 | c57b 11ac | 2490 0000 | 00c5 7b11 | b424 9800 
  0x00000219b9d792a0: 0000 c57b | 11bc 24a0 | 0000 0048 | 8bd2 4c8b | c349 8bcf | c5f8 7749 | 89af 3804 | 0000 4989 
  0x00000219b9d792c0: a728 0400 | 0048 b830 | 058c e6fe | 7f00 00ff | d049 c787 | 2804 0000 | 0000 0000 | 49c7 8738 
  0x00000219b9d792e0: 0400 0000 | 0000 0049 | c787 3004 | 0000 0000 | 0000 c5f8 | 7749 837f | 0800 0f84 | 1400 0000 
  0x00000219b9d79300: 498b 4708 | 49c7 8780 | 0400 0000 | 0000 00e9 | ccd5 ffff | 498b 8780 | 0400 0049 | c787 8004 
  0x00000219b9d79320: 0000 0000 | 0000 c5fb | 1044 2428 | c5fb 104c | 2430 c5fb | 1054 2438 | c5fb 105c | 2440 c5fb 
  0x00000219b9d79340: 1064 2448 | c5fb 106c | 2450 c5fb | 1074 2458 | c5fb 107c | 2460 c57b | 1044 2468 | c57b 104c 
  0x00000219b9d79360: 2470 c57b | 1054 2478 | c57b 109c | 2480 0000 | 00c5 7b10 | a424 8800 | 0000 c57b | 10ac 2490 
  0x00000219b9d79380: 0000 00c5 | 7b10 b424 | 9800 0000 | c57b 10bc | 24a0 0000 | 0048 81c4 | 1004 0000 | 4c8b 3c24 
  0x00000219b9d793a0: 4c8b 7424 | 084c 8b6c | 2410 4c8b | 6424 184c | 8b5c 2420 | 4c8b 5424 | 284c 8b4c | 2430 4c8b 
  0x00000219b9d793c0: 4424 3848 | 8b7c 2440 | 488b 7424 | 4848 8b6c | 2450 488b | 5c24 6048 | 8b54 2468 | 488b 4c24 
  0x00000219b9d793e0: 7048 81c4 | 8000 0000 | c9c3 660f | 1f44 0000 
[/MachCode]
--------------------------------------------------------------------------------


Compiled method (c1) 14630 3908       3       java.nio.HeapByteBuffer::<init> (21 bytes)
 total in heap  [0x00000219b2d48888,0x00000219b2d48b98] = 784
 main code      [0x00000219b2d48980,0x00000219b2d48b58] = 472
 stub code      [0x00000219b2d48b58,0x00000219b2d48b98] = 64
 mutable data [0x00000219d0104ba0,0x00000219d0104bf0] = 80
 relocation     [0x00000219d0104ba0,0x00000219d0104be0] = 64
 metadata       [0x00000219d0104be0,0x00000219d0104bf0] = 16
 immutable data [0x00000219d072bd80,0x00000219d072be20] = 160
 dependencies   [0x00000219d072bd80,0x00000219d072bd88] = 8
 scopes pcs     [0x00000219d072bd88,0x00000219d072bdd8] = 80
 scopes data    [0x00000219d072bdd8,0x00000219d072be20] = 72

[Constant Pool (empty)]

[MachCode]
[Instructions begin]
  0x00000219b2d48980: 6666 660f | 1f84 0000 | 0000 0066 | 6666 9066 | 6690 448b | 5208 443b 

  0x00000219b2d48998: ;   {runtime_call Shared Runtime ic_miss_blob}
  0x00000219b2d48998: 5008 0f85 | 4061 f606 
[Verified Entry Point]
  0x00000219b2d489a0: 8984 2400 | 80ff ff55 | 4883 ec60 | 4181 7f20 | 0600 0000 

  0x00000219b2d489b4: ;   {runtime_call Stub::method_entry_barrier}
  0x00000219b2d489b4: 7405 e885 | b8f4 064d | 8bd8 4d8b | e94c 8bf7 

  0x00000219b2d489c4: ;   {metadata(method data for {method} {0x000000002b2efff0} '<init>' '(IILjava/lang/foreign/MemorySegment;)V' in 'java/nio/HeapByteBuffer')}
  0x00000219b2d489c4: 48bb 1066 | ddcb 1902 | 0000 8bb3 | 9000 0000 | 83c6 0289 | b390 0000 | 0081 e6fe | 0700 0085 
  0x00000219b2d489e4: f60f 8400 | 0100 0049 | 8bdb 4c8b 

  0x00000219b2d489f0: ;   {metadata({type array byte})}
  0x00000219b2d489f0: ca48 ba18 | 5518 2b00 | 0000 0048 | 63db 488b | fb48 81fb | ffff ff00 | 0f87 fe00 | 0000 be17 
  0x00000219b2d48a10: 0000 0048 | 8d34 1e48 | 83e6 f849 | 8b87 c801 | 0000 488d | 3430 493b | b7d8 0100 | 000f 87d9 
  0x00000219b2d48a30: 0000 0049 | 89b7 c801 | 0000 482b | f048 c700 | 0100 0000 | 488b ca41 | ba00 0000 | 2b49 2bca 
  0x00000219b2d48a50: 8948 0889 | 580c 4883 | ee10 4885 | f60f 8411 | 0000 0048 | 33db 48c1 | ee03 4889 | 5cf0 0848 
  0x00000219b2d48a70: ffce 75f6 

  0x00000219b2d48a74: ;   {metadata(method data for {method} {0x000000002b2efff0} '<init>' '(IILjava/lang/foreign/MemorySegment;)V' in 'java/nio/HeapByteBuffer')}
  0x00000219b2d48a74: 498b d149 | b810 66dd | cb19 0200 | 0049 8380 | d800 0000 | 0141 b8ff | ffff ff49 | 8bd1 41b9 
  0x00000219b2d48a94: 0000 0000 | 498b fd49 | 8bf3 488b | c8c7 0424 | 0000 0000 | 4c89 7424 | 0848 8bda | 488b d348 
  0x00000219b2d48ab4: 895c 2448 | 0f1f 8000 

  0x00000219b2d48abc: ;   {optimized virtual_call}
  0x00000219b2d48abc: 0000 00e8 

  0x00000219b2d48ac0: ; ImmutableOopMap {[72]=Oop }
                      ;*invokespecial <init> {reexecute=0 rethrow=0 return_oop=0}
                      ; - java.nio.HeapByteBuffer::<init>@10 (line 75)
  0x00000219b2d48ac0: dcf7 beff 

  0x00000219b2d48ac4: ;   {post_call_nop}
  0x00000219b2d48ac4: 0f1f 8400 | 3c02 0000 | 488b 5424 | 4841 ba10 | 0000 004c | 8952 1048 | 83c4 605d 

  0x00000219b2d48ae0: ;   {poll_return}
  0x00000219b2d48ae0: 493b 6728 | 0f87 2c00 

  0x00000219b2d48ae8: ;   {metadata({method} {0x000000002b2efff0} '<init>' '(IILjava/lang/foreign/MemorySegment;)V' in 'java/nio/HeapByteBuffer')}
  0x00000219b2d48ae8: 0000 c349 | bae8 ff2e | 2b00 0000 | 004c 8954 | 2408 48c7 | 0424 ffff 

  0x00000219b2d48b00: ;   {runtime_call C1 Runtime counter_overflow_blob}
  0x00000219b2d48b00: ffff e859 

  0x00000219b2d48b04: ; ImmutableOopMap {rdx=Oop r14=Oop }
                      ;*synchronization entry
                      ; - java.nio.HeapByteBuffer::<init>@-1 (line 75)
  0x00000219b2d48b04: 4f03 07e9 | dffe ffff 

  0x00000219b2d48b0c: ;   {runtime_call C1 Runtime new_type_array_blob}
  0x00000219b2d48b0c: e8cf 0603 

  0x00000219b2d48b10: ; ImmutableOopMap {r14=Oop r9=Oop }
                      ;*newarray {reexecute=0 rethrow=0 return_oop=0}
                      ; - java.nio.HeapByteBuffer::<init>@6 (line 75)
  0x00000219b2d48b10: 07e9 5eff 

  0x00000219b2d48b14: ;   {internal_word}
  0x00000219b2d48b14: ffff 49ba | e08a d4b2 | 1902 0000 | 4d89 97e0 

  0x00000219b2d48b24: ;   {runtime_call SafepointBlob}
  0x00000219b2d48b24: 0400 00e9 | 3484 f606 | 498b 8788 | 0500 0049 | c787 8805 | 0000 0000 | 0000 49c7 | 8790 0500 
  0x00000219b2d48b44: 0000 0000 | 0048 83c4 

  0x00000219b2d48b4c: ;   {runtime_call C1 Runtime unwind_exception_blob}
  0x00000219b2d48b4c: 605d e90d | d702 07f4 | f4f4 f4f4 
[Stub Code]
  0x00000219b2d48b58: ;   {static_stub}
  0x00000219b2d48b58: 48bb 0000 | 0000 0000 

  0x00000219b2d48b60: ;   {runtime_call nmethod}
  0x00000219b2d48b60: 0000 e9fb 

  0x00000219b2d48b64: ;   {runtime_call C1 Runtime handle_exception_from_callee_blob}
  0x00000219b2d48b64: ffff ffe8 | 7415 0307 

  0x00000219b2d48b6c: ;   {external_word}
  0x00000219b2d48b6c: 48b9 4819 | 16e7 fe7f | 0000 4883 

  0x00000219b2d48b78: ;   {runtime_call}
  0x00000219b2d48b78: e4f0 48b8 | 80a6 d9e6 | fe7f 0000 

  0x00000219b2d48b84: ;   {section_word}
  0x00000219b2d48b84: ffd0 f449 | ba87 8bd4 | b219 0200 

  0x00000219b2d48b90: ;   {runtime_call DeoptimizationBlob}
  0x00000219b2d48b90: 0041 52e9 | c886 f606 
[/MachCode]


Compiled method (c1) 14634 3907       3       java.nio.ByteBuffer::allocate (20 bytes)
 total in heap  [0x00000219b2d48c08,0x00000219b2d48f08] = 768
 main code      [0x00000219b2d48d00,0x00000219b2d48eb8] = 440
 stub code      [0x00000219b2d48eb8,0x00000219b2d48f08] = 80
 mutable data [0x00000219d16aba60,0x00000219d16abac0] = 96
 relocation     [0x00000219d16aba60,0x00000219d16abab8] = 88
 metadata       [0x00000219d16abab8,0x00000219d16abac0] = 8
 immutable data [0x00000219e2c55320,0x00000219e2c553d8] = 184
 dependencies   [0x00000219e2c55320,0x00000219e2c55328] = 8
 nul chk table  [0x00000219e2c55328,0x00000219e2c55338] = 16
 scopes pcs     [0x00000219e2c55338,0x00000219e2c553a8] = 112
 scopes data    [0x00000219e2c553a8,0x00000219e2c553d8] = 48

[Constant Pool (empty)]

[MachCode]
[Verified Entry Point]
  # {method} {0x000000002b228e70} 'allocate' '(I)Ljava/nio/ByteBuffer;' in 'java/nio/ByteBuffer'
  # parm0:    rdx       = int
  #           [sp+0x50]  (sp of caller)
  0x00000219b2d48d00: 8984 2400 | 80ff ff55 | 4883 ec40 | 4181 7f20 | 0600 0000 

  0x00000219b2d48d14: ;   {runtime_call Stub::method_entry_barrier}
  0x00000219b2d48d14: 7405 e825 | b5f4 0648 

  0x00000219b2d48d1c: ;   {metadata(method data for {method} {0x000000002b228e70} 'allocate' '(I)Ljava/nio/ByteBuffer;' in 'java/nio/ByteBuffer')}
  0x00000219b2d48d1c: 8bda 48ba | 4067 ddcb | 1902 0000 | 8bb2 9000 | 0000 83c6 | 0289 b290 | 0000 0081 | e6fe 0700 
  0x00000219b2d48d3c: 0085 f60f | 84ff 0000 

  0x00000219b2d48d44: ;   {metadata(method data for {method} {0x000000002b228e70} 'allocate' '(I)Ljava/nio/ByteBuffer;' in 'java/nio/ByteBuffer')}
  0x00000219b2d48d44: 0085 db48 | ba40 67dd | cb19 0200 | 00be e800 | 0000 7c05 | bed8 0000 | 0048 8b3c | 3248 8d7f 
  0x00000219b2d48d64: 0148 893c | 320f 8caa 

  0x00000219b2d48d6c: ;   {metadata('java/nio/HeapByteBuffer')}
  0x00000219b2d48d6c: 0000 0048 | ba20 e62e | 2b00 0000 | 0049 8b87 | c801 0000 | 488d 7838 | 493b bfd8 | 0100 000f 
  0x00000219b2d48d8c: 87d4 0000 | 0049 89bf | c801 0000 | 48c7 0001 | 0000 0048 | 8bca 41ba | 0000 002b | 492b ca89 
  0x00000219b2d48dac: 4808 4833 | c989 480c | 4833 c9bf | 0500 0000 | 4889 4cf8 | 0848 ffcf | 75f6 4c8b 

  0x00000219b2d48dc8: ;   {metadata(method data for {method} {0x000000002b228e70} 'allocate' '(I)Ljava/nio/ByteBuffer;' in 'java/nio/ByteBuffer')}
  0x00000219b2d48dc8: c049 b940 | 67dd cb19 | 0200 0049 | 8381 0801 | 0000 014c | 8bc3 4c8b 

  0x00000219b2d48de0: ;   {oop(nullptr)}
  0x00000219b2d48de0: cb48 bf00 | 0000 0000 | 0000 0048 | 8bd0 4889 | 4424 300f 

  0x00000219b2d48df4: ;   {optimized virtual_call}
  0x00000219b2d48df4: 1f40 00e8 

  0x00000219b2d48df8: ; ImmutableOopMap {[48]=Oop }
                      ;*invokespecial <init> {reexecute=0 rethrow=0 return_oop=0}
                      ; - java.nio.ByteBuffer::allocate@16 (line 398)
  0x00000219b2d48df8: a4fb ffff 

  0x00000219b2d48dfc: ;   {post_call_nop}
  0x00000219b2d48dfc: 0f1f 8400 | f401 0000 | 488b 4424 | 3048 83c4 

  0x00000219b2d48e0c: ;   {poll_return}
  0x00000219b2d48e0c: 405d 493b | 6728 0f87 | 5a00 0000 

  0x00000219b2d48e18: ;   {metadata(method data for {method} {0x000000002b228e70} 'allocate' '(I)Ljava/nio/ByteBuffer;' in 'java/nio/ByteBuffer')}
  0x00000219b2d48e18: c348 ba40 | 67dd cb19 | 0200 0048 | 8382 f800 | 0000 0148 

  0x00000219b2d48e2c: ;   {static_call}
  0x00000219b2d48e2c: 8bd3 90e8 

  0x00000219b2d48e30: ; ImmutableOopMap {}
                      ;*invokestatic createCapacityException {reexecute=0 rethrow=0 return_oop=0}
                      ; - java.nio.ByteBuffer::allocate@5 (line 397)
  0x00000219b2d48e30: ac65 f606 

  0x00000219b2d48e34: ;   {post_call_nop}
  0x00000219b2d48e34: 0f1f 8400 | 2c02 0001 

  0x00000219b2d48e3c: ; implicit exception: dispatches to 0x00000219b2d48e88
  0x00000219b2d48e3c: 483b 00e9 | 6600 0000 

  0x00000219b2d48e44: ;   {metadata({method} {0x000000002b228e70} 'allocate' '(I)Ljava/nio/ByteBuffer;' in 'java/nio/ByteBuffer')}
  0x00000219b2d48e44: 49ba 688e | 222b 0000 | 0000 4c89 | 5424 0848 | c704 24ff 

  0x00000219b2d48e58: ;   {runtime_call C1 Runtime counter_overflow_blob}
  0x00000219b2d48e58: ffff ffe8 

  0x00000219b2d48e5c: ; ImmutableOopMap {}
                      ;*synchronization entry
                      ; - java.nio.ByteBuffer::allocate@-1 (line 396)
  0x00000219b2d48e5c: 004c 0307 | e9e0 feff | ff48 8bd2 

  0x00000219b2d48e68: ;   {runtime_call C1 Runtime fast_new_instance_blob}
  0x00000219b2d48e68: e8f3 f902 

  0x00000219b2d48e6c: ; ImmutableOopMap {}
                      ;*new {reexecute=0 rethrow=0 return_oop=0}
                      ; - java.nio.ByteBuffer::allocate@9 (line 398)
  0x00000219b2d48e6c: 07e9 54ff 

  0x00000219b2d48e70: ;   {internal_word}
  0x00000219b2d48e70: ffff 49ba | 0e8e d4b2 | 1902 0000 | 4d89 97e0 

  0x00000219b2d48e80: ;   {runtime_call SafepointBlob}
  0x00000219b2d48e80: 0400 00e9 | d880 f606 

  0x00000219b2d48e88: ;   {runtime_call C1 Runtime throw_null_pointer_exception_blob}
  0x00000219b2d48e88: e853 ed02 

  0x00000219b2d48e8c: ; ImmutableOopMap {rax=Oop }
                      ;*athrow {reexecute=1 rethrow=0 return_oop=0}
                      ; - (reexecute) java.nio.ByteBuffer::allocate@8 (line 397)
  0x00000219b2d48e8c: 0749 8b87 | 8805 0000 | 49c7 8788 | 0500 0000 | 0000 0049 | c787 9005 | 0000 0000 | 0000 4883 
  0x00000219b2d48eac: ;   {runtime_call C1 Runtime unwind_exception_blob}
  0x00000219b2d48eac: c440 5de9 | acd3 0207 | f4f4 f4f4 
[Stub Code]
  0x00000219b2d48eb8: ;   {static_stub}
  0x00000219b2d48eb8: 48bb 0000 | 0000 0000 

  0x00000219b2d48ec0: ;   {runtime_call nmethod}
  0x00000219b2d48ec0: 0000 e9fb 

  0x00000219b2d48ec4: ;   {static_stub}
  0x00000219b2d48ec4: ffff ff48 | bb00 0000 | 0000 0000 

  0x00000219b2d48ed0: ;   {runtime_call nmethod}
  0x00000219b2d48ed0: 00e9 fbff 

  0x00000219b2d48ed4: ;   {runtime_call C1 Runtime handle_exception_from_callee_blob}
  0x00000219b2d48ed4: ffff e805 

  0x00000219b2d48ed8: ;   {external_word}
  0x00000219b2d48ed8: 1203 0748 | b948 1916 | e7fe 7f00 | 0048 83e4 

  0x00000219b2d48ee8: ;   {runtime_call}
  0x00000219b2d48ee8: f048 b880 | a6d9 e6fe | 7f00 00ff 

  0x00000219b2d48ef4: ;   {section_word}
  0x00000219b2d48ef4: d0f4 49ba | f68e d4b2 | 1902 0000 

  0x00000219b2d48f00: ;   {runtime_call DeoptimizationBlob}
  0x00000219b2d48f00: 4152 e959 | 83f6 06f4 
[/MachCode]


---------------  P R O C E S S  ---------------

Threads class SMR info:
_java_thread_list=0x00000219cf45f840, length=22, elements={
0x00000219a5835000, 0x00000219c754c6c0, 0x00000219c754efe0, 0x00000219c7552730,
0x00000219c7555ac0, 0x00000219c75587c0, 0x00000219c755e320, 0x00000219ca55ac80,
0x00000219ca55b890, 0x00000219ca671590, 0x00000219d045b150, 0x00000219cfe42ca0,
0x00000219cf359020, 0x00000219cfacbc30, 0x00000219ca6b6160, 0x00000219d052acb0,
0x00000219ca554ef0, 0x00000219d0914830, 0x00000219d0919e20, 0x00000219d1066830,
0x00000219d10b06b0, 0x00000219d1262780
}

Java Threads: ( => current thread )
  0x00000219a5835000 JavaThread "main"                              [_thread_blocked, id=18684, stack(0x000000dbe2500000,0x000000dbe2600000) (1024K)]
  0x00000219c754c6c0 JavaThread "Reference Handler"          daemon [_thread_blocked, id=35764, stack(0x000000dbe2d00000,0x000000dbe2e00000) (1024K)]
  0x00000219c754efe0 JavaThread "Finalizer"                  daemon [_thread_blocked, id=29288, stack(0x000000dbe2e00000,0x000000dbe2f00000) (1024K)]
  0x00000219c7552730 JavaThread "Signal Dispatcher"          daemon [_thread_blocked, id=18428, stack(0x000000dbe2f00000,0x000000dbe3000000) (1024K)]
  0x00000219c7555ac0 JavaThread "Attach Listener"            daemon [_thread_blocked, id=37256, stack(0x000000dbe3000000,0x000000dbe3100000) (1024K)]
  0x00000219c75587c0 JavaThread "Service Thread"             daemon [_thread_blocked, id=4584, stack(0x000000dbe3100000,0x000000dbe3200000) (1024K)]
  0x00000219c755e320 JavaThread "Monitor Deflation Thread"   daemon [_thread_blocked, id=24164, stack(0x000000dbe3200000,0x000000dbe3300000) (1024K)]
  0x00000219ca55ac80 JavaThread "C2 CompilerThread0"         daemon [_thread_blocked, id=37764, stack(0x000000dbe3300000,0x000000dbe3400000) (1024K)]
  0x00000219ca55b890 JavaThread "C1 CompilerThread0"         daemon [_thread_blocked, id=10552, stack(0x000000dbe3400000,0x000000dbe3500000) (1024K)]
  0x00000219ca671590 JavaThread "Common-Cleaner"             daemon [_thread_blocked, id=8920, stack(0x000000dbe3500000,0x000000dbe3600000) (1024K)]
  0x00000219d045b150 JavaThread "Monitor Ctrl-Break"         daemon [_thread_in_native, id=18764, stack(0x000000dbe3e00000,0x000000dbe3f00000) (1024K)]
  0x00000219cfe42ca0 JavaThread "Notification Thread"        daemon [_thread_blocked, id=28156, stack(0x000000dbe3f00000,0x000000dbe4000000) (1024K)]
  0x00000219cf359020 JavaThread "QuantumRenderer-0"          daemon [_thread_blocked, id=27852, stack(0x000000dbe4100000,0x000000dbe4200000) (1024K)]
  0x00000219cfacbc30 JavaThread "InvokeLaterDispatcher"      daemon [_thread_blocked, id=35640, stack(0x000000dbe3d00000,0x000000dbe3e00000) (1024K)]
=>0x00000219ca6b6160 JavaThread "JavaFX Application Thread"         [_thread_in_vm, id=37072, stack(0x000000dbe3b00000,0x000000dbe3c00000) (1024K)]
  0x00000219d052acb0 JavaThread "JavaFX-Launcher"                   [_thread_blocked, id=23804, stack(0x000000dbe3a00000,0x000000dbe3b00000) (1024K)]
  0x00000219ca554ef0 JavaThread "Thread-2"                   daemon [_thread_in_native, id=12620, stack(0x000000dbe3900000,0x000000dbe3a00000) (1024K)]
  0x00000219d0914830 JavaThread "Java2D Disposer"            daemon [_thread_blocked, id=28476, stack(0x000000dbe5500000,0x000000dbe5600000) (1024K)]
  0x00000219d0919e20 JavaThread "AWT-Windows"                daemon [_thread_in_native, id=16916, stack(0x000000dbe5700000,0x000000dbe5800000) (1024K)]
  0x00000219d1066830 JavaThread "SimulationThread"                  [_thread_blocked, id=33464, stack(0x000000dbe6b00000,0x000000dbe6c00000) (1024K)]
  0x00000219d10b06b0 JavaThread "Prism Font Disposer"        daemon [_thread_blocked, id=31300, stack(0x000000dbe7400000,0x000000dbe7500000) (1024K)]
  0x00000219d1262780 JavaThread "Cleaner-0"                  daemon [_thread_blocked, id=11128, stack(0x000000dbe7d00000,0x000000dbe7e00000) (1024K)]
Total: 22

Other Threads:
  0x00000219c753e0d0 VMThread "VM Thread"                           [id=36332, stack(0x000000dbe2c00000,0x000000dbe2d00000) (1024K)]
  0x00000219c752f3a0 WatcherThread "VM Periodic Task Thread"        [id=15748, stack(0x000000dbe2b00000,0x000000dbe2c00000) (1024K)]
  0x00000219aa0073d0 WorkerThread "GC Thread#0"                     [id=16368, stack(0x000000dbe2600000,0x000000dbe2700000) (1024K)]
  0x00000219d1073780 WorkerThread "GC Thread#1"                     [id=35180, stack(0x000000dbe6c00000,0x000000dbe6d00000) (1024K)]
  0x00000219d10743d0 WorkerThread "GC Thread#2"                     [id=30268, stack(0x000000dbe6d00000,0x000000dbe6e00000) (1024K)]
  0x00000219d1074c10 WorkerThread "GC Thread#3"                     [id=24408, stack(0x000000dbe6e00000,0x000000dbe6f00000) (1024K)]
  0x00000219d1075040 WorkerThread "GC Thread#4"                     [id=26044, stack(0x000000dbe6f00000,0x000000dbe7000000) (1024K)]
  0x00000219d1075470 WorkerThread "GC Thread#5"                     [id=28704, stack(0x000000dbe7000000,0x000000dbe7100000) (1024K)]
  0x00000219d0c56b80 WorkerThread "GC Thread#6"                     [id=28096, stack(0x000000dbe7500000,0x000000dbe7600000) (1024K)]
  0x00000219d0c562e0 WorkerThread "GC Thread#7"                     [id=28124, stack(0x000000dbe7600000,0x000000dbe7700000) (1024K)]
  0x00000219d0c56fd0 WorkerThread "GC Thread#8"                     [id=23748, stack(0x000000dbe7700000,0x000000dbe7800000) (1024K)]
  0x00000219d0c57420 WorkerThread "GC Thread#9"                     [id=33076, stack(0x000000dbe7800000,0x000000dbe7900000) (1024K)]
  0x00000219d1278380 WorkerThread "GC Thread#10"                    [id=32384, stack(0x000000dbe5600000,0x000000dbe5700000) (1024K)]
  0x00000219d1279070 WorkerThread "GC Thread#11"                    [id=18772, stack(0x000000dbe7c00000,0x000000dbe7d00000) (1024K)]
  0x00000219d1276550 WorkerThread "GC Thread#12"                    [id=3692, stack(0x000000dbe7e00000,0x000000dbe7f00000) (1024K)]
  0x00000219d1275860 WorkerThread "GC Thread#13"                    [id=36192, stack(0x000000dbe7f00000,0x000000dbe8000000) (1024K)]
  0x00000219d12794c0 WorkerThread "GC Thread#14"                    [id=20212, stack(0x000000dbe8000000,0x000000dbe8100000) (1024K)]
  0x00000219aa01fd80 ConcurrentGCThread "G1 Main Marker"            [id=37732, stack(0x000000dbe2700000,0x000000dbe2800000) (1024K)]
  0x00000219aa022030 WorkerThread "G1 Conc#0"                       [id=13756, stack(0x000000dbe2800000,0x000000dbe2900000) (1024K)]
  0x00000219d0c551a0 WorkerThread "G1 Conc#1"                       [id=36180, stack(0x000000dbe7900000,0x000000dbe7a00000) (1024K)]
  0x00000219d0c555f0 WorkerThread "G1 Conc#2"                       [id=37500, stack(0x000000dbe7a00000,0x000000dbe7b00000) (1024K)]
  0x00000219d1277ae0 WorkerThread "G1 Conc#3"                       [id=23768, stack(0x000000dbe7b00000,0x000000dbe7c00000) (1024K)]
  0x00000219c73f6340 ConcurrentGCThread "G1 Refine#0"               [id=4232, stack(0x000000dbe2900000,0x000000dbe2a00000) (1024K)]
  0x00000219c73f8f60 ConcurrentGCThread "G1 Service"                [id=16188, stack(0x000000dbe2a00000,0x000000dbe2b00000) (1024K)]
Total: 24

Threads with active compile tasks:
Total: 0

VM state: not at safepoint (normal execution)

VM Mutex/Monitor currently owned by a thread:  ([mutex/lock_event])
[0x00007ffee742a848] Heap_lock - owner thread: 0x00000219ca6b6160

Heap address: 0x0000000704c00000, size: 4020 MB, Compressed Oops mode: Zero based, Oop shift amount: 3

CDS archive(s) mapped at: [0x000000002b000000-0x000000002bdd0000-0x000000002bdd0000), size 14483456, SharedBaseAddress: 0x000000002b000000, ArchiveRelocationMode: 1.
Compressed class space mapped at: 0x000000002c000000-0x000000006c000000, reserved size: 1073741824
UseCompressedClassPointers 1, UseCompactObjectHeaders 0
Narrow klass pointer bits 32, Max shift 3
Narrow klass base: 0x000000002b000000, Narrow klass shift: 0
Encoding Range: [0x000000002b000000 - 0x000000012b000000), (4294967296 bytes)
Klass Range:    [0x000000002b010000 - 0x000000006c000000), (1090453504 bytes)
Klass ID Range:  [65536 - 1090519033) (1090453497)
Protection zone: [0x000000002b000000 - 0x000000002b010000), (65536 bytes)

GC Precious Log:
 CardTable entry size: 512
 Card Set container configuration: InlinePtr #cards 4 size 8 Array Of Cards #cards 16 size 48 Howl #buckets 8 coarsen threshold 3686 Howl Bitmap #cards 512 size 80 coarsen threshold 460 Card regions per heap region 1 cards per card region 4096
 CPUs: 20 total, 20 available
 Memory: 16072M
 Large Page Support: Disabled
 NUMA Support: Disabled
 Compressed Oops: Enabled (Zero based)
 Heap Region Size: 2M
 Heap Min Capacity: 8M
 Heap Initial Capacity: 252M
 Heap Max Capacity: 4020M
 Pre-touch: Disabled
 Parallel Workers: 15
 Concurrent Workers: 4
 Concurrent Refinement Workers: 15
 Periodic GC: Disabled

Heap:
 garbage-first heap   total reserved 4116480K, committed 2662400K, used 2656258K [0x0000000704c00000, 0x0000000800000000)
  region size 2048K, 5 young (10240K), 2 survivors (4096K)

Heap Regions: E=young(eden), S=young(survivor), O=old, HS=humongous(starts), HC=humongous(continues), CS=collection set, F=free, TAMS=top-at-mark-start, PB=parsable bottom
|   0|0x0000000704c00000, 0x0000000704dc1750, 0x0000000704e00000| 87%| O|  |TAMS 0x0000000704c00000| PB 0x0000000704c00000| Untracked |  0
|   1|0x0000000704e00000, 0x0000000704f23888, 0x0000000705000000| 56%| O|Cm|TAMS 0x0000000704e00000| PB 0x0000000704e00000| Complete |  0
|   2|0x0000000705000000, 0x0000000705189e90, 0x0000000705200000| 76%| O|  |TAMS 0x0000000705000000| PB 0x0000000705000000| Untracked |  0
|   3|0x0000000705200000, 0x0000000705355580, 0x0000000705400000| 66%| O|  |TAMS 0x0000000705200000| PB 0x0000000705200000| Untracked |  1
|   4|0x0000000705400000, 0x0000000705600000, 0x0000000705600000|100%|HS|  |TAMS 0x0000000705400000| PB 0x0000000705400000| Complete |  0
|   5|0x0000000705600000, 0x00000007057f4848, 0x0000000705800000| 97%| O|  |TAMS 0x0000000705600000| PB 0x0000000705600000| Untracked |  1
|   6|0x0000000705800000, 0x0000000705a00000, 0x0000000705a00000|100%|HS|  |TAMS 0x0000000705800000| PB 0x0000000705800000| Complete |  0
|   7|0x0000000705a00000, 0x0000000705c00000, 0x0000000705c00000|100%|HC|  |TAMS 0x0000000705a00000| PB 0x0000000705a00000| Complete |  0
|   8|0x0000000705c00000, 0x0000000705e00000, 0x0000000705e00000|100%|HS|  |TAMS 0x0000000705c00000| PB 0x0000000705c00000| Complete |  0
|   9|0x0000000705e00000, 0x0000000706000000, 0x0000000706000000|100%|HC|  |TAMS 0x0000000705e00000| PB 0x0000000705e00000| Complete |  0
|  10|0x0000000706000000, 0x0000000706200000, 0x0000000706200000|100%|HS|  |TAMS 0x0000000706000000| PB 0x0000000706000000| Complete |  0
|  11|0x0000000706200000, 0x0000000706400000, 0x0000000706400000|100%|HC|  |TAMS 0x0000000706200000| PB 0x0000000706200000| Complete |  0
|  12|0x0000000706400000, 0x0000000706600000, 0x0000000706600000|100%|HS|  |TAMS 0x0000000706400000| PB 0x0000000706400000| Complete |  0
|  13|0x0000000706600000, 0x0000000706800000, 0x0000000706800000|100%|HC|  |TAMS 0x0000000706600000| PB 0x0000000706600000| Complete |  0
|  14|0x0000000706800000, 0x0000000706a00000, 0x0000000706a00000|100%|HS|  |TAMS 0x0000000706800000| PB 0x0000000706800000| Complete |  0
|  15|0x0000000706a00000, 0x0000000706c00000, 0x0000000706c00000|100%|HC|  |TAMS 0x0000000706a00000| PB 0x0000000706a00000| Complete |  0
|  16|0x0000000706c00000, 0x0000000706e00000, 0x0000000706e00000|100%|HS|  |TAMS 0x0000000706c00000| PB 0x0000000706c00000| Complete |  0
|  17|0x0000000706e00000, 0x0000000707000000, 0x0000000707000000|100%|HC|  |TAMS 0x0000000706e00000| PB 0x0000000706e00000| Complete |  0
|  18|0x0000000707000000, 0x0000000707200000, 0x0000000707200000|100%|HS|  |TAMS 0x0000000707000000| PB 0x0000000707000000| Complete |  0
|  19|0x0000000707200000, 0x0000000707400000, 0x0000000707400000|100%|HC|  |TAMS 0x0000000707200000| PB 0x0000000707200000| Complete |  0
|  20|0x0000000707400000, 0x0000000707600000, 0x0000000707600000|100%|HS|  |TAMS 0x0000000707400000| PB 0x0000000707400000| Complete |  0
|  21|0x0000000707600000, 0x0000000707800000, 0x0000000707800000|100%|HC|  |TAMS 0x0000000707600000| PB 0x0000000707600000| Complete |  0
|  22|0x0000000707800000, 0x0000000707a00000, 0x0000000707a00000|100%|HS|  |TAMS 0x0000000707800000| PB 0x0000000707800000| Complete |  0
|  23|0x0000000707a00000, 0x0000000707c00000, 0x0000000707c00000|100%|HC|  |TAMS 0x0000000707a00000| PB 0x0000000707a00000| Complete |  0
|  24|0x0000000707c00000, 0x0000000707e00000, 0x0000000707e00000|100%|HS|  |TAMS 0x0000000707c00000| PB 0x0000000707c00000| Complete |  0
|  25|0x0000000707e00000, 0x0000000708000000, 0x0000000708000000|100%|HC|  |TAMS 0x0000000707e00000| PB 0x0000000707e00000| Complete |  0
|  26|0x0000000708000000, 0x0000000708200000, 0x0000000708200000|100%|HS|  |TAMS 0x0000000708000000| PB 0x0000000708000000| Complete |  0
|  27|0x0000000708200000, 0x0000000708400000, 0x0000000708400000|100%|HC|  |TAMS 0x0000000708200000| PB 0x0000000708200000| Complete |  0
|  28|0x0000000708400000, 0x0000000708600000, 0x0000000708600000|100%|HS|  |TAMS 0x0000000708400000| PB 0x0000000708400000| Complete |  0
|  29|0x0000000708600000, 0x0000000708800000, 0x0000000708800000|100%|HC|  |TAMS 0x0000000708600000| PB 0x0000000708600000| Complete |  0
|  30|0x0000000708800000, 0x0000000708a00000, 0x0000000708a00000|100%|HS|  |TAMS 0x0000000708800000| PB 0x0000000708800000| Complete |  0
|  31|0x0000000708a00000, 0x0000000708c00000, 0x0000000708c00000|100%|HC|  |TAMS 0x0000000708a00000| PB 0x0000000708a00000| Complete |  0
|  32|0x0000000708c00000, 0x0000000708e00000, 0x0000000708e00000|100%|HS|  |TAMS 0x0000000708c00000| PB 0x0000000708c00000| Complete |  0
|  33|0x0000000708e00000, 0x0000000709000000, 0x0000000709000000|100%|HC|  |TAMS 0x0000000708e00000| PB 0x0000000708e00000| Complete |  0
|  34|0x0000000709000000, 0x0000000709200000, 0x0000000709200000|100%|HS|  |TAMS 0x0000000709000000| PB 0x0000000709000000| Complete |  0
|  35|0x0000000709200000, 0x0000000709400000, 0x0000000709400000|100%|HC|  |TAMS 0x0000000709200000| PB 0x0000000709200000| Complete |  0
|  36|0x0000000709400000, 0x0000000709600000, 0x0000000709600000|100%|HS|  |TAMS 0x0000000709400000| PB 0x0000000709400000| Complete |  0
|  37|0x0000000709600000, 0x0000000709800000, 0x0000000709800000|100%|HC|  |TAMS 0x0000000709600000| PB 0x0000000709600000| Complete |  0
|  38|0x0000000709800000, 0x0000000709a00000, 0x0000000709a00000|100%|HS|  |TAMS 0x0000000709800000| PB 0x0000000709800000| Complete |  0
|  39|0x0000000709a00000, 0x0000000709c00000, 0x0000000709c00000|100%|HC|  |TAMS 0x0000000709a00000| PB 0x0000000709a00000| Complete |  0
|  40|0x0000000709c00000, 0x0000000709e00000, 0x0000000709e00000|100%|HS|  |TAMS 0x0000000709c00000| PB 0x0000000709c00000| Complete |  0
|  41|0x0000000709e00000, 0x000000070a000000, 0x000000070a000000|100%|HC|  |TAMS 0x0000000709e00000| PB 0x0000000709e00000| Complete |  0
|  42|0x000000070a000000, 0x000000070a200000, 0x000000070a200000|100%|HS|  |TAMS 0x000000070a000000| PB 0x000000070a000000| Complete |  0
|  43|0x000000070a200000, 0x000000070a400000, 0x000000070a400000|100%|HC|  |TAMS 0x000000070a200000| PB 0x000000070a200000| Complete |  0
|  44|0x000000070a400000, 0x000000070a600000, 0x000000070a600000|100%|HS|  |TAMS 0x000000070a400000| PB 0x000000070a400000| Complete |  0
|  45|0x000000070a600000, 0x000000070a800000, 0x000000070a800000|100%|HC|  |TAMS 0x000000070a600000| PB 0x000000070a600000| Complete |  0
|  46|0x000000070a800000, 0x000000070aa00000, 0x000000070aa00000|100%|HS|  |TAMS 0x000000070a800000| PB 0x000000070a800000| Complete |  0
|  47|0x000000070aa00000, 0x000000070ac00000, 0x000000070ac00000|100%|HC|  |TAMS 0x000000070aa00000| PB 0x000000070aa00000| Complete |  0
|  48|0x000000070ac00000, 0x000000070ae00000, 0x000000070ae00000|100%|HS|  |TAMS 0x000000070ac00000| PB 0x000000070ac00000| Complete |  0
|  49|0x000000070ae00000, 0x000000070b000000, 0x000000070b000000|100%|HC|  |TAMS 0x000000070ae00000| PB 0x000000070ae00000| Complete |  0
|  50|0x000000070b000000, 0x000000070b200000, 0x000000070b200000|100%|HS|  |TAMS 0x000000070b000000| PB 0x000000070b000000| Complete |  0
|  51|0x000000070b200000, 0x000000070b400000, 0x000000070b400000|100%|HC|  |TAMS 0x000000070b200000| PB 0x000000070b200000| Complete |  0
|  52|0x000000070b400000, 0x000000070b600000, 0x000000070b600000|100%|HS|  |TAMS 0x000000070b400000| PB 0x000000070b400000| Complete |  0
|  53|0x000000070b600000, 0x000000070b800000, 0x000000070b800000|100%|HC|  |TAMS 0x000000070b600000| PB 0x000000070b600000| Complete |  0
|  54|0x000000070b800000, 0x000000070ba00000, 0x000000070ba00000|100%|HS|  |TAMS 0x000000070b800000| PB 0x000000070b800000| Complete |  0
|  55|0x000000070ba00000, 0x000000070bc00000, 0x000000070bc00000|100%|HC|  |TAMS 0x000000070ba00000| PB 0x000000070ba00000| Complete |  0
|  56|0x000000070bc00000, 0x000000070be00000, 0x000000070be00000|100%|HS|  |TAMS 0x000000070bc00000| PB 0x000000070bc00000| Complete |  0
|  57|0x000000070be00000, 0x000000070c000000, 0x000000070c000000|100%|HC|  |TAMS 0x000000070be00000| PB 0x000000070be00000| Complete |  0
|  58|0x000000070c000000, 0x000000070c200000, 0x000000070c200000|100%|HS|  |TAMS 0x000000070c000000| PB 0x000000070c000000| Complete |  0
|  59|0x000000070c200000, 0x000000070c400000, 0x000000070c400000|100%|HC|  |TAMS 0x000000070c200000| PB 0x000000070c200000| Complete |  0
|  60|0x000000070c400000, 0x000000070c600000, 0x000000070c600000|100%|HS|  |TAMS 0x000000070c400000| PB 0x000000070c400000| Complete |  0
|  61|0x000000070c600000, 0x000000070c800000, 0x000000070c800000|100%|HC|  |TAMS 0x000000070c600000| PB 0x000000070c600000| Complete |  0
|  62|0x000000070c800000, 0x000000070ca00000, 0x000000070ca00000|100%|HS|  |TAMS 0x000000070c800000| PB 0x000000070c800000| Complete |  0
|  63|0x000000070ca00000, 0x000000070cc00000, 0x000000070cc00000|100%|HC|  |TAMS 0x000000070ca00000| PB 0x000000070ca00000| Complete |  0
|  64|0x000000070cc00000, 0x000000070ce00000, 0x000000070ce00000|100%|HS|  |TAMS 0x000000070cc00000| PB 0x000000070cc00000| Complete |  0
|  65|0x000000070ce00000, 0x000000070d000000, 0x000000070d000000|100%|HC|  |TAMS 0x000000070ce00000| PB 0x000000070ce00000| Complete |  0
|  66|0x000000070d000000, 0x000000070d200000, 0x000000070d200000|100%|HS|  |TAMS 0x000000070d000000| PB 0x000000070d000000| Complete |  0
|  67|0x000000070d200000, 0x000000070d400000, 0x000000070d400000|100%|HC|  |TAMS 0x000000070d200000| PB 0x000000070d200000| Complete |  0
|  68|0x000000070d400000, 0x000000070d600000, 0x000000070d600000|100%|HS|  |TAMS 0x000000070d400000| PB 0x000000070d400000| Complete |  0
|  69|0x000000070d600000, 0x000000070d800000, 0x000000070d800000|100%|HC|  |TAMS 0x000000070d600000| PB 0x000000070d600000| Complete |  0
|  70|0x000000070d800000, 0x000000070da00000, 0x000000070da00000|100%|HS|  |TAMS 0x000000070d800000| PB 0x000000070d800000| Complete |  0
|  71|0x000000070da00000, 0x000000070dc00000, 0x000000070dc00000|100%|HC|  |TAMS 0x000000070da00000| PB 0x000000070da00000| Complete |  0
|  72|0x000000070dc00000, 0x000000070de00000, 0x000000070de00000|100%|HS|  |TAMS 0x000000070dc00000| PB 0x000000070dc00000| Complete |  0
|  73|0x000000070de00000, 0x000000070e000000, 0x000000070e000000|100%|HC|  |TAMS 0x000000070de00000| PB 0x000000070de00000| Complete |  0
|  74|0x000000070e000000, 0x000000070e200000, 0x000000070e200000|100%|HS|  |TAMS 0x000000070e000000| PB 0x000000070e000000| Complete |  0
|  75|0x000000070e200000, 0x000000070e400000, 0x000000070e400000|100%|HC|  |TAMS 0x000000070e200000| PB 0x000000070e200000| Complete |  0
|  76|0x000000070e400000, 0x000000070e600000, 0x000000070e600000|100%|HS|  |TAMS 0x000000070e400000| PB 0x000000070e400000| Complete |  0
|  77|0x000000070e600000, 0x000000070e800000, 0x000000070e800000|100%|HC|  |TAMS 0x000000070e600000| PB 0x000000070e600000| Complete |  0
|  78|0x000000070e800000, 0x000000070ea00000, 0x000000070ea00000|100%|HS|  |TAMS 0x000000070e800000| PB 0x000000070e800000| Complete |  0
|  79|0x000000070ea00000, 0x000000070ec00000, 0x000000070ec00000|100%|HC|  |TAMS 0x000000070ea00000| PB 0x000000070ea00000| Complete |  0
|  80|0x000000070ec00000, 0x000000070ee00000, 0x000000070ee00000|100%|HS|  |TAMS 0x000000070ec00000| PB 0x000000070ec00000| Complete |  0
|  81|0x000000070ee00000, 0x000000070f000000, 0x000000070f000000|100%|HC|  |TAMS 0x000000070ee00000| PB 0x000000070ee00000| Complete |  0
|  82|0x000000070f000000, 0x000000070f200000, 0x000000070f200000|100%|HS|  |TAMS 0x000000070f000000| PB 0x000000070f000000| Complete |  0
|  83|0x000000070f200000, 0x000000070f400000, 0x000000070f400000|100%|HC|  |TAMS 0x000000070f200000| PB 0x000000070f200000| Complete |  0
|  84|0x000000070f400000, 0x000000070f600000, 0x000000070f600000|100%|HS|  |TAMS 0x000000070f400000| PB 0x000000070f400000| Complete |  0
|  85|0x000000070f600000, 0x000000070f800000, 0x000000070f800000|100%|HC|  |TAMS 0x000000070f600000| PB 0x000000070f600000| Complete |  0
|  86|0x000000070f800000, 0x000000070fa00000, 0x000000070fa00000|100%|HS|  |TAMS 0x000000070f800000| PB 0x000000070f800000| Complete |  0
|  87|0x000000070fa00000, 0x000000070fc00000, 0x000000070fc00000|100%|HC|  |TAMS 0x000000070fa00000| PB 0x000000070fa00000| Complete |  0
|  88|0x000000070fc00000, 0x000000070fe00000, 0x000000070fe00000|100%|HS|  |TAMS 0x000000070fc00000| PB 0x000000070fc00000| Complete |  0
|  89|0x000000070fe00000, 0x0000000710000000, 0x0000000710000000|100%|HC|  |TAMS 0x000000070fe00000| PB 0x000000070fe00000| Complete |  0
|  90|0x0000000710000000, 0x0000000710200000, 0x0000000710200000|100%|HS|  |TAMS 0x0000000710000000| PB 0x0000000710000000| Complete |  0
|  91|0x0000000710200000, 0x0000000710400000, 0x0000000710400000|100%|HC|  |TAMS 0x0000000710200000| PB 0x0000000710200000| Complete |  0
|  92|0x0000000710400000, 0x0000000710600000, 0x0000000710600000|100%|HS|  |TAMS 0x0000000710400000| PB 0x0000000710400000| Complete |  0
|  93|0x0000000710600000, 0x0000000710800000, 0x0000000710800000|100%|HC|  |TAMS 0x0000000710600000| PB 0x0000000710600000| Complete |  0
|  94|0x0000000710800000, 0x0000000710a00000, 0x0000000710a00000|100%|HS|  |TAMS 0x0000000710800000| PB 0x0000000710800000| Complete |  0
|  95|0x0000000710a00000, 0x0000000710c00000, 0x0000000710c00000|100%|HC|  |TAMS 0x0000000710a00000| PB 0x0000000710a00000| Complete |  0
|  96|0x0000000710c00000, 0x0000000710e00000, 0x0000000710e00000|100%|HS|  |TAMS 0x0000000710c00000| PB 0x0000000710c00000| Complete |  0
|  97|0x0000000710e00000, 0x0000000711000000, 0x0000000711000000|100%|HC|  |TAMS 0x0000000710e00000| PB 0x0000000710e00000| Complete |  0
|  98|0x0000000711000000, 0x0000000711200000, 0x0000000711200000|100%|HS|  |TAMS 0x0000000711000000| PB 0x0000000711000000| Complete |  0
|  99|0x0000000711200000, 0x0000000711400000, 0x0000000711400000|100%|HC|  |TAMS 0x0000000711200000| PB 0x0000000711200000| Complete |  0
| 100|0x0000000711400000, 0x0000000711600000, 0x0000000711600000|100%|HS|  |TAMS 0x0000000711400000| PB 0x0000000711400000| Complete |  0
| 101|0x0000000711600000, 0x0000000711800000, 0x0000000711800000|100%|HC|  |TAMS 0x0000000711600000| PB 0x0000000711600000| Complete |  0
| 102|0x0000000711800000, 0x0000000711a00000, 0x0000000711a00000|100%| S|CS|TAMS 0x0000000711800000| PB 0x0000000711800000| Complete |  0
| 103|0x0000000711a00000, 0x0000000711c00000, 0x0000000711c00000|100%|HS|  |TAMS 0x0000000711a00000| PB 0x0000000711a00000| Complete |  0
| 104|0x0000000711c00000, 0x0000000711e00000, 0x0000000711e00000|100%|HC|  |TAMS 0x0000000711c00000| PB 0x0000000711c00000| Complete |  0
| 105|0x0000000711e00000, 0x0000000712000000, 0x0000000712000000|100%|HS|  |TAMS 0x0000000711e00000| PB 0x0000000711e00000| Complete |  0
| 106|0x0000000712000000, 0x0000000712200000, 0x0000000712200000|100%|HC|  |TAMS 0x0000000712000000| PB 0x0000000712000000| Complete |  0
| 107|0x0000000712200000, 0x0000000712400000, 0x0000000712400000|100%|HS|  |TAMS 0x0000000712200000| PB 0x0000000712200000| Complete |  0
| 108|0x0000000712400000, 0x0000000712600000, 0x0000000712600000|100%|HC|  |TAMS 0x0000000712400000| PB 0x0000000712400000| Complete |  0
| 109|0x0000000712600000, 0x0000000712800000, 0x0000000712800000|100%|HS|  |TAMS 0x0000000712600000| PB 0x0000000712600000| Complete |  0
| 110|0x0000000712800000, 0x0000000712a00000, 0x0000000712a00000|100%|HC|  |TAMS 0x0000000712800000| PB 0x0000000712800000| Complete |  0
| 111|0x0000000712a00000, 0x0000000712c00000, 0x0000000712c00000|100%|HS|  |TAMS 0x0000000712a00000| PB 0x0000000712a00000| Complete |  0
| 112|0x0000000712c00000, 0x0000000712e00000, 0x0000000712e00000|100%|HC|  |TAMS 0x0000000712c00000| PB 0x0000000712c00000| Complete |  0
| 113|0x0000000712e00000, 0x0000000713000000, 0x0000000713000000|100%|HS|  |TAMS 0x0000000712e00000| PB 0x0000000712e00000| Complete |  0
| 114|0x0000000713000000, 0x0000000713200000, 0x0000000713200000|100%|HC|  |TAMS 0x0000000713000000| PB 0x0000000713000000| Complete |  0
| 115|0x0000000713200000, 0x0000000713400000, 0x0000000713400000|100%|HS|  |TAMS 0x0000000713200000| PB 0x0000000713200000| Complete |  0
| 116|0x0000000713400000, 0x0000000713600000, 0x0000000713600000|100%|HC|  |TAMS 0x0000000713400000| PB 0x0000000713400000| Complete |  0
| 117|0x0000000713600000, 0x0000000713800000, 0x0000000713800000|100%|HS|  |TAMS 0x0000000713600000| PB 0x0000000713600000| Complete |  0
| 118|0x0000000713800000, 0x0000000713a00000, 0x0000000713a00000|100%|HC|  |TAMS 0x0000000713800000| PB 0x0000000713800000| Complete |  0
| 119|0x0000000713a00000, 0x0000000713c00000, 0x0000000713c00000|100%|HS|  |TAMS 0x0000000713a00000| PB 0x0000000713a00000| Complete |  0
| 120|0x0000000713c00000, 0x0000000713e00000, 0x0000000713e00000|100%|HC|  |TAMS 0x0000000713c00000| PB 0x0000000713c00000| Complete |  0
| 121|0x0000000713e00000, 0x0000000714000000, 0x0000000714000000|100%|HS|  |TAMS 0x0000000713e00000| PB 0x0000000713e00000| Complete |  0
| 122|0x0000000714000000, 0x0000000714200000, 0x0000000714200000|100%|HC|  |TAMS 0x0000000714000000| PB 0x0000000714000000| Complete |  0
| 123|0x0000000714200000, 0x0000000714400000, 0x0000000714400000|100%|HS|  |TAMS 0x0000000714200000| PB 0x0000000714200000| Complete |  0
| 124|0x0000000714400000, 0x0000000714600000, 0x0000000714600000|100%|HC|  |TAMS 0x0000000714400000| PB 0x0000000714400000| Complete |  0
| 125|0x0000000714600000, 0x0000000714800000, 0x0000000714800000|100%|HS|  |TAMS 0x0000000714600000| PB 0x0000000714600000| Complete |  0
| 126|0x0000000714800000, 0x0000000714a00000, 0x0000000714a00000|100%|HC|  |TAMS 0x0000000714800000| PB 0x0000000714800000| Complete |  0
| 127|0x0000000714a00000, 0x0000000714c00000, 0x0000000714c00000|100%|HS|  |TAMS 0x0000000714a00000| PB 0x0000000714a00000| Complete |  0
| 128|0x0000000714c00000, 0x0000000714e00000, 0x0000000714e00000|100%|HC|  |TAMS 0x0000000714c00000| PB 0x0000000714c00000| Complete |  0
| 129|0x0000000714e00000, 0x0000000715000000, 0x0000000715000000|100%|HS|  |TAMS 0x0000000714e00000| PB 0x0000000714e00000| Complete |  0
| 130|0x0000000715000000, 0x0000000715200000, 0x0000000715200000|100%|HC|  |TAMS 0x0000000715000000| PB 0x0000000715000000| Complete |  0
| 131|0x0000000715200000, 0x0000000715400000, 0x0000000715400000|100%|HS|  |TAMS 0x0000000715200000| PB 0x0000000715200000| Complete |  0
| 132|0x0000000715400000, 0x0000000715600000, 0x0000000715600000|100%|HC|  |TAMS 0x0000000715400000| PB 0x0000000715400000| Complete |  0
| 133|0x0000000715600000, 0x0000000715800000, 0x0000000715800000|100%|HS|  |TAMS 0x0000000715600000| PB 0x0000000715600000| Complete |  0
| 134|0x0000000715800000, 0x0000000715a00000, 0x0000000715a00000|100%|HC|  |TAMS 0x0000000715800000| PB 0x0000000715800000| Complete |  0
| 135|0x0000000715a00000, 0x0000000715c00000, 0x0000000715c00000|100%|HS|  |TAMS 0x0000000715a00000| PB 0x0000000715a00000| Complete |  0
| 136|0x0000000715c00000, 0x0000000715e00000, 0x0000000715e00000|100%|HC|  |TAMS 0x0000000715c00000| PB 0x0000000715c00000| Complete |  0
| 137|0x0000000715e00000, 0x0000000716000000, 0x0000000716000000|100%|HS|  |TAMS 0x0000000715e00000| PB 0x0000000715e00000| Complete |  0
| 138|0x0000000716000000, 0x0000000716200000, 0x0000000716200000|100%|HC|  |TAMS 0x0000000716000000| PB 0x0000000716000000| Complete |  0
| 139|0x0000000716200000, 0x0000000716400000, 0x0000000716400000|100%|HS|  |TAMS 0x0000000716200000| PB 0x0000000716200000| Complete |  0
| 140|0x0000000716400000, 0x0000000716600000, 0x0000000716600000|100%|HC|  |TAMS 0x0000000716400000| PB 0x0000000716400000| Complete |  0
| 141|0x0000000716600000, 0x0000000716800000, 0x0000000716800000|100%|HS|  |TAMS 0x0000000716600000| PB 0x0000000716600000| Complete |  0
| 142|0x0000000716800000, 0x0000000716a00000, 0x0000000716a00000|100%|HC|  |TAMS 0x0000000716800000| PB 0x0000000716800000| Complete |  0
| 143|0x0000000716a00000, 0x0000000716c00000, 0x0000000716c00000|100%|HS|  |TAMS 0x0000000716a00000| PB 0x0000000716a00000| Complete |  0
| 144|0x0000000716c00000, 0x0000000716e00000, 0x0000000716e00000|100%|HC|  |TAMS 0x0000000716c00000| PB 0x0000000716c00000| Complete |  0
| 145|0x0000000716e00000, 0x0000000717000000, 0x0000000717000000|100%|HS|  |TAMS 0x0000000716e00000| PB 0x0000000716e00000| Complete |  0
| 146|0x0000000717000000, 0x0000000717200000, 0x0000000717200000|100%|HC|  |TAMS 0x0000000717000000| PB 0x0000000717000000| Complete |  0
| 147|0x0000000717200000, 0x0000000717400000, 0x0000000717400000|100%|HS|  |TAMS 0x0000000717200000| PB 0x0000000717200000| Complete |  0
| 148|0x0000000717400000, 0x0000000717600000, 0x0000000717600000|100%|HC|  |TAMS 0x0000000717400000| PB 0x0000000717400000| Complete |  0
| 149|0x0000000717600000, 0x0000000717800000, 0x0000000717800000|100%|HS|  |TAMS 0x0000000717600000| PB 0x0000000717600000| Complete |  0
| 150|0x0000000717800000, 0x0000000717a00000, 0x0000000717a00000|100%|HC|  |TAMS 0x0000000717800000| PB 0x0000000717800000| Complete |  0
| 151|0x0000000717a00000, 0x0000000717c00000, 0x0000000717c00000|100%|HS|  |TAMS 0x0000000717a00000| PB 0x0000000717a00000| Complete |  0
| 152|0x0000000717c00000, 0x0000000717e00000, 0x0000000717e00000|100%|HC|  |TAMS 0x0000000717c00000| PB 0x0000000717c00000| Complete |  0
| 153|0x0000000717e00000, 0x0000000718000000, 0x0000000718000000|100%|HS|  |TAMS 0x0000000717e00000| PB 0x0000000717e00000| Complete |  0
| 154|0x0000000718000000, 0x0000000718200000, 0x0000000718200000|100%|HC|  |TAMS 0x0000000718000000| PB 0x0000000718000000| Complete |  0
| 155|0x0000000718200000, 0x0000000718400000, 0x0000000718400000|100%|HS|  |TAMS 0x0000000718200000| PB 0x0000000718200000| Complete |  0
| 156|0x0000000718400000, 0x0000000718600000, 0x0000000718600000|100%|HC|  |TAMS 0x0000000718400000| PB 0x0000000718400000| Complete |  0
| 157|0x0000000718600000, 0x0000000718800000, 0x0000000718800000|100%|HS|  |TAMS 0x0000000718600000| PB 0x0000000718600000| Complete |  0
| 158|0x0000000718800000, 0x0000000718a00000, 0x0000000718a00000|100%|HC|  |TAMS 0x0000000718800000| PB 0x0000000718800000| Complete |  0
| 159|0x0000000718a00000, 0x0000000718c00000, 0x0000000718c00000|100%|HS|  |TAMS 0x0000000718a00000| PB 0x0000000718a00000| Complete |  0
| 160|0x0000000718c00000, 0x0000000718e00000, 0x0000000718e00000|100%|HC|  |TAMS 0x0000000718c00000| PB 0x0000000718c00000| Complete |  0
| 161|0x0000000718e00000, 0x0000000719000000, 0x0000000719000000|100%|HS|  |TAMS 0x0000000718e00000| PB 0x0000000718e00000| Complete |  0
| 162|0x0000000719000000, 0x0000000719200000, 0x0000000719200000|100%|HC|  |TAMS 0x0000000719000000| PB 0x0000000719000000| Complete |  0
| 163|0x0000000719200000, 0x0000000719400000, 0x0000000719400000|100%|HS|  |TAMS 0x0000000719200000| PB 0x0000000719200000| Complete |  0
| 164|0x0000000719400000, 0x0000000719600000, 0x0000000719600000|100%|HC|  |TAMS 0x0000000719400000| PB 0x0000000719400000| Complete |  0
| 165|0x0000000719600000, 0x0000000719800000, 0x0000000719800000|100%|HS|  |TAMS 0x0000000719600000| PB 0x0000000719600000| Complete |  0
| 166|0x0000000719800000, 0x0000000719a00000, 0x0000000719a00000|100%|HC|  |TAMS 0x0000000719800000| PB 0x0000000719800000| Complete |  0
| 167|0x0000000719a00000, 0x0000000719c00000, 0x0000000719c00000|100%|HS|  |TAMS 0x0000000719a00000| PB 0x0000000719a00000| Complete |  0
| 168|0x0000000719c00000, 0x0000000719e00000, 0x0000000719e00000|100%|HC|  |TAMS 0x0000000719c00000| PB 0x0000000719c00000| Complete |  0
| 169|0x0000000719e00000, 0x000000071a000000, 0x000000071a000000|100%|HS|  |TAMS 0x0000000719e00000| PB 0x0000000719e00000| Complete |  0
| 170|0x000000071a000000, 0x000000071a200000, 0x000000071a200000|100%|HC|  |TAMS 0x000000071a000000| PB 0x000000071a000000| Complete |  0
| 171|0x000000071a200000, 0x000000071a400000, 0x000000071a400000|100%|HS|  |TAMS 0x000000071a200000| PB 0x000000071a200000| Complete |  0
| 172|0x000000071a400000, 0x000000071a600000, 0x000000071a600000|100%|HC|  |TAMS 0x000000071a400000| PB 0x000000071a400000| Complete |  0
| 173|0x000000071a600000, 0x000000071a800000, 0x000000071a800000|100%|HS|  |TAMS 0x000000071a600000| PB 0x000000071a600000| Complete |  0
| 174|0x000000071a800000, 0x000000071aa00000, 0x000000071aa00000|100%|HC|  |TAMS 0x000000071a800000| PB 0x000000071a800000| Complete |  0
| 175|0x000000071aa00000, 0x000000071ac00000, 0x000000071ac00000|100%|HS|  |TAMS 0x000000071aa00000| PB 0x000000071aa00000| Complete |  0
| 176|0x000000071ac00000, 0x000000071ae00000, 0x000000071ae00000|100%|HC|  |TAMS 0x000000071ac00000| PB 0x000000071ac00000| Complete |  0
| 177|0x000000071ae00000, 0x000000071b000000, 0x000000071b000000|100%|HS|  |TAMS 0x000000071ae00000| PB 0x000000071ae00000| Complete |  0
| 178|0x000000071b000000, 0x000000071b200000, 0x000000071b200000|100%|HC|  |TAMS 0x000000071b000000| PB 0x000000071b000000| Complete |  0
| 179|0x000000071b200000, 0x000000071b400000, 0x000000071b400000|100%|HS|  |TAMS 0x000000071b200000| PB 0x000000071b200000| Complete |  0
| 180|0x000000071b400000, 0x000000071b600000, 0x000000071b600000|100%|HC|  |TAMS 0x000000071b400000| PB 0x000000071b400000| Complete |  0
| 181|0x000000071b600000, 0x000000071b800000, 0x000000071b800000|100%|HS|  |TAMS 0x000000071b600000| PB 0x000000071b600000| Complete |  0
| 182|0x000000071b800000, 0x000000071ba00000, 0x000000071ba00000|100%|HC|  |TAMS 0x000000071b800000| PB 0x000000071b800000| Complete |  0
| 183|0x000000071ba00000, 0x000000071bc00000, 0x000000071bc00000|100%|HS|  |TAMS 0x000000071ba00000| PB 0x000000071ba00000| Complete |  0
| 184|0x000000071bc00000, 0x000000071be00000, 0x000000071be00000|100%|HC|  |TAMS 0x000000071bc00000| PB 0x000000071bc00000| Complete |  0
| 185|0x000000071be00000, 0x000000071c000000, 0x000000071c000000|100%|HS|  |TAMS 0x000000071be00000| PB 0x000000071be00000| Complete |  0
| 186|0x000000071c000000, 0x000000071c200000, 0x000000071c200000|100%|HC|  |TAMS 0x000000071c000000| PB 0x000000071c000000| Complete |  0
| 187|0x000000071c200000, 0x000000071c400000, 0x000000071c400000|100%|HS|  |TAMS 0x000000071c200000| PB 0x000000071c200000| Complete |  0
| 188|0x000000071c400000, 0x000000071c600000, 0x000000071c600000|100%|HC|  |TAMS 0x000000071c400000| PB 0x000000071c400000| Complete |  0
| 189|0x000000071c600000, 0x000000071c800000, 0x000000071c800000|100%|HS|  |TAMS 0x000000071c600000| PB 0x000000071c600000| Complete |  0
| 190|0x000000071c800000, 0x000000071ca00000, 0x000000071ca00000|100%|HC|  |TAMS 0x000000071c800000| PB 0x000000071c800000| Complete |  0
| 191|0x000000071ca00000, 0x000000071cc00000, 0x000000071cc00000|100%|HS|  |TAMS 0x000000071ca00000| PB 0x000000071ca00000| Complete |  0
| 192|0x000000071cc00000, 0x000000071ce00000, 0x000000071ce00000|100%|HC|  |TAMS 0x000000071cc00000| PB 0x000000071cc00000| Complete |  0
| 193|0x000000071ce00000, 0x000000071d000000, 0x000000071d000000|100%|HS|  |TAMS 0x000000071ce00000| PB 0x000000071ce00000| Complete |  0
| 194|0x000000071d000000, 0x000000071d200000, 0x000000071d200000|100%|HC|  |TAMS 0x000000071d000000| PB 0x000000071d000000| Complete |  0
| 195|0x000000071d200000, 0x000000071d400000, 0x000000071d400000|100%|HS|  |TAMS 0x000000071d200000| PB 0x000000071d200000| Complete |  0
| 196|0x000000071d400000, 0x000000071d600000, 0x000000071d600000|100%|HC|  |TAMS 0x000000071d400000| PB 0x000000071d400000| Complete |  0
| 197|0x000000071d600000, 0x000000071d800000, 0x000000071d800000|100%|HS|  |TAMS 0x000000071d600000| PB 0x000000071d600000| Complete |  0
| 198|0x000000071d800000, 0x000000071da00000, 0x000000071da00000|100%|HC|  |TAMS 0x000000071d800000| PB 0x000000071d800000| Complete |  0
| 199|0x000000071da00000, 0x000000071dc00000, 0x000000071dc00000|100%|HS|  |TAMS 0x000000071da00000| PB 0x000000071da00000| Complete |  0
| 200|0x000000071dc00000, 0x000000071de00000, 0x000000071de00000|100%|HC|  |TAMS 0x000000071dc00000| PB 0x000000071dc00000| Complete |  0
| 201|0x000000071de00000, 0x000000071e000000, 0x000000071e000000|100%|HS|  |TAMS 0x000000071de00000| PB 0x000000071de00000| Complete |  0
| 202|0x000000071e000000, 0x000000071e200000, 0x000000071e200000|100%|HC|  |TAMS 0x000000071e000000| PB 0x000000071e000000| Complete |  0
| 203|0x000000071e200000, 0x000000071e400000, 0x000000071e400000|100%|HS|  |TAMS 0x000000071e200000| PB 0x000000071e200000| Complete |  0
| 204|0x000000071e400000, 0x000000071e600000, 0x000000071e600000|100%|HC|  |TAMS 0x000000071e400000| PB 0x000000071e400000| Complete |  0
| 205|0x000000071e600000, 0x000000071e800000, 0x000000071e800000|100%|HS|  |TAMS 0x000000071e600000| PB 0x000000071e600000| Complete |  0
| 206|0x000000071e800000, 0x000000071ea00000, 0x000000071ea00000|100%|HC|  |TAMS 0x000000071e800000| PB 0x000000071e800000| Complete |  0
| 207|0x000000071ea00000, 0x000000071ec00000, 0x000000071ec00000|100%|HS|  |TAMS 0x000000071ea00000| PB 0x000000071ea00000| Complete |  0
| 208|0x000000071ec00000, 0x000000071ee00000, 0x000000071ee00000|100%|HC|  |TAMS 0x000000071ec00000| PB 0x000000071ec00000| Complete |  0
| 209|0x000000071ee00000, 0x000000071f000000, 0x000000071f000000|100%|HS|  |TAMS 0x000000071ee00000| PB 0x000000071ee00000| Complete |  0
| 210|0x000000071f000000, 0x000000071f200000, 0x000000071f200000|100%|HC|  |TAMS 0x000000071f000000| PB 0x000000071f000000| Complete |  0
| 211|0x000000071f200000, 0x000000071f400000, 0x000000071f400000|100%|HS|  |TAMS 0x000000071f200000| PB 0x000000071f200000| Complete |  0
| 212|0x000000071f400000, 0x000000071f600000, 0x000000071f600000|100%|HC|  |TAMS 0x000000071f400000| PB 0x000000071f400000| Complete |  0
| 213|0x000000071f600000, 0x000000071f800000, 0x000000071f800000|100%|HS|  |TAMS 0x000000071f600000| PB 0x000000071f600000| Complete |  0
| 214|0x000000071f800000, 0x000000071fa00000, 0x000000071fa00000|100%|HC|  |TAMS 0x000000071f800000| PB 0x000000071f800000| Complete |  0
| 215|0x000000071fa00000, 0x000000071fc00000, 0x000000071fc00000|100%|HS|  |TAMS 0x000000071fa00000| PB 0x000000071fa00000| Complete |  0
| 216|0x000000071fc00000, 0x000000071fe00000, 0x000000071fe00000|100%|HC|  |TAMS 0x000000071fc00000| PB 0x000000071fc00000| Complete |  0
| 217|0x000000071fe00000, 0x0000000720000000, 0x0000000720000000|100%|HS|  |TAMS 0x000000071fe00000| PB 0x000000071fe00000| Complete |  0
| 218|0x0000000720000000, 0x0000000720200000, 0x0000000720200000|100%|HC|  |TAMS 0x0000000720000000| PB 0x0000000720000000| Complete |  0
| 219|0x0000000720200000, 0x0000000720400000, 0x0000000720400000|100%|HS|  |TAMS 0x0000000720200000| PB 0x0000000720200000| Complete |  0
| 220|0x0000000720400000, 0x0000000720600000, 0x0000000720600000|100%|HC|  |TAMS 0x0000000720400000| PB 0x0000000720400000| Complete |  0
| 221|0x0000000720600000, 0x0000000720800000, 0x0000000720800000|100%|HS|  |TAMS 0x0000000720600000| PB 0x0000000720600000| Complete |  0
| 222|0x0000000720800000, 0x0000000720a00000, 0x0000000720a00000|100%|HC|  |TAMS 0x0000000720800000| PB 0x0000000720800000| Complete |  0
| 223|0x0000000720a00000, 0x0000000720c00000, 0x0000000720c00000|100%|HS|  |TAMS 0x0000000720a00000| PB 0x0000000720a00000| Complete |  0
| 224|0x0000000720c00000, 0x0000000720e00000, 0x0000000720e00000|100%|HC|  |TAMS 0x0000000720c00000| PB 0x0000000720c00000| Complete |  0
| 225|0x0000000720e00000, 0x0000000721000000, 0x0000000721000000|100%|HS|  |TAMS 0x0000000720e00000| PB 0x0000000720e00000| Complete |  0
| 226|0x0000000721000000, 0x0000000721200000, 0x0000000721200000|100%|HC|  |TAMS 0x0000000721000000| PB 0x0000000721000000| Complete |  0
| 227|0x0000000721200000, 0x0000000721400000, 0x0000000721400000|100%|HS|  |TAMS 0x0000000721200000| PB 0x0000000721200000| Complete |  0
| 228|0x0000000721400000, 0x0000000721600000, 0x0000000721600000|100%|HC|  |TAMS 0x0000000721400000| PB 0x0000000721400000| Complete |  0
| 229|0x0000000721600000, 0x0000000721800000, 0x0000000721800000|100%|HS|  |TAMS 0x0000000721600000| PB 0x0000000721600000| Complete |  0
| 230|0x0000000721800000, 0x0000000721a00000, 0x0000000721a00000|100%|HC|  |TAMS 0x0000000721800000| PB 0x0000000721800000| Complete |  0
| 231|0x0000000721a00000, 0x0000000721c00000, 0x0000000721c00000|100%|HS|  |TAMS 0x0000000721a00000| PB 0x0000000721a00000| Complete |  0
| 232|0x0000000721c00000, 0x0000000721e00000, 0x0000000721e00000|100%|HC|  |TAMS 0x0000000721c00000| PB 0x0000000721c00000| Complete |  0
| 233|0x0000000721e00000, 0x0000000722000000, 0x0000000722000000|100%|HS|  |TAMS 0x0000000721e00000| PB 0x0000000721e00000| Complete |  0
| 234|0x0000000722000000, 0x0000000722200000, 0x0000000722200000|100%|HC|  |TAMS 0x0000000722000000| PB 0x0000000722000000| Complete |  0
| 235|0x0000000722200000, 0x0000000722400000, 0x0000000722400000|100%|HS|  |TAMS 0x0000000722200000| PB 0x0000000722200000| Complete |  0
| 236|0x0000000722400000, 0x0000000722600000, 0x0000000722600000|100%|HC|  |TAMS 0x0000000722400000| PB 0x0000000722400000| Complete |  0
| 237|0x0000000722600000, 0x0000000722800000, 0x0000000722800000|100%|HS|  |TAMS 0x0000000722600000| PB 0x0000000722600000| Complete |  0
| 238|0x0000000722800000, 0x0000000722a00000, 0x0000000722a00000|100%|HC|  |TAMS 0x0000000722800000| PB 0x0000000722800000| Complete |  0
| 239|0x0000000722a00000, 0x0000000722c00000, 0x0000000722c00000|100%|HS|  |TAMS 0x0000000722a00000| PB 0x0000000722a00000| Complete |  0
| 240|0x0000000722c00000, 0x0000000722e00000, 0x0000000722e00000|100%|HC|  |TAMS 0x0000000722c00000| PB 0x0000000722c00000| Complete |  0
| 241|0x0000000722e00000, 0x0000000723000000, 0x0000000723000000|100%|HS|  |TAMS 0x0000000722e00000| PB 0x0000000722e00000| Complete |  0
| 242|0x0000000723000000, 0x0000000723200000, 0x0000000723200000|100%|HC|  |TAMS 0x0000000723000000| PB 0x0000000723000000| Complete |  0
| 243|0x0000000723200000, 0x0000000723400000, 0x0000000723400000|100%|HS|  |TAMS 0x0000000723200000| PB 0x0000000723200000| Complete |  0
| 244|0x0000000723400000, 0x0000000723600000, 0x0000000723600000|100%|HC|  |TAMS 0x0000000723400000| PB 0x0000000723400000| Complete |  0
| 245|0x0000000723600000, 0x0000000723800000, 0x0000000723800000|100%|HS|  |TAMS 0x0000000723600000| PB 0x0000000723600000| Complete |  0
| 246|0x0000000723800000, 0x0000000723a00000, 0x0000000723a00000|100%|HC|  |TAMS 0x0000000723800000| PB 0x0000000723800000| Complete |  0
| 247|0x0000000723a00000, 0x0000000723c00000, 0x0000000723c00000|100%|HS|  |TAMS 0x0000000723a00000| PB 0x0000000723a00000| Complete |  0
| 248|0x0000000723c00000, 0x0000000723e00000, 0x0000000723e00000|100%|HC|  |TAMS 0x0000000723c00000| PB 0x0000000723c00000| Complete |  0
| 249|0x0000000723e00000, 0x0000000724000000, 0x0000000724000000|100%|HS|  |TAMS 0x0000000723e00000| PB 0x0000000723e00000| Complete |  0
| 250|0x0000000724000000, 0x0000000724200000, 0x0000000724200000|100%|HC|  |TAMS 0x0000000724000000| PB 0x0000000724000000| Complete |  0
| 251|0x0000000724200000, 0x0000000724400000, 0x0000000724400000|100%|HS|  |TAMS 0x0000000724200000| PB 0x0000000724200000| Complete |  0
| 252|0x0000000724400000, 0x0000000724600000, 0x0000000724600000|100%|HC|  |TAMS 0x0000000724400000| PB 0x0000000724400000| Complete |  0
| 253|0x0000000724600000, 0x0000000724800000, 0x0000000724800000|100%|HS|  |TAMS 0x0000000724600000| PB 0x0000000724600000| Complete |  0
| 254|0x0000000724800000, 0x0000000724a00000, 0x0000000724a00000|100%|HC|  |TAMS 0x0000000724800000| PB 0x0000000724800000| Complete |  0
| 255|0x0000000724a00000, 0x0000000724c00000, 0x0000000724c00000|100%|HS|  |TAMS 0x0000000724a00000| PB 0x0000000724a00000| Complete |  0
| 256|0x0000000724c00000, 0x0000000724e00000, 0x0000000724e00000|100%|HC|  |TAMS 0x0000000724c00000| PB 0x0000000724c00000| Complete |  0
| 257|0x0000000724e00000, 0x0000000725000000, 0x0000000725000000|100%|HS|  |TAMS 0x0000000724e00000| PB 0x0000000724e00000| Complete |  0
| 258|0x0000000725000000, 0x0000000725200000, 0x0000000725200000|100%|HC|  |TAMS 0x0000000725000000| PB 0x0000000725000000| Complete |  0
| 259|0x0000000725200000, 0x0000000725400000, 0x0000000725400000|100%|HS|  |TAMS 0x0000000725200000| PB 0x0000000725200000| Complete |  0
| 260|0x0000000725400000, 0x0000000725600000, 0x0000000725600000|100%|HC|  |TAMS 0x0000000725400000| PB 0x0000000725400000| Complete |  0
| 261|0x0000000725600000, 0x0000000725800000, 0x0000000725800000|100%|HS|  |TAMS 0x0000000725600000| PB 0x0000000725600000| Complete |  0
| 262|0x0000000725800000, 0x0000000725a00000, 0x0000000725a00000|100%|HC|  |TAMS 0x0000000725800000| PB 0x0000000725800000| Complete |  0
| 263|0x0000000725a00000, 0x0000000725c00000, 0x0000000725c00000|100%|HS|  |TAMS 0x0000000725a00000| PB 0x0000000725a00000| Complete |  0
| 264|0x0000000725c00000, 0x0000000725e00000, 0x0000000725e00000|100%|HC|  |TAMS 0x0000000725c00000| PB 0x0000000725c00000| Complete |  0
| 265|0x0000000725e00000, 0x0000000726000000, 0x0000000726000000|100%|HS|  |TAMS 0x0000000725e00000| PB 0x0000000725e00000| Complete |  0
| 266|0x0000000726000000, 0x0000000726200000, 0x0000000726200000|100%|HC|  |TAMS 0x0000000726000000| PB 0x0000000726000000| Complete |  0
| 267|0x0000000726200000, 0x0000000726400000, 0x0000000726400000|100%|HS|  |TAMS 0x0000000726200000| PB 0x0000000726200000| Complete |  0
| 268|0x0000000726400000, 0x0000000726600000, 0x0000000726600000|100%|HC|  |TAMS 0x0000000726400000| PB 0x0000000726400000| Complete |  0
| 269|0x0000000726600000, 0x0000000726800000, 0x0000000726800000|100%|HS|  |TAMS 0x0000000726600000| PB 0x0000000726600000| Complete |  0
| 270|0x0000000726800000, 0x0000000726a00000, 0x0000000726a00000|100%|HC|  |TAMS 0x0000000726800000| PB 0x0000000726800000| Complete |  0
| 271|0x0000000726a00000, 0x0000000726c00000, 0x0000000726c00000|100%|HS|  |TAMS 0x0000000726a00000| PB 0x0000000726a00000| Complete |  0
| 272|0x0000000726c00000, 0x0000000726e00000, 0x0000000726e00000|100%|HC|  |TAMS 0x0000000726c00000| PB 0x0000000726c00000| Complete |  0
| 273|0x0000000726e00000, 0x0000000727000000, 0x0000000727000000|100%|HS|  |TAMS 0x0000000726e00000| PB 0x0000000726e00000| Complete |  0
| 274|0x0000000727000000, 0x0000000727200000, 0x0000000727200000|100%|HC|  |TAMS 0x0000000727000000| PB 0x0000000727000000| Complete |  0
| 275|0x0000000727200000, 0x0000000727400000, 0x0000000727400000|100%|HS|  |TAMS 0x0000000727200000| PB 0x0000000727200000| Complete |  0
| 276|0x0000000727400000, 0x0000000727600000, 0x0000000727600000|100%|HC|  |TAMS 0x0000000727400000| PB 0x0000000727400000| Complete |  0
| 277|0x0000000727600000, 0x0000000727800000, 0x0000000727800000|100%|HS|  |TAMS 0x0000000727600000| PB 0x0000000727600000| Complete |  0
| 278|0x0000000727800000, 0x0000000727a00000, 0x0000000727a00000|100%|HC|  |TAMS 0x0000000727800000| PB 0x0000000727800000| Complete |  0
| 279|0x0000000727a00000, 0x0000000727c00000, 0x0000000727c00000|100%|HS|  |TAMS 0x0000000727a00000| PB 0x0000000727a00000| Complete |  0
| 280|0x0000000727c00000, 0x0000000727e00000, 0x0000000727e00000|100%|HC|  |TAMS 0x0000000727c00000| PB 0x0000000727c00000| Complete |  0
| 281|0x0000000727e00000, 0x0000000728000000, 0x0000000728000000|100%|HS|  |TAMS 0x0000000727e00000| PB 0x0000000727e00000| Complete |  0
| 282|0x0000000728000000, 0x0000000728200000, 0x0000000728200000|100%|HC|  |TAMS 0x0000000728000000| PB 0x0000000728000000| Complete |  0
| 283|0x0000000728200000, 0x0000000728400000, 0x0000000728400000|100%|HS|  |TAMS 0x0000000728200000| PB 0x0000000728200000| Complete |  0
| 284|0x0000000728400000, 0x0000000728600000, 0x0000000728600000|100%|HC|  |TAMS 0x0000000728400000| PB 0x0000000728400000| Complete |  0
| 285|0x0000000728600000, 0x0000000728800000, 0x0000000728800000|100%|HS|  |TAMS 0x0000000728600000| PB 0x0000000728600000| Complete |  0
| 286|0x0000000728800000, 0x0000000728a00000, 0x0000000728a00000|100%|HC|  |TAMS 0x0000000728800000| PB 0x0000000728800000| Complete |  0
| 287|0x0000000728a00000, 0x0000000728c00000, 0x0000000728c00000|100%|HS|  |TAMS 0x0000000728a00000| PB 0x0000000728a00000| Complete |  0
| 288|0x0000000728c00000, 0x0000000728e00000, 0x0000000728e00000|100%|HC|  |TAMS 0x0000000728c00000| PB 0x0000000728c00000| Complete |  0
| 289|0x0000000728e00000, 0x0000000729000000, 0x0000000729000000|100%|HS|  |TAMS 0x0000000728e00000| PB 0x0000000728e00000| Complete |  0
| 290|0x0000000729000000, 0x0000000729200000, 0x0000000729200000|100%|HC|  |TAMS 0x0000000729000000| PB 0x0000000729000000| Complete |  0
| 291|0x0000000729200000, 0x0000000729400000, 0x0000000729400000|100%|HS|  |TAMS 0x0000000729200000| PB 0x0000000729200000| Complete |  0
| 292|0x0000000729400000, 0x0000000729600000, 0x0000000729600000|100%|HC|  |TAMS 0x0000000729400000| PB 0x0000000729400000| Complete |  0
| 293|0x0000000729600000, 0x0000000729800000, 0x0000000729800000|100%|HS|  |TAMS 0x0000000729600000| PB 0x0000000729600000| Complete |  0
| 294|0x0000000729800000, 0x0000000729a00000, 0x0000000729a00000|100%|HC|  |TAMS 0x0000000729800000| PB 0x0000000729800000| Complete |  0
| 295|0x0000000729a00000, 0x0000000729c00000, 0x0000000729c00000|100%|HS|  |TAMS 0x0000000729a00000| PB 0x0000000729a00000| Complete |  0
| 296|0x0000000729c00000, 0x0000000729e00000, 0x0000000729e00000|100%|HC|  |TAMS 0x0000000729c00000| PB 0x0000000729c00000| Complete |  0
| 297|0x0000000729e00000, 0x000000072a000000, 0x000000072a000000|100%|HS|  |TAMS 0x0000000729e00000| PB 0x0000000729e00000| Complete |  0
| 298|0x000000072a000000, 0x000000072a200000, 0x000000072a200000|100%|HC|  |TAMS 0x000000072a000000| PB 0x000000072a000000| Complete |  0
| 299|0x000000072a200000, 0x000000072a400000, 0x000000072a400000|100%|HS|  |TAMS 0x000000072a200000| PB 0x000000072a200000| Complete |  0
| 300|0x000000072a400000, 0x000000072a600000, 0x000000072a600000|100%|HC|  |TAMS 0x000000072a400000| PB 0x000000072a400000| Complete |  0
| 301|0x000000072a600000, 0x000000072a800000, 0x000000072a800000|100%|HS|  |TAMS 0x000000072a600000| PB 0x000000072a600000| Complete |  0
| 302|0x000000072a800000, 0x000000072aa00000, 0x000000072aa00000|100%|HC|  |TAMS 0x000000072a800000| PB 0x000000072a800000| Complete |  0
| 303|0x000000072aa00000, 0x000000072ac00000, 0x000000072ac00000|100%|HS|  |TAMS 0x000000072aa00000| PB 0x000000072aa00000| Complete |  0
| 304|0x000000072ac00000, 0x000000072ae00000, 0x000000072ae00000|100%|HC|  |TAMS 0x000000072ac00000| PB 0x000000072ac00000| Complete |  0
| 305|0x000000072ae00000, 0x000000072b000000, 0x000000072b000000|100%|HS|  |TAMS 0x000000072ae00000| PB 0x000000072ae00000| Complete |  0
| 306|0x000000072b000000, 0x000000072b200000, 0x000000072b200000|100%|HC|  |TAMS 0x000000072b000000| PB 0x000000072b000000| Complete |  0
| 307|0x000000072b200000, 0x000000072b400000, 0x000000072b400000|100%|HS|  |TAMS 0x000000072b200000| PB 0x000000072b200000| Complete |  0
| 308|0x000000072b400000, 0x000000072b600000, 0x000000072b600000|100%|HC|  |TAMS 0x000000072b400000| PB 0x000000072b400000| Complete |  0
| 309|0x000000072b600000, 0x000000072b800000, 0x000000072b800000|100%|HS|  |TAMS 0x000000072b600000| PB 0x000000072b600000| Complete |  0
| 310|0x000000072b800000, 0x000000072ba00000, 0x000000072ba00000|100%|HC|  |TAMS 0x000000072b800000| PB 0x000000072b800000| Complete |  0
| 311|0x000000072ba00000, 0x000000072bc00000, 0x000000072bc00000|100%|HS|  |TAMS 0x000000072ba00000| PB 0x000000072ba00000| Complete |  0
| 312|0x000000072bc00000, 0x000000072be00000, 0x000000072be00000|100%|HC|  |TAMS 0x000000072bc00000| PB 0x000000072bc00000| Complete |  0
| 313|0x000000072be00000, 0x000000072c000000, 0x000000072c000000|100%|HS|  |TAMS 0x000000072be00000| PB 0x000000072be00000| Complete |  0
| 314|0x000000072c000000, 0x000000072c200000, 0x000000072c200000|100%|HC|  |TAMS 0x000000072c000000| PB 0x000000072c000000| Complete |  0
| 315|0x000000072c200000, 0x000000072c400000, 0x000000072c400000|100%|HS|  |TAMS 0x000000072c200000| PB 0x000000072c200000| Complete |  0
| 316|0x000000072c400000, 0x000000072c600000, 0x000000072c600000|100%|HC|  |TAMS 0x000000072c400000| PB 0x000000072c400000| Complete |  0
| 317|0x000000072c600000, 0x000000072c800000, 0x000000072c800000|100%|HS|  |TAMS 0x000000072c600000| PB 0x000000072c600000| Complete |  0
| 318|0x000000072c800000, 0x000000072ca00000, 0x000000072ca00000|100%|HC|  |TAMS 0x000000072c800000| PB 0x000000072c800000| Complete |  0
| 319|0x000000072ca00000, 0x000000072cc00000, 0x000000072cc00000|100%|HS|  |TAMS 0x000000072ca00000| PB 0x000000072ca00000| Complete |  0
| 320|0x000000072cc00000, 0x000000072ce00000, 0x000000072ce00000|100%|HC|  |TAMS 0x000000072cc00000| PB 0x000000072cc00000| Complete |  0
| 321|0x000000072ce00000, 0x000000072d000000, 0x000000072d000000|100%|HS|  |TAMS 0x000000072ce00000| PB 0x000000072ce00000| Complete |  0
| 322|0x000000072d000000, 0x000000072d200000, 0x000000072d200000|100%|HC|  |TAMS 0x000000072d000000| PB 0x000000072d000000| Complete |  0
| 323|0x000000072d200000, 0x000000072d400000, 0x000000072d400000|100%|HS|  |TAMS 0x000000072d200000| PB 0x000000072d200000| Complete |  0
| 324|0x000000072d400000, 0x000000072d600000, 0x000000072d600000|100%|HC|  |TAMS 0x000000072d400000| PB 0x000000072d400000| Complete |  0
| 325|0x000000072d600000, 0x000000072d800000, 0x000000072d800000|100%|HS|  |TAMS 0x000000072d600000| PB 0x000000072d600000| Complete |  0
| 326|0x000000072d800000, 0x000000072da00000, 0x000000072da00000|100%|HC|  |TAMS 0x000000072d800000| PB 0x000000072d800000| Complete |  0
| 327|0x000000072da00000, 0x000000072dc00000, 0x000000072dc00000|100%|HS|  |TAMS 0x000000072da00000| PB 0x000000072da00000| Complete |  0
| 328|0x000000072dc00000, 0x000000072de00000, 0x000000072de00000|100%|HC|  |TAMS 0x000000072dc00000| PB 0x000000072dc00000| Complete |  0
| 329|0x000000072de00000, 0x000000072e000000, 0x000000072e000000|100%|HS|  |TAMS 0x000000072de00000| PB 0x000000072de00000| Complete |  0
| 330|0x000000072e000000, 0x000000072e200000, 0x000000072e200000|100%|HC|  |TAMS 0x000000072e000000| PB 0x000000072e000000| Complete |  0
| 331|0x000000072e200000, 0x000000072e400000, 0x000000072e400000|100%|HS|  |TAMS 0x000000072e200000| PB 0x000000072e200000| Complete |  0
| 332|0x000000072e400000, 0x000000072e600000, 0x000000072e600000|100%|HC|  |TAMS 0x000000072e400000| PB 0x000000072e400000| Complete |  0
| 333|0x000000072e600000, 0x000000072e800000, 0x000000072e800000|100%|HS|  |TAMS 0x000000072e600000| PB 0x000000072e600000| Complete |  0
| 334|0x000000072e800000, 0x000000072ea00000, 0x000000072ea00000|100%|HC|  |TAMS 0x000000072e800000| PB 0x000000072e800000| Complete |  0
| 335|0x000000072ea00000, 0x000000072ec00000, 0x000000072ec00000|100%|HS|  |TAMS 0x000000072ea00000| PB 0x000000072ea00000| Complete |  0
| 336|0x000000072ec00000, 0x000000072ee00000, 0x000000072ee00000|100%|HC|  |TAMS 0x000000072ec00000| PB 0x000000072ec00000| Complete |  0
| 337|0x000000072ee00000, 0x000000072f000000, 0x000000072f000000|100%|HS|  |TAMS 0x000000072ee00000| PB 0x000000072ee00000| Complete |  0
| 338|0x000000072f000000, 0x000000072f200000, 0x000000072f200000|100%|HC|  |TAMS 0x000000072f000000| PB 0x000000072f000000| Complete |  0
| 339|0x000000072f200000, 0x000000072f400000, 0x000000072f400000|100%|HS|  |TAMS 0x000000072f200000| PB 0x000000072f200000| Complete |  0
| 340|0x000000072f400000, 0x000000072f600000, 0x000000072f600000|100%|HC|  |TAMS 0x000000072f400000| PB 0x000000072f400000| Complete |  0
| 341|0x000000072f600000, 0x000000072f800000, 0x000000072f800000|100%|HS|  |TAMS 0x000000072f600000| PB 0x000000072f600000| Complete |  0
| 342|0x000000072f800000, 0x000000072fa00000, 0x000000072fa00000|100%|HC|  |TAMS 0x000000072f800000| PB 0x000000072f800000| Complete |  0
| 343|0x000000072fa00000, 0x000000072fc00000, 0x000000072fc00000|100%|HS|  |TAMS 0x000000072fa00000| PB 0x000000072fa00000| Complete |  0
| 344|0x000000072fc00000, 0x000000072fe00000, 0x000000072fe00000|100%|HC|  |TAMS 0x000000072fc00000| PB 0x000000072fc00000| Complete |  0
| 345|0x000000072fe00000, 0x0000000730000000, 0x0000000730000000|100%|HS|  |TAMS 0x000000072fe00000| PB 0x000000072fe00000| Complete |  0
| 346|0x0000000730000000, 0x0000000730200000, 0x0000000730200000|100%|HC|  |TAMS 0x0000000730000000| PB 0x0000000730000000| Complete |  0
| 347|0x0000000730200000, 0x0000000730400000, 0x0000000730400000|100%|HS|  |TAMS 0x0000000730200000| PB 0x0000000730200000| Complete |  0
| 348|0x0000000730400000, 0x0000000730600000, 0x0000000730600000|100%|HC|  |TAMS 0x0000000730400000| PB 0x0000000730400000| Complete |  0
| 349|0x0000000730600000, 0x0000000730800000, 0x0000000730800000|100%|HS|  |TAMS 0x0000000730600000| PB 0x0000000730600000| Complete |  0
| 350|0x0000000730800000, 0x0000000730a00000, 0x0000000730a00000|100%|HC|  |TAMS 0x0000000730800000| PB 0x0000000730800000| Complete |  0
| 351|0x0000000730a00000, 0x0000000730c00000, 0x0000000730c00000|100%|HS|  |TAMS 0x0000000730a00000| PB 0x0000000730a00000| Complete |  0
| 352|0x0000000730c00000, 0x0000000730e00000, 0x0000000730e00000|100%|HC|  |TAMS 0x0000000730c00000| PB 0x0000000730c00000| Complete |  0
| 353|0x0000000730e00000, 0x0000000731000000, 0x0000000731000000|100%|HS|  |TAMS 0x0000000730e00000| PB 0x0000000730e00000| Complete |  0
| 354|0x0000000731000000, 0x0000000731200000, 0x0000000731200000|100%|HC|  |TAMS 0x0000000731000000| PB 0x0000000731000000| Complete |  0
| 355|0x0000000731200000, 0x0000000731400000, 0x0000000731400000|100%|HS|  |TAMS 0x0000000731200000| PB 0x0000000731200000| Complete |  0
| 356|0x0000000731400000, 0x0000000731600000, 0x0000000731600000|100%|HC|  |TAMS 0x0000000731400000| PB 0x0000000731400000| Complete |  0
| 357|0x0000000731600000, 0x0000000731800000, 0x0000000731800000|100%|HS|  |TAMS 0x0000000731600000| PB 0x0000000731600000| Complete |  0
| 358|0x0000000731800000, 0x0000000731a00000, 0x0000000731a00000|100%|HC|  |TAMS 0x0000000731800000| PB 0x0000000731800000| Complete |  0
| 359|0x0000000731a00000, 0x0000000731c00000, 0x0000000731c00000|100%|HS|  |TAMS 0x0000000731a00000| PB 0x0000000731a00000| Complete |  0
| 360|0x0000000731c00000, 0x0000000731e00000, 0x0000000731e00000|100%|HC|  |TAMS 0x0000000731c00000| PB 0x0000000731c00000| Complete |  0
| 361|0x0000000731e00000, 0x0000000732000000, 0x0000000732000000|100%|HS|  |TAMS 0x0000000731e00000| PB 0x0000000731e00000| Complete |  0
| 362|0x0000000732000000, 0x0000000732200000, 0x0000000732200000|100%|HC|  |TAMS 0x0000000732000000| PB 0x0000000732000000| Complete |  0
| 363|0x0000000732200000, 0x0000000732400000, 0x0000000732400000|100%|HS|  |TAMS 0x0000000732200000| PB 0x0000000732200000| Complete |  0
| 364|0x0000000732400000, 0x0000000732600000, 0x0000000732600000|100%|HC|  |TAMS 0x0000000732400000| PB 0x0000000732400000| Complete |  0
| 365|0x0000000732600000, 0x0000000732800000, 0x0000000732800000|100%|HS|  |TAMS 0x0000000732600000| PB 0x0000000732600000| Complete |  0
| 366|0x0000000732800000, 0x0000000732a00000, 0x0000000732a00000|100%|HC|  |TAMS 0x0000000732800000| PB 0x0000000732800000| Complete |  0
| 367|0x0000000732a00000, 0x0000000732c00000, 0x0000000732c00000|100%|HS|  |TAMS 0x0000000732a00000| PB 0x0000000732a00000| Complete |  0
| 368|0x0000000732c00000, 0x0000000732e00000, 0x0000000732e00000|100%|HC|  |TAMS 0x0000000732c00000| PB 0x0000000732c00000| Complete |  0
| 369|0x0000000732e00000, 0x0000000733000000, 0x0000000733000000|100%|HS|  |TAMS 0x0000000732e00000| PB 0x0000000732e00000| Complete |  0
| 370|0x0000000733000000, 0x0000000733200000, 0x0000000733200000|100%|HC|  |TAMS 0x0000000733000000| PB 0x0000000733000000| Complete |  0
| 371|0x0000000733200000, 0x0000000733400000, 0x0000000733400000|100%|HS|  |TAMS 0x0000000733200000| PB 0x0000000733200000| Complete |  0
| 372|0x0000000733400000, 0x0000000733600000, 0x0000000733600000|100%|HC|  |TAMS 0x0000000733400000| PB 0x0000000733400000| Complete |  0
| 373|0x0000000733600000, 0x0000000733800000, 0x0000000733800000|100%|HS|  |TAMS 0x0000000733600000| PB 0x0000000733600000| Complete |  0
| 374|0x0000000733800000, 0x0000000733a00000, 0x0000000733a00000|100%|HC|  |TAMS 0x0000000733800000| PB 0x0000000733800000| Complete |  0
| 375|0x0000000733a00000, 0x0000000733c00000, 0x0000000733c00000|100%|HS|  |TAMS 0x0000000733a00000| PB 0x0000000733a00000| Complete |  0
| 376|0x0000000733c00000, 0x0000000733e00000, 0x0000000733e00000|100%|HC|  |TAMS 0x0000000733c00000| PB 0x0000000733c00000| Complete |  0
| 377|0x0000000733e00000, 0x0000000734000000, 0x0000000734000000|100%|HS|  |TAMS 0x0000000733e00000| PB 0x0000000733e00000| Complete |  0
| 378|0x0000000734000000, 0x0000000734200000, 0x0000000734200000|100%|HC|  |TAMS 0x0000000734000000| PB 0x0000000734000000| Complete |  0
| 379|0x0000000734200000, 0x0000000734400000, 0x0000000734400000|100%|HS|  |TAMS 0x0000000734200000| PB 0x0000000734200000| Complete |  0
| 380|0x0000000734400000, 0x0000000734600000, 0x0000000734600000|100%|HC|  |TAMS 0x0000000734400000| PB 0x0000000734400000| Complete |  0
| 381|0x0000000734600000, 0x0000000734800000, 0x0000000734800000|100%|HS|  |TAMS 0x0000000734600000| PB 0x0000000734600000| Complete |  0
| 382|0x0000000734800000, 0x0000000734a00000, 0x0000000734a00000|100%|HC|  |TAMS 0x0000000734800000| PB 0x0000000734800000| Complete |  0
| 383|0x0000000734a00000, 0x0000000734c00000, 0x0000000734c00000|100%|HS|  |TAMS 0x0000000734a00000| PB 0x0000000734a00000| Complete |  0
| 384|0x0000000734c00000, 0x0000000734e00000, 0x0000000734e00000|100%|HC|  |TAMS 0x0000000734c00000| PB 0x0000000734c00000| Complete |  0
| 385|0x0000000734e00000, 0x0000000735000000, 0x0000000735000000|100%|HS|  |TAMS 0x0000000734e00000| PB 0x0000000734e00000| Complete |  0
| 386|0x0000000735000000, 0x0000000735200000, 0x0000000735200000|100%|HC|  |TAMS 0x0000000735000000| PB 0x0000000735000000| Complete |  0
| 387|0x0000000735200000, 0x0000000735400000, 0x0000000735400000|100%|HS|  |TAMS 0x0000000735200000| PB 0x0000000735200000| Complete |  0
| 388|0x0000000735400000, 0x0000000735600000, 0x0000000735600000|100%|HC|  |TAMS 0x0000000735400000| PB 0x0000000735400000| Complete |  0
| 389|0x0000000735600000, 0x0000000735800000, 0x0000000735800000|100%|HS|  |TAMS 0x0000000735600000| PB 0x0000000735600000| Complete |  0
| 390|0x0000000735800000, 0x0000000735a00000, 0x0000000735a00000|100%|HC|  |TAMS 0x0000000735800000| PB 0x0000000735800000| Complete |  0
| 391|0x0000000735a00000, 0x0000000735c00000, 0x0000000735c00000|100%|HS|  |TAMS 0x0000000735a00000| PB 0x0000000735a00000| Complete |  0
| 392|0x0000000735c00000, 0x0000000735e00000, 0x0000000735e00000|100%|HC|  |TAMS 0x0000000735c00000| PB 0x0000000735c00000| Complete |  0
| 393|0x0000000735e00000, 0x0000000736000000, 0x0000000736000000|100%|HS|  |TAMS 0x0000000735e00000| PB 0x0000000735e00000| Complete |  0
| 394|0x0000000736000000, 0x0000000736200000, 0x0000000736200000|100%|HC|  |TAMS 0x0000000736000000| PB 0x0000000736000000| Complete |  0
| 395|0x0000000736200000, 0x0000000736400000, 0x0000000736400000|100%|HS|  |TAMS 0x0000000736200000| PB 0x0000000736200000| Complete |  0
| 396|0x0000000736400000, 0x0000000736600000, 0x0000000736600000|100%|HC|  |TAMS 0x0000000736400000| PB 0x0000000736400000| Complete |  0
| 397|0x0000000736600000, 0x0000000736800000, 0x0000000736800000|100%|HS|  |TAMS 0x0000000736600000| PB 0x0000000736600000| Complete |  0
| 398|0x0000000736800000, 0x0000000736a00000, 0x0000000736a00000|100%|HC|  |TAMS 0x0000000736800000| PB 0x0000000736800000| Complete |  0
| 399|0x0000000736a00000, 0x0000000736c00000, 0x0000000736c00000|100%|HS|  |TAMS 0x0000000736a00000| PB 0x0000000736a00000| Complete |  0
| 400|0x0000000736c00000, 0x0000000736e00000, 0x0000000736e00000|100%|HC|  |TAMS 0x0000000736c00000| PB 0x0000000736c00000| Complete |  0
| 401|0x0000000736e00000, 0x0000000737000000, 0x0000000737000000|100%|HS|  |TAMS 0x0000000736e00000| PB 0x0000000736e00000| Complete |  0
| 402|0x0000000737000000, 0x0000000737200000, 0x0000000737200000|100%|HC|  |TAMS 0x0000000737000000| PB 0x0000000737000000| Complete |  0
| 403|0x0000000737200000, 0x0000000737400000, 0x0000000737400000|100%|HS|  |TAMS 0x0000000737200000| PB 0x0000000737200000| Complete |  0
| 404|0x0000000737400000, 0x0000000737600000, 0x0000000737600000|100%|HC|  |TAMS 0x0000000737400000| PB 0x0000000737400000| Complete |  0
| 405|0x0000000737600000, 0x0000000737800000, 0x0000000737800000|100%|HS|  |TAMS 0x0000000737600000| PB 0x0000000737600000| Complete |  0
| 406|0x0000000737800000, 0x0000000737a00000, 0x0000000737a00000|100%|HC|  |TAMS 0x0000000737800000| PB 0x0000000737800000| Complete |  0
| 407|0x0000000737a00000, 0x0000000737c00000, 0x0000000737c00000|100%|HS|  |TAMS 0x0000000737a00000| PB 0x0000000737a00000| Complete |  0
| 408|0x0000000737c00000, 0x0000000737e00000, 0x0000000737e00000|100%|HC|  |TAMS 0x0000000737c00000| PB 0x0000000737c00000| Complete |  0
| 409|0x0000000737e00000, 0x0000000738000000, 0x0000000738000000|100%|HS|  |TAMS 0x0000000737e00000| PB 0x0000000737e00000| Complete |  0
| 410|0x0000000738000000, 0x0000000738200000, 0x0000000738200000|100%|HC|  |TAMS 0x0000000738000000| PB 0x0000000738000000| Complete |  0
| 411|0x0000000738200000, 0x0000000738400000, 0x0000000738400000|100%|HS|  |TAMS 0x0000000738200000| PB 0x0000000738200000| Complete |  0
| 412|0x0000000738400000, 0x0000000738600000, 0x0000000738600000|100%|HC|  |TAMS 0x0000000738400000| PB 0x0000000738400000| Complete |  0
| 413|0x0000000738600000, 0x0000000738800000, 0x0000000738800000|100%|HS|  |TAMS 0x0000000738600000| PB 0x0000000738600000| Complete |  0
| 414|0x0000000738800000, 0x0000000738a00000, 0x0000000738a00000|100%|HC|  |TAMS 0x0000000738800000| PB 0x0000000738800000| Complete |  0
| 415|0x0000000738a00000, 0x0000000738c00000, 0x0000000738c00000|100%|HS|  |TAMS 0x0000000738a00000| PB 0x0000000738a00000| Complete |  0
| 416|0x0000000738c00000, 0x0000000738e00000, 0x0000000738e00000|100%|HC|  |TAMS 0x0000000738c00000| PB 0x0000000738c00000| Complete |  0
| 417|0x0000000738e00000, 0x0000000739000000, 0x0000000739000000|100%|HS|  |TAMS 0x0000000738e00000| PB 0x0000000738e00000| Complete |  0
| 418|0x0000000739000000, 0x0000000739200000, 0x0000000739200000|100%|HC|  |TAMS 0x0000000739000000| PB 0x0000000739000000| Complete |  0
| 419|0x0000000739200000, 0x0000000739400000, 0x0000000739400000|100%|HS|  |TAMS 0x0000000739200000| PB 0x0000000739200000| Complete |  0
| 420|0x0000000739400000, 0x0000000739600000, 0x0000000739600000|100%|HC|  |TAMS 0x0000000739400000| PB 0x0000000739400000| Complete |  0
| 421|0x0000000739600000, 0x0000000739800000, 0x0000000739800000|100%|HS|  |TAMS 0x0000000739600000| PB 0x0000000739600000| Complete |  0
| 422|0x0000000739800000, 0x0000000739a00000, 0x0000000739a00000|100%|HC|  |TAMS 0x0000000739800000| PB 0x0000000739800000| Complete |  0
| 423|0x0000000739a00000, 0x0000000739c00000, 0x0000000739c00000|100%|HS|  |TAMS 0x0000000739a00000| PB 0x0000000739a00000| Complete |  0
| 424|0x0000000739c00000, 0x0000000739e00000, 0x0000000739e00000|100%|HC|  |TAMS 0x0000000739c00000| PB 0x0000000739c00000| Complete |  0
| 425|0x0000000739e00000, 0x000000073a000000, 0x000000073a000000|100%|HS|  |TAMS 0x0000000739e00000| PB 0x0000000739e00000| Complete |  0
| 426|0x000000073a000000, 0x000000073a200000, 0x000000073a200000|100%|HC|  |TAMS 0x000000073a000000| PB 0x000000073a000000| Complete |  0
| 427|0x000000073a200000, 0x000000073a400000, 0x000000073a400000|100%|HS|  |TAMS 0x000000073a200000| PB 0x000000073a200000| Complete |  0
| 428|0x000000073a400000, 0x000000073a600000, 0x000000073a600000|100%|HC|  |TAMS 0x000000073a400000| PB 0x000000073a400000| Complete |  0
| 429|0x000000073a600000, 0x000000073a800000, 0x000000073a800000|100%|HS|  |TAMS 0x000000073a600000| PB 0x000000073a600000| Complete |  0
| 430|0x000000073a800000, 0x000000073aa00000, 0x000000073aa00000|100%|HC|  |TAMS 0x000000073a800000| PB 0x000000073a800000| Complete |  0
| 431|0x000000073aa00000, 0x000000073ac00000, 0x000000073ac00000|100%|HS|  |TAMS 0x000000073aa00000| PB 0x000000073aa00000| Complete |  0
| 432|0x000000073ac00000, 0x000000073ae00000, 0x000000073ae00000|100%|HC|  |TAMS 0x000000073ac00000| PB 0x000000073ac00000| Complete |  0
| 433|0x000000073ae00000, 0x000000073b000000, 0x000000073b000000|100%|HS|  |TAMS 0x000000073ae00000| PB 0x000000073ae00000| Complete |  0
| 434|0x000000073b000000, 0x000000073b200000, 0x000000073b200000|100%|HC|  |TAMS 0x000000073b000000| PB 0x000000073b000000| Complete |  0
| 435|0x000000073b200000, 0x000000073b400000, 0x000000073b400000|100%|HS|  |TAMS 0x000000073b200000| PB 0x000000073b200000| Complete |  0
| 436|0x000000073b400000, 0x000000073b600000, 0x000000073b600000|100%|HC|  |TAMS 0x000000073b400000| PB 0x000000073b400000| Complete |  0
| 437|0x000000073b600000, 0x000000073b800000, 0x000000073b800000|100%|HS|  |TAMS 0x000000073b600000| PB 0x000000073b600000| Complete |  0
| 438|0x000000073b800000, 0x000000073ba00000, 0x000000073ba00000|100%|HC|  |TAMS 0x000000073b800000| PB 0x000000073b800000| Complete |  0
| 439|0x000000073ba00000, 0x000000073bc00000, 0x000000073bc00000|100%|HS|  |TAMS 0x000000073ba00000| PB 0x000000073ba00000| Complete |  0
| 440|0x000000073bc00000, 0x000000073be00000, 0x000000073be00000|100%|HC|  |TAMS 0x000000073bc00000| PB 0x000000073bc00000| Complete |  0
| 441|0x000000073be00000, 0x000000073c000000, 0x000000073c000000|100%|HS|  |TAMS 0x000000073be00000| PB 0x000000073be00000| Complete |  0
| 442|0x000000073c000000, 0x000000073c200000, 0x000000073c200000|100%|HC|  |TAMS 0x000000073c000000| PB 0x000000073c000000| Complete |  0
| 443|0x000000073c200000, 0x000000073c400000, 0x000000073c400000|100%|HS|  |TAMS 0x000000073c200000| PB 0x000000073c200000| Complete |  0
| 444|0x000000073c400000, 0x000000073c600000, 0x000000073c600000|100%|HC|  |TAMS 0x000000073c400000| PB 0x000000073c400000| Complete |  0
| 445|0x000000073c600000, 0x000000073c800000, 0x000000073c800000|100%|HS|  |TAMS 0x000000073c600000| PB 0x000000073c600000| Complete |  0
| 446|0x000000073c800000, 0x000000073ca00000, 0x000000073ca00000|100%|HC|  |TAMS 0x000000073c800000| PB 0x000000073c800000| Complete |  0
| 447|0x000000073ca00000, 0x000000073cc00000, 0x000000073cc00000|100%|HS|  |TAMS 0x000000073ca00000| PB 0x000000073ca00000| Complete |  0
| 448|0x000000073cc00000, 0x000000073ce00000, 0x000000073ce00000|100%|HC|  |TAMS 0x000000073cc00000| PB 0x000000073cc00000| Complete |  0
| 449|0x000000073ce00000, 0x000000073d000000, 0x000000073d000000|100%|HS|  |TAMS 0x000000073ce00000| PB 0x000000073ce00000| Complete |  0
| 450|0x000000073d000000, 0x000000073d200000, 0x000000073d200000|100%|HC|  |TAMS 0x000000073d000000| PB 0x000000073d000000| Complete |  0
| 451|0x000000073d200000, 0x000000073d400000, 0x000000073d400000|100%|HS|  |TAMS 0x000000073d200000| PB 0x000000073d200000| Complete |  0
| 452|0x000000073d400000, 0x000000073d600000, 0x000000073d600000|100%|HC|  |TAMS 0x000000073d400000| PB 0x000000073d400000| Complete |  0
| 453|0x000000073d600000, 0x000000073d800000, 0x000000073d800000|100%|HS|  |TAMS 0x000000073d600000| PB 0x000000073d600000| Complete |  0
| 454|0x000000073d800000, 0x000000073da00000, 0x000000073da00000|100%|HC|  |TAMS 0x000000073d800000| PB 0x000000073d800000| Complete |  0
| 455|0x000000073da00000, 0x000000073dc00000, 0x000000073dc00000|100%|HS|  |TAMS 0x000000073da00000| PB 0x000000073da00000| Complete |  0
| 456|0x000000073dc00000, 0x000000073de00000, 0x000000073de00000|100%|HC|  |TAMS 0x000000073dc00000| PB 0x000000073dc00000| Complete |  0
| 457|0x000000073de00000, 0x000000073e000000, 0x000000073e000000|100%|HS|  |TAMS 0x000000073de00000| PB 0x000000073de00000| Complete |  0
| 458|0x000000073e000000, 0x000000073e200000, 0x000000073e200000|100%|HC|  |TAMS 0x000000073e000000| PB 0x000000073e000000| Complete |  0
| 459|0x000000073e200000, 0x000000073e400000, 0x000000073e400000|100%|HS|  |TAMS 0x000000073e200000| PB 0x000000073e200000| Complete |  0
| 460|0x000000073e400000, 0x000000073e600000, 0x000000073e600000|100%|HC|  |TAMS 0x000000073e400000| PB 0x000000073e400000| Complete |  0
| 461|0x000000073e600000, 0x000000073e800000, 0x000000073e800000|100%|HS|  |TAMS 0x000000073e600000| PB 0x000000073e600000| Complete |  0
| 462|0x000000073e800000, 0x000000073ea00000, 0x000000073ea00000|100%|HC|  |TAMS 0x000000073e800000| PB 0x000000073e800000| Complete |  0
| 463|0x000000073ea00000, 0x000000073ec00000, 0x000000073ec00000|100%|HS|  |TAMS 0x000000073ea00000| PB 0x000000073ea00000| Complete |  0
| 464|0x000000073ec00000, 0x000000073ee00000, 0x000000073ee00000|100%|HC|  |TAMS 0x000000073ec00000| PB 0x000000073ec00000| Complete |  0
| 465|0x000000073ee00000, 0x000000073f000000, 0x000000073f000000|100%|HS|  |TAMS 0x000000073ee00000| PB 0x000000073ee00000| Complete |  0
| 466|0x000000073f000000, 0x000000073f200000, 0x000000073f200000|100%|HC|  |TAMS 0x000000073f000000| PB 0x000000073f000000| Complete |  0
| 467|0x000000073f200000, 0x000000073f400000, 0x000000073f400000|100%|HS|  |TAMS 0x000000073f200000| PB 0x000000073f200000| Complete |  0
| 468|0x000000073f400000, 0x000000073f600000, 0x000000073f600000|100%|HC|  |TAMS 0x000000073f400000| PB 0x000000073f400000| Complete |  0
| 469|0x000000073f600000, 0x000000073f800000, 0x000000073f800000|100%|HS|  |TAMS 0x000000073f600000| PB 0x000000073f600000| Complete |  0
| 470|0x000000073f800000, 0x000000073fa00000, 0x000000073fa00000|100%|HC|  |TAMS 0x000000073f800000| PB 0x000000073f800000| Complete |  0
| 471|0x000000073fa00000, 0x000000073fc00000, 0x000000073fc00000|100%|HS|  |TAMS 0x000000073fa00000| PB 0x000000073fa00000| Complete |  0
| 472|0x000000073fc00000, 0x000000073fe00000, 0x000000073fe00000|100%|HC|  |TAMS 0x000000073fc00000| PB 0x000000073fc00000| Complete |  0
| 473|0x000000073fe00000, 0x0000000740000000, 0x0000000740000000|100%|HS|  |TAMS 0x000000073fe00000| PB 0x000000073fe00000| Complete |  0
| 474|0x0000000740000000, 0x0000000740200000, 0x0000000740200000|100%|HC|  |TAMS 0x0000000740000000| PB 0x0000000740000000| Complete |  0
| 475|0x0000000740200000, 0x0000000740400000, 0x0000000740400000|100%|HS|  |TAMS 0x0000000740200000| PB 0x0000000740200000| Complete |  0
| 476|0x0000000740400000, 0x0000000740600000, 0x0000000740600000|100%|HC|  |TAMS 0x0000000740400000| PB 0x0000000740400000| Complete |  0
| 477|0x0000000740600000, 0x0000000740800000, 0x0000000740800000|100%|HS|  |TAMS 0x0000000740600000| PB 0x0000000740600000| Complete |  0
| 478|0x0000000740800000, 0x0000000740a00000, 0x0000000740a00000|100%|HC|  |TAMS 0x0000000740800000| PB 0x0000000740800000| Complete |  0
| 479|0x0000000740a00000, 0x0000000740c00000, 0x0000000740c00000|100%|HS|  |TAMS 0x0000000740a00000| PB 0x0000000740a00000| Complete |  0
| 480|0x0000000740c00000, 0x0000000740e00000, 0x0000000740e00000|100%|HC|  |TAMS 0x0000000740c00000| PB 0x0000000740c00000| Complete |  0
| 481|0x0000000740e00000, 0x0000000741000000, 0x0000000741000000|100%|HS|  |TAMS 0x0000000740e00000| PB 0x0000000740e00000| Complete |  0
| 482|0x0000000741000000, 0x0000000741200000, 0x0000000741200000|100%|HC|  |TAMS 0x0000000741000000| PB 0x0000000741000000| Complete |  0
| 483|0x0000000741200000, 0x0000000741400000, 0x0000000741400000|100%|HS|  |TAMS 0x0000000741200000| PB 0x0000000741200000| Complete |  0
| 484|0x0000000741400000, 0x0000000741600000, 0x0000000741600000|100%|HC|  |TAMS 0x0000000741400000| PB 0x0000000741400000| Complete |  0
| 485|0x0000000741600000, 0x0000000741800000, 0x0000000741800000|100%|HS|  |TAMS 0x0000000741600000| PB 0x0000000741600000| Complete |  0
| 486|0x0000000741800000, 0x0000000741a00000, 0x0000000741a00000|100%|HC|  |TAMS 0x0000000741800000| PB 0x0000000741800000| Complete |  0
| 487|0x0000000741a00000, 0x0000000741c00000, 0x0000000741c00000|100%|HS|  |TAMS 0x0000000741a00000| PB 0x0000000741a00000| Complete |  0
| 488|0x0000000741c00000, 0x0000000741e00000, 0x0000000741e00000|100%|HC|  |TAMS 0x0000000741c00000| PB 0x0000000741c00000| Complete |  0
| 489|0x0000000741e00000, 0x0000000742000000, 0x0000000742000000|100%|HS|  |TAMS 0x0000000741e00000| PB 0x0000000741e00000| Complete |  0
| 490|0x0000000742000000, 0x0000000742200000, 0x0000000742200000|100%|HC|  |TAMS 0x0000000742000000| PB 0x0000000742000000| Complete |  0
| 491|0x0000000742200000, 0x0000000742400000, 0x0000000742400000|100%|HS|  |TAMS 0x0000000742200000| PB 0x0000000742200000| Complete |  0
| 492|0x0000000742400000, 0x0000000742600000, 0x0000000742600000|100%|HC|  |TAMS 0x0000000742400000| PB 0x0000000742400000| Complete |  0
| 493|0x0000000742600000, 0x0000000742800000, 0x0000000742800000|100%|HS|  |TAMS 0x0000000742600000| PB 0x0000000742600000| Complete |  0
| 494|0x0000000742800000, 0x0000000742a00000, 0x0000000742a00000|100%|HC|  |TAMS 0x0000000742800000| PB 0x0000000742800000| Complete |  0
| 495|0x0000000742a00000, 0x0000000742c00000, 0x0000000742c00000|100%|HS|  |TAMS 0x0000000742a00000| PB 0x0000000742a00000| Complete |  0
| 496|0x0000000742c00000, 0x0000000742e00000, 0x0000000742e00000|100%|HC|  |TAMS 0x0000000742c00000| PB 0x0000000742c00000| Complete |  0
| 497|0x0000000742e00000, 0x0000000743000000, 0x0000000743000000|100%|HS|  |TAMS 0x0000000742e00000| PB 0x0000000742e00000| Complete |  0
| 498|0x0000000743000000, 0x0000000743200000, 0x0000000743200000|100%|HC|  |TAMS 0x0000000743000000| PB 0x0000000743000000| Complete |  0
| 499|0x0000000743200000, 0x0000000743400000, 0x0000000743400000|100%|HS|  |TAMS 0x0000000743200000| PB 0x0000000743200000| Complete |  0
| 500|0x0000000743400000, 0x0000000743600000, 0x0000000743600000|100%|HC|  |TAMS 0x0000000743400000| PB 0x0000000743400000| Complete |  0
| 501|0x0000000743600000, 0x0000000743800000, 0x0000000743800000|100%|HS|  |TAMS 0x0000000743600000| PB 0x0000000743600000| Complete |  0
| 502|0x0000000743800000, 0x0000000743a00000, 0x0000000743a00000|100%|HC|  |TAMS 0x0000000743800000| PB 0x0000000743800000| Complete |  0
| 503|0x0000000743a00000, 0x0000000743c00000, 0x0000000743c00000|100%|HS|  |TAMS 0x0000000743a00000| PB 0x0000000743a00000| Complete |  0
| 504|0x0000000743c00000, 0x0000000743e00000, 0x0000000743e00000|100%|HC|  |TAMS 0x0000000743c00000| PB 0x0000000743c00000| Complete |  0
| 505|0x0000000743e00000, 0x0000000744000000, 0x0000000744000000|100%|HS|  |TAMS 0x0000000743e00000| PB 0x0000000743e00000| Complete |  0
| 506|0x0000000744000000, 0x0000000744200000, 0x0000000744200000|100%|HC|  |TAMS 0x0000000744000000| PB 0x0000000744000000| Complete |  0
| 507|0x0000000744200000, 0x0000000744400000, 0x0000000744400000|100%|HS|  |TAMS 0x0000000744200000| PB 0x0000000744200000| Complete |  0
| 508|0x0000000744400000, 0x0000000744600000, 0x0000000744600000|100%|HC|  |TAMS 0x0000000744400000| PB 0x0000000744400000| Complete |  0
| 509|0x0000000744600000, 0x0000000744800000, 0x0000000744800000|100%|HS|  |TAMS 0x0000000744600000| PB 0x0000000744600000| Complete |  0
| 510|0x0000000744800000, 0x0000000744a00000, 0x0000000744a00000|100%|HC|  |TAMS 0x0000000744800000| PB 0x0000000744800000| Complete |  0
| 511|0x0000000744a00000, 0x0000000744c00000, 0x0000000744c00000|100%|HS|  |TAMS 0x0000000744a00000| PB 0x0000000744a00000| Complete |  0
| 512|0x0000000744c00000, 0x0000000744e00000, 0x0000000744e00000|100%|HC|  |TAMS 0x0000000744c00000| PB 0x0000000744c00000| Complete |  0
| 513|0x0000000744e00000, 0x0000000745000000, 0x0000000745000000|100%|HS|  |TAMS 0x0000000744e00000| PB 0x0000000744e00000| Complete |  0
| 514|0x0000000745000000, 0x0000000745200000, 0x0000000745200000|100%|HC|  |TAMS 0x0000000745000000| PB 0x0000000745000000| Complete |  0
| 515|0x0000000745200000, 0x0000000745400000, 0x0000000745400000|100%|HS|  |TAMS 0x0000000745200000| PB 0x0000000745200000| Complete |  0
| 516|0x0000000745400000, 0x0000000745600000, 0x0000000745600000|100%|HC|  |TAMS 0x0000000745400000| PB 0x0000000745400000| Complete |  0
| 517|0x0000000745600000, 0x0000000745800000, 0x0000000745800000|100%|HS|  |TAMS 0x0000000745600000| PB 0x0000000745600000| Complete |  0
| 518|0x0000000745800000, 0x0000000745a00000, 0x0000000745a00000|100%|HC|  |TAMS 0x0000000745800000| PB 0x0000000745800000| Complete |  0
| 519|0x0000000745a00000, 0x0000000745c00000, 0x0000000745c00000|100%|HS|  |TAMS 0x0000000745a00000| PB 0x0000000745a00000| Complete |  0
| 520|0x0000000745c00000, 0x0000000745e00000, 0x0000000745e00000|100%|HC|  |TAMS 0x0000000745c00000| PB 0x0000000745c00000| Complete |  0
| 521|0x0000000745e00000, 0x0000000746000000, 0x0000000746000000|100%|HS|  |TAMS 0x0000000745e00000| PB 0x0000000745e00000| Complete |  0
| 522|0x0000000746000000, 0x0000000746200000, 0x0000000746200000|100%|HC|  |TAMS 0x0000000746000000| PB 0x0000000746000000| Complete |  0
| 523|0x0000000746200000, 0x0000000746400000, 0x0000000746400000|100%|HS|  |TAMS 0x0000000746200000| PB 0x0000000746200000| Complete |  0
| 524|0x0000000746400000, 0x0000000746600000, 0x0000000746600000|100%|HC|  |TAMS 0x0000000746400000| PB 0x0000000746400000| Complete |  0
| 525|0x0000000746600000, 0x0000000746800000, 0x0000000746800000|100%|HS|  |TAMS 0x0000000746600000| PB 0x0000000746600000| Complete |  0
| 526|0x0000000746800000, 0x0000000746a00000, 0x0000000746a00000|100%|HC|  |TAMS 0x0000000746800000| PB 0x0000000746800000| Complete |  0
| 527|0x0000000746a00000, 0x0000000746c00000, 0x0000000746c00000|100%|HS|  |TAMS 0x0000000746a00000| PB 0x0000000746a00000| Complete |  0
| 528|0x0000000746c00000, 0x0000000746e00000, 0x0000000746e00000|100%|HC|  |TAMS 0x0000000746c00000| PB 0x0000000746c00000| Complete |  0
| 529|0x0000000746e00000, 0x0000000747000000, 0x0000000747000000|100%|HS|  |TAMS 0x0000000746e00000| PB 0x0000000746e00000| Complete |  0
| 530|0x0000000747000000, 0x0000000747200000, 0x0000000747200000|100%|HC|  |TAMS 0x0000000747000000| PB 0x0000000747000000| Complete |  0
| 531|0x0000000747200000, 0x0000000747400000, 0x0000000747400000|100%|HS|  |TAMS 0x0000000747200000| PB 0x0000000747200000| Complete |  0
| 532|0x0000000747400000, 0x0000000747600000, 0x0000000747600000|100%|HC|  |TAMS 0x0000000747400000| PB 0x0000000747400000| Complete |  0
| 533|0x0000000747600000, 0x0000000747800000, 0x0000000747800000|100%|HS|  |TAMS 0x0000000747600000| PB 0x0000000747600000| Complete |  0
| 534|0x0000000747800000, 0x0000000747a00000, 0x0000000747a00000|100%|HC|  |TAMS 0x0000000747800000| PB 0x0000000747800000| Complete |  0
| 535|0x0000000747a00000, 0x0000000747c00000, 0x0000000747c00000|100%|HS|  |TAMS 0x0000000747a00000| PB 0x0000000747a00000| Complete |  0
| 536|0x0000000747c00000, 0x0000000747e00000, 0x0000000747e00000|100%|HC|  |TAMS 0x0000000747c00000| PB 0x0000000747c00000| Complete |  0
| 537|0x0000000747e00000, 0x0000000748000000, 0x0000000748000000|100%|HS|  |TAMS 0x0000000747e00000| PB 0x0000000747e00000| Complete |  0
| 538|0x0000000748000000, 0x0000000748200000, 0x0000000748200000|100%|HC|  |TAMS 0x0000000748000000| PB 0x0000000748000000| Complete |  0
| 539|0x0000000748200000, 0x0000000748400000, 0x0000000748400000|100%|HS|  |TAMS 0x0000000748200000| PB 0x0000000748200000| Complete |  0
| 540|0x0000000748400000, 0x0000000748600000, 0x0000000748600000|100%|HC|  |TAMS 0x0000000748400000| PB 0x0000000748400000| Complete |  0
| 541|0x0000000748600000, 0x0000000748800000, 0x0000000748800000|100%|HS|  |TAMS 0x0000000748600000| PB 0x0000000748600000| Complete |  0
| 542|0x0000000748800000, 0x0000000748a00000, 0x0000000748a00000|100%|HC|  |TAMS 0x0000000748800000| PB 0x0000000748800000| Complete |  0
| 543|0x0000000748a00000, 0x0000000748c00000, 0x0000000748c00000|100%|HS|  |TAMS 0x0000000748a00000| PB 0x0000000748a00000| Complete |  0
| 544|0x0000000748c00000, 0x0000000748e00000, 0x0000000748e00000|100%|HC|  |TAMS 0x0000000748c00000| PB 0x0000000748c00000| Complete |  0
| 545|0x0000000748e00000, 0x0000000749000000, 0x0000000749000000|100%|HS|  |TAMS 0x0000000748e00000| PB 0x0000000748e00000| Complete |  0
| 546|0x0000000749000000, 0x0000000749200000, 0x0000000749200000|100%|HC|  |TAMS 0x0000000749000000| PB 0x0000000749000000| Complete |  0
| 547|0x0000000749200000, 0x0000000749400000, 0x0000000749400000|100%|HS|  |TAMS 0x0000000749200000| PB 0x0000000749200000| Complete |  0
| 548|0x0000000749400000, 0x0000000749600000, 0x0000000749600000|100%|HC|  |TAMS 0x0000000749400000| PB 0x0000000749400000| Complete |  0
| 549|0x0000000749600000, 0x0000000749800000, 0x0000000749800000|100%|HS|  |TAMS 0x0000000749600000| PB 0x0000000749600000| Complete |  0
| 550|0x0000000749800000, 0x0000000749a00000, 0x0000000749a00000|100%|HC|  |TAMS 0x0000000749800000| PB 0x0000000749800000| Complete |  0
| 551|0x0000000749a00000, 0x0000000749c00000, 0x0000000749c00000|100%|HS|  |TAMS 0x0000000749a00000| PB 0x0000000749a00000| Complete |  0
| 552|0x0000000749c00000, 0x0000000749e00000, 0x0000000749e00000|100%|HC|  |TAMS 0x0000000749c00000| PB 0x0000000749c00000| Complete |  0
| 553|0x0000000749e00000, 0x000000074a000000, 0x000000074a000000|100%|HS|  |TAMS 0x0000000749e00000| PB 0x0000000749e00000| Complete |  0
| 554|0x000000074a000000, 0x000000074a200000, 0x000000074a200000|100%|HC|  |TAMS 0x000000074a000000| PB 0x000000074a000000| Complete |  0
| 555|0x000000074a200000, 0x000000074a400000, 0x000000074a400000|100%|HS|  |TAMS 0x000000074a200000| PB 0x000000074a200000| Complete |  0
| 556|0x000000074a400000, 0x000000074a600000, 0x000000074a600000|100%|HC|  |TAMS 0x000000074a400000| PB 0x000000074a400000| Complete |  0
| 557|0x000000074a600000, 0x000000074a800000, 0x000000074a800000|100%|HS|  |TAMS 0x000000074a600000| PB 0x000000074a600000| Complete |  0
| 558|0x000000074a800000, 0x000000074aa00000, 0x000000074aa00000|100%|HC|  |TAMS 0x000000074a800000| PB 0x000000074a800000| Complete |  0
| 559|0x000000074aa00000, 0x000000074ac00000, 0x000000074ac00000|100%|HS|  |TAMS 0x000000074aa00000| PB 0x000000074aa00000| Complete |  0
| 560|0x000000074ac00000, 0x000000074ae00000, 0x000000074ae00000|100%|HC|  |TAMS 0x000000074ac00000| PB 0x000000074ac00000| Complete |  0
| 561|0x000000074ae00000, 0x000000074b000000, 0x000000074b000000|100%|HS|  |TAMS 0x000000074ae00000| PB 0x000000074ae00000| Complete |  0
| 562|0x000000074b000000, 0x000000074b200000, 0x000000074b200000|100%|HC|  |TAMS 0x000000074b000000| PB 0x000000074b000000| Complete |  0
| 563|0x000000074b200000, 0x000000074b400000, 0x000000074b400000|100%|HS|  |TAMS 0x000000074b200000| PB 0x000000074b200000| Complete |  0
| 564|0x000000074b400000, 0x000000074b600000, 0x000000074b600000|100%|HC|  |TAMS 0x000000074b400000| PB 0x000000074b400000| Complete |  0
| 565|0x000000074b600000, 0x000000074b800000, 0x000000074b800000|100%|HS|  |TAMS 0x000000074b600000| PB 0x000000074b600000| Complete |  0
| 566|0x000000074b800000, 0x000000074ba00000, 0x000000074ba00000|100%|HC|  |TAMS 0x000000074b800000| PB 0x000000074b800000| Complete |  0
| 567|0x000000074ba00000, 0x000000074bc00000, 0x000000074bc00000|100%|HS|  |TAMS 0x000000074ba00000| PB 0x000000074ba00000| Complete |  0
| 568|0x000000074bc00000, 0x000000074be00000, 0x000000074be00000|100%|HC|  |TAMS 0x000000074bc00000| PB 0x000000074bc00000| Complete |  0
| 569|0x000000074be00000, 0x000000074c000000, 0x000000074c000000|100%|HS|  |TAMS 0x000000074be00000| PB 0x000000074be00000| Complete |  0
| 570|0x000000074c000000, 0x000000074c200000, 0x000000074c200000|100%|HC|  |TAMS 0x000000074c000000| PB 0x000000074c000000| Complete |  0
| 571|0x000000074c200000, 0x000000074c400000, 0x000000074c400000|100%|HS|  |TAMS 0x000000074c200000| PB 0x000000074c200000| Complete |  0
| 572|0x000000074c400000, 0x000000074c600000, 0x000000074c600000|100%|HC|  |TAMS 0x000000074c400000| PB 0x000000074c400000| Complete |  0
| 573|0x000000074c600000, 0x000000074c800000, 0x000000074c800000|100%|HS|  |TAMS 0x000000074c600000| PB 0x000000074c600000| Complete |  0
| 574|0x000000074c800000, 0x000000074ca00000, 0x000000074ca00000|100%|HC|  |TAMS 0x000000074c800000| PB 0x000000074c800000| Complete |  0
| 575|0x000000074ca00000, 0x000000074cc00000, 0x000000074cc00000|100%|HS|  |TAMS 0x000000074ca00000| PB 0x000000074ca00000| Complete |  0
| 576|0x000000074cc00000, 0x000000074ce00000, 0x000000074ce00000|100%|HC|  |TAMS 0x000000074cc00000| PB 0x000000074cc00000| Complete |  0
| 577|0x000000074ce00000, 0x000000074d000000, 0x000000074d000000|100%|HS|  |TAMS 0x000000074ce00000| PB 0x000000074ce00000| Complete |  0
| 578|0x000000074d000000, 0x000000074d200000, 0x000000074d200000|100%|HC|  |TAMS 0x000000074d000000| PB 0x000000074d000000| Complete |  0
| 579|0x000000074d200000, 0x000000074d400000, 0x000000074d400000|100%|HS|  |TAMS 0x000000074d200000| PB 0x000000074d200000| Complete |  0
| 580|0x000000074d400000, 0x000000074d600000, 0x000000074d600000|100%|HC|  |TAMS 0x000000074d400000| PB 0x000000074d400000| Complete |  0
| 581|0x000000074d600000, 0x000000074d800000, 0x000000074d800000|100%|HS|  |TAMS 0x000000074d600000| PB 0x000000074d600000| Complete |  0
| 582|0x000000074d800000, 0x000000074da00000, 0x000000074da00000|100%|HC|  |TAMS 0x000000074d800000| PB 0x000000074d800000| Complete |  0
| 583|0x000000074da00000, 0x000000074dc00000, 0x000000074dc00000|100%|HS|  |TAMS 0x000000074da00000| PB 0x000000074da00000| Complete |  0
| 584|0x000000074dc00000, 0x000000074de00000, 0x000000074de00000|100%|HC|  |TAMS 0x000000074dc00000| PB 0x000000074dc00000| Complete |  0
| 585|0x000000074de00000, 0x000000074e000000, 0x000000074e000000|100%|HS|  |TAMS 0x000000074de00000| PB 0x000000074de00000| Complete |  0
| 586|0x000000074e000000, 0x000000074e200000, 0x000000074e200000|100%|HC|  |TAMS 0x000000074e000000| PB 0x000000074e000000| Complete |  0
| 587|0x000000074e200000, 0x000000074e400000, 0x000000074e400000|100%|HS|  |TAMS 0x000000074e200000| PB 0x000000074e200000| Complete |  0
| 588|0x000000074e400000, 0x000000074e600000, 0x000000074e600000|100%|HC|  |TAMS 0x000000074e400000| PB 0x000000074e400000| Complete |  0
| 589|0x000000074e600000, 0x000000074e800000, 0x000000074e800000|100%|HS|  |TAMS 0x000000074e600000| PB 0x000000074e600000| Complete |  0
| 590|0x000000074e800000, 0x000000074ea00000, 0x000000074ea00000|100%|HC|  |TAMS 0x000000074e800000| PB 0x000000074e800000| Complete |  0
| 591|0x000000074ea00000, 0x000000074ec00000, 0x000000074ec00000|100%|HS|  |TAMS 0x000000074ea00000| PB 0x000000074ea00000| Complete |  0
| 592|0x000000074ec00000, 0x000000074ee00000, 0x000000074ee00000|100%|HC|  |TAMS 0x000000074ec00000| PB 0x000000074ec00000| Complete |  0
| 593|0x000000074ee00000, 0x000000074f000000, 0x000000074f000000|100%|HS|  |TAMS 0x000000074ee00000| PB 0x000000074ee00000| Complete |  0
| 594|0x000000074f000000, 0x000000074f200000, 0x000000074f200000|100%|HC|  |TAMS 0x000000074f000000| PB 0x000000074f000000| Complete |  0
| 595|0x000000074f200000, 0x000000074f400000, 0x000000074f400000|100%|HS|  |TAMS 0x000000074f200000| PB 0x000000074f200000| Complete |  0
| 596|0x000000074f400000, 0x000000074f600000, 0x000000074f600000|100%|HC|  |TAMS 0x000000074f400000| PB 0x000000074f400000| Complete |  0
| 597|0x000000074f600000, 0x000000074f800000, 0x000000074f800000|100%|HS|  |TAMS 0x000000074f600000| PB 0x000000074f600000| Complete |  0
| 598|0x000000074f800000, 0x000000074fa00000, 0x000000074fa00000|100%|HC|  |TAMS 0x000000074f800000| PB 0x000000074f800000| Complete |  0
| 599|0x000000074fa00000, 0x000000074fc00000, 0x000000074fc00000|100%|HS|  |TAMS 0x000000074fa00000| PB 0x000000074fa00000| Complete |  0
| 600|0x000000074fc00000, 0x000000074fe00000, 0x000000074fe00000|100%|HC|  |TAMS 0x000000074fc00000| PB 0x000000074fc00000| Complete |  0
| 601|0x000000074fe00000, 0x0000000750000000, 0x0000000750000000|100%|HS|  |TAMS 0x000000074fe00000| PB 0x000000074fe00000| Complete |  0
| 602|0x0000000750000000, 0x0000000750200000, 0x0000000750200000|100%|HC|  |TAMS 0x0000000750000000| PB 0x0000000750000000| Complete |  0
| 603|0x0000000750200000, 0x0000000750400000, 0x0000000750400000|100%|HS|  |TAMS 0x0000000750200000| PB 0x0000000750200000| Complete |  0
| 604|0x0000000750400000, 0x0000000750600000, 0x0000000750600000|100%|HC|  |TAMS 0x0000000750400000| PB 0x0000000750400000| Complete |  0
| 605|0x0000000750600000, 0x0000000750800000, 0x0000000750800000|100%|HS|  |TAMS 0x0000000750600000| PB 0x0000000750600000| Complete |  0
| 606|0x0000000750800000, 0x0000000750a00000, 0x0000000750a00000|100%|HC|  |TAMS 0x0000000750800000| PB 0x0000000750800000| Complete |  0
| 607|0x0000000750a00000, 0x0000000750c00000, 0x0000000750c00000|100%|HS|  |TAMS 0x0000000750a00000| PB 0x0000000750a00000| Complete |  0
| 608|0x0000000750c00000, 0x0000000750e00000, 0x0000000750e00000|100%|HC|  |TAMS 0x0000000750c00000| PB 0x0000000750c00000| Complete |  0
| 609|0x0000000750e00000, 0x0000000751000000, 0x0000000751000000|100%|HS|  |TAMS 0x0000000750e00000| PB 0x0000000750e00000| Complete |  0
| 610|0x0000000751000000, 0x0000000751200000, 0x0000000751200000|100%|HC|  |TAMS 0x0000000751000000| PB 0x0000000751000000| Complete |  0
| 611|0x0000000751200000, 0x0000000751400000, 0x0000000751400000|100%|HS|  |TAMS 0x0000000751200000| PB 0x0000000751200000| Complete |  0
| 612|0x0000000751400000, 0x0000000751600000, 0x0000000751600000|100%|HC|  |TAMS 0x0000000751400000| PB 0x0000000751400000| Complete |  0
| 613|0x0000000751600000, 0x0000000751800000, 0x0000000751800000|100%|HS|  |TAMS 0x0000000751600000| PB 0x0000000751600000| Complete |  0
| 614|0x0000000751800000, 0x0000000751a00000, 0x0000000751a00000|100%|HC|  |TAMS 0x0000000751800000| PB 0x0000000751800000| Complete |  0
| 615|0x0000000751a00000, 0x0000000751c00000, 0x0000000751c00000|100%|HS|  |TAMS 0x0000000751a00000| PB 0x0000000751a00000| Complete |  0
| 616|0x0000000751c00000, 0x0000000751e00000, 0x0000000751e00000|100%|HC|  |TAMS 0x0000000751c00000| PB 0x0000000751c00000| Complete |  0
| 617|0x0000000751e00000, 0x0000000752000000, 0x0000000752000000|100%|HS|  |TAMS 0x0000000751e00000| PB 0x0000000751e00000| Complete |  0
| 618|0x0000000752000000, 0x0000000752200000, 0x0000000752200000|100%|HC|  |TAMS 0x0000000752000000| PB 0x0000000752000000| Complete |  0
| 619|0x0000000752200000, 0x0000000752400000, 0x0000000752400000|100%|HS|  |TAMS 0x0000000752200000| PB 0x0000000752200000| Complete |  0
| 620|0x0000000752400000, 0x0000000752600000, 0x0000000752600000|100%|HC|  |TAMS 0x0000000752400000| PB 0x0000000752400000| Complete |  0
| 621|0x0000000752600000, 0x0000000752800000, 0x0000000752800000|100%|HS|  |TAMS 0x0000000752600000| PB 0x0000000752600000| Complete |  0
| 622|0x0000000752800000, 0x0000000752a00000, 0x0000000752a00000|100%|HC|  |TAMS 0x0000000752800000| PB 0x0000000752800000| Complete |  0
| 623|0x0000000752a00000, 0x0000000752c00000, 0x0000000752c00000|100%|HS|  |TAMS 0x0000000752a00000| PB 0x0000000752a00000| Complete |  0
| 624|0x0000000752c00000, 0x0000000752e00000, 0x0000000752e00000|100%|HC|  |TAMS 0x0000000752c00000| PB 0x0000000752c00000| Complete |  0
| 625|0x0000000752e00000, 0x0000000753000000, 0x0000000753000000|100%|HS|  |TAMS 0x0000000752e00000| PB 0x0000000752e00000| Complete |  0
| 626|0x0000000753000000, 0x0000000753200000, 0x0000000753200000|100%|HC|  |TAMS 0x0000000753000000| PB 0x0000000753000000| Complete |  0
| 627|0x0000000753200000, 0x0000000753400000, 0x0000000753400000|100%|HS|  |TAMS 0x0000000753200000| PB 0x0000000753200000| Complete |  0
| 628|0x0000000753400000, 0x0000000753600000, 0x0000000753600000|100%|HC|  |TAMS 0x0000000753400000| PB 0x0000000753400000| Complete |  0
| 629|0x0000000753600000, 0x0000000753800000, 0x0000000753800000|100%|HS|  |TAMS 0x0000000753600000| PB 0x0000000753600000| Complete |  0
| 630|0x0000000753800000, 0x0000000753a00000, 0x0000000753a00000|100%|HC|  |TAMS 0x0000000753800000| PB 0x0000000753800000| Complete |  0
| 631|0x0000000753a00000, 0x0000000753c00000, 0x0000000753c00000|100%|HS|  |TAMS 0x0000000753a00000| PB 0x0000000753a00000| Complete |  0
| 632|0x0000000753c00000, 0x0000000753e00000, 0x0000000753e00000|100%|HC|  |TAMS 0x0000000753c00000| PB 0x0000000753c00000| Complete |  0
| 633|0x0000000753e00000, 0x0000000754000000, 0x0000000754000000|100%|HS|  |TAMS 0x0000000753e00000| PB 0x0000000753e00000| Complete |  0
| 634|0x0000000754000000, 0x0000000754200000, 0x0000000754200000|100%|HC|  |TAMS 0x0000000754000000| PB 0x0000000754000000| Complete |  0
| 635|0x0000000754200000, 0x0000000754400000, 0x0000000754400000|100%|HS|  |TAMS 0x0000000754200000| PB 0x0000000754200000| Complete |  0
| 636|0x0000000754400000, 0x0000000754600000, 0x0000000754600000|100%|HC|  |TAMS 0x0000000754400000| PB 0x0000000754400000| Complete |  0
| 637|0x0000000754600000, 0x0000000754800000, 0x0000000754800000|100%|HS|  |TAMS 0x0000000754600000| PB 0x0000000754600000| Complete |  0
| 638|0x0000000754800000, 0x0000000754a00000, 0x0000000754a00000|100%|HC|  |TAMS 0x0000000754800000| PB 0x0000000754800000| Complete |  0
| 639|0x0000000754a00000, 0x0000000754c00000, 0x0000000754c00000|100%|HS|  |TAMS 0x0000000754a00000| PB 0x0000000754a00000| Complete |  0
| 640|0x0000000754c00000, 0x0000000754e00000, 0x0000000754e00000|100%|HC|  |TAMS 0x0000000754c00000| PB 0x0000000754c00000| Complete |  0
| 641|0x0000000754e00000, 0x0000000755000000, 0x0000000755000000|100%|HS|  |TAMS 0x0000000754e00000| PB 0x0000000754e00000| Complete |  0
| 642|0x0000000755000000, 0x0000000755200000, 0x0000000755200000|100%|HC|  |TAMS 0x0000000755000000| PB 0x0000000755000000| Complete |  0
| 643|0x0000000755200000, 0x0000000755400000, 0x0000000755400000|100%|HS|  |TAMS 0x0000000755200000| PB 0x0000000755200000| Complete |  0
| 644|0x0000000755400000, 0x0000000755600000, 0x0000000755600000|100%|HC|  |TAMS 0x0000000755400000| PB 0x0000000755400000| Complete |  0
| 645|0x0000000755600000, 0x0000000755800000, 0x0000000755800000|100%|HS|  |TAMS 0x0000000755600000| PB 0x0000000755600000| Complete |  0
| 646|0x0000000755800000, 0x0000000755a00000, 0x0000000755a00000|100%|HC|  |TAMS 0x0000000755800000| PB 0x0000000755800000| Complete |  0
| 647|0x0000000755a00000, 0x0000000755c00000, 0x0000000755c00000|100%|HS|  |TAMS 0x0000000755a00000| PB 0x0000000755a00000| Complete |  0
| 648|0x0000000755c00000, 0x0000000755e00000, 0x0000000755e00000|100%|HC|  |TAMS 0x0000000755c00000| PB 0x0000000755c00000| Complete |  0
| 649|0x0000000755e00000, 0x0000000756000000, 0x0000000756000000|100%|HS|  |TAMS 0x0000000755e00000| PB 0x0000000755e00000| Complete |  0
| 650|0x0000000756000000, 0x0000000756200000, 0x0000000756200000|100%|HC|  |TAMS 0x0000000756000000| PB 0x0000000756000000| Complete |  0
| 651|0x0000000756200000, 0x0000000756400000, 0x0000000756400000|100%|HS|  |TAMS 0x0000000756200000| PB 0x0000000756200000| Complete |  0
| 652|0x0000000756400000, 0x0000000756600000, 0x0000000756600000|100%|HC|  |TAMS 0x0000000756400000| PB 0x0000000756400000| Complete |  0
| 653|0x0000000756600000, 0x0000000756800000, 0x0000000756800000|100%|HS|  |TAMS 0x0000000756600000| PB 0x0000000756600000| Complete |  0
| 654|0x0000000756800000, 0x0000000756a00000, 0x0000000756a00000|100%|HC|  |TAMS 0x0000000756800000| PB 0x0000000756800000| Complete |  0
| 655|0x0000000756a00000, 0x0000000756c00000, 0x0000000756c00000|100%|HS|  |TAMS 0x0000000756a00000| PB 0x0000000756a00000| Complete |  0
| 656|0x0000000756c00000, 0x0000000756e00000, 0x0000000756e00000|100%|HC|  |TAMS 0x0000000756c00000| PB 0x0000000756c00000| Complete |  0
| 657|0x0000000756e00000, 0x0000000757000000, 0x0000000757000000|100%|HS|  |TAMS 0x0000000756e00000| PB 0x0000000756e00000| Complete |  0
| 658|0x0000000757000000, 0x0000000757200000, 0x0000000757200000|100%|HC|  |TAMS 0x0000000757000000| PB 0x0000000757000000| Complete |  0
| 659|0x0000000757200000, 0x0000000757400000, 0x0000000757400000|100%|HS|  |TAMS 0x0000000757200000| PB 0x0000000757200000| Complete |  0
| 660|0x0000000757400000, 0x0000000757600000, 0x0000000757600000|100%|HC|  |TAMS 0x0000000757400000| PB 0x0000000757400000| Complete |  0
| 661|0x0000000757600000, 0x0000000757800000, 0x0000000757800000|100%|HS|  |TAMS 0x0000000757600000| PB 0x0000000757600000| Complete |  0
| 662|0x0000000757800000, 0x0000000757a00000, 0x0000000757a00000|100%|HC|  |TAMS 0x0000000757800000| PB 0x0000000757800000| Complete |  0
| 663|0x0000000757a00000, 0x0000000757c00000, 0x0000000757c00000|100%|HS|  |TAMS 0x0000000757a00000| PB 0x0000000757a00000| Complete |  0
| 664|0x0000000757c00000, 0x0000000757e00000, 0x0000000757e00000|100%|HC|  |TAMS 0x0000000757c00000| PB 0x0000000757c00000| Complete |  0
| 665|0x0000000757e00000, 0x0000000758000000, 0x0000000758000000|100%|HS|  |TAMS 0x0000000757e00000| PB 0x0000000757e00000| Complete |  0
| 666|0x0000000758000000, 0x0000000758200000, 0x0000000758200000|100%|HC|  |TAMS 0x0000000758000000| PB 0x0000000758000000| Complete |  0
| 667|0x0000000758200000, 0x0000000758400000, 0x0000000758400000|100%|HS|  |TAMS 0x0000000758200000| PB 0x0000000758200000| Complete |  0
| 668|0x0000000758400000, 0x0000000758600000, 0x0000000758600000|100%|HC|  |TAMS 0x0000000758400000| PB 0x0000000758400000| Complete |  0
| 669|0x0000000758600000, 0x0000000758800000, 0x0000000758800000|100%|HS|  |TAMS 0x0000000758600000| PB 0x0000000758600000| Complete |  0
| 670|0x0000000758800000, 0x0000000758a00000, 0x0000000758a00000|100%|HC|  |TAMS 0x0000000758800000| PB 0x0000000758800000| Complete |  0
| 671|0x0000000758a00000, 0x0000000758c00000, 0x0000000758c00000|100%|HS|  |TAMS 0x0000000758a00000| PB 0x0000000758a00000| Complete |  0
| 672|0x0000000758c00000, 0x0000000758e00000, 0x0000000758e00000|100%|HC|  |TAMS 0x0000000758c00000| PB 0x0000000758c00000| Complete |  0
| 673|0x0000000758e00000, 0x0000000759000000, 0x0000000759000000|100%|HS|  |TAMS 0x0000000758e00000| PB 0x0000000758e00000| Complete |  0
| 674|0x0000000759000000, 0x0000000759200000, 0x0000000759200000|100%|HC|  |TAMS 0x0000000759000000| PB 0x0000000759000000| Complete |  0
| 675|0x0000000759200000, 0x0000000759400000, 0x0000000759400000|100%|HS|  |TAMS 0x0000000759200000| PB 0x0000000759200000| Complete |  0
| 676|0x0000000759400000, 0x0000000759600000, 0x0000000759600000|100%|HC|  |TAMS 0x0000000759400000| PB 0x0000000759400000| Complete |  0
| 677|0x0000000759600000, 0x0000000759800000, 0x0000000759800000|100%|HS|  |TAMS 0x0000000759600000| PB 0x0000000759600000| Complete |  0
| 678|0x0000000759800000, 0x0000000759a00000, 0x0000000759a00000|100%|HC|  |TAMS 0x0000000759800000| PB 0x0000000759800000| Complete |  0
| 679|0x0000000759a00000, 0x0000000759c00000, 0x0000000759c00000|100%|HS|  |TAMS 0x0000000759a00000| PB 0x0000000759a00000| Complete |  0
| 680|0x0000000759c00000, 0x0000000759e00000, 0x0000000759e00000|100%|HC|  |TAMS 0x0000000759c00000| PB 0x0000000759c00000| Complete |  0
| 681|0x0000000759e00000, 0x000000075a000000, 0x000000075a000000|100%|HS|  |TAMS 0x0000000759e00000| PB 0x0000000759e00000| Complete |  0
| 682|0x000000075a000000, 0x000000075a200000, 0x000000075a200000|100%|HC|  |TAMS 0x000000075a000000| PB 0x000000075a000000| Complete |  0
| 683|0x000000075a200000, 0x000000075a400000, 0x000000075a400000|100%|HS|  |TAMS 0x000000075a200000| PB 0x000000075a200000| Complete |  0
| 684|0x000000075a400000, 0x000000075a600000, 0x000000075a600000|100%|HC|  |TAMS 0x000000075a400000| PB 0x000000075a400000| Complete |  0
| 685|0x000000075a600000, 0x000000075a800000, 0x000000075a800000|100%|HS|  |TAMS 0x000000075a600000| PB 0x000000075a600000| Complete |  0
| 686|0x000000075a800000, 0x000000075aa00000, 0x000000075aa00000|100%|HC|  |TAMS 0x000000075a800000| PB 0x000000075a800000| Complete |  0
| 687|0x000000075aa00000, 0x000000075ac00000, 0x000000075ac00000|100%|HS|  |TAMS 0x000000075aa00000| PB 0x000000075aa00000| Complete |  0
| 688|0x000000075ac00000, 0x000000075ae00000, 0x000000075ae00000|100%|HC|  |TAMS 0x000000075ac00000| PB 0x000000075ac00000| Complete |  0
| 689|0x000000075ae00000, 0x000000075b000000, 0x000000075b000000|100%|HS|  |TAMS 0x000000075ae00000| PB 0x000000075ae00000| Complete |  0
| 690|0x000000075b000000, 0x000000075b200000, 0x000000075b200000|100%|HC|  |TAMS 0x000000075b000000| PB 0x000000075b000000| Complete |  0
| 691|0x000000075b200000, 0x000000075b400000, 0x000000075b400000|100%|HS|  |TAMS 0x000000075b200000| PB 0x000000075b200000| Complete |  0
| 692|0x000000075b400000, 0x000000075b600000, 0x000000075b600000|100%|HC|  |TAMS 0x000000075b400000| PB 0x000000075b400000| Complete |  0
| 693|0x000000075b600000, 0x000000075b800000, 0x000000075b800000|100%|HS|  |TAMS 0x000000075b600000| PB 0x000000075b600000| Complete |  0
| 694|0x000000075b800000, 0x000000075ba00000, 0x000000075ba00000|100%|HC|  |TAMS 0x000000075b800000| PB 0x000000075b800000| Complete |  0
| 695|0x000000075ba00000, 0x000000075bc00000, 0x000000075bc00000|100%|HS|  |TAMS 0x000000075ba00000| PB 0x000000075ba00000| Complete |  0
| 696|0x000000075bc00000, 0x000000075be00000, 0x000000075be00000|100%|HC|  |TAMS 0x000000075bc00000| PB 0x000000075bc00000| Complete |  0
| 697|0x000000075be00000, 0x000000075c000000, 0x000000075c000000|100%|HS|  |TAMS 0x000000075be00000| PB 0x000000075be00000| Complete |  0
| 698|0x000000075c000000, 0x000000075c200000, 0x000000075c200000|100%|HC|  |TAMS 0x000000075c000000| PB 0x000000075c000000| Complete |  0
| 699|0x000000075c200000, 0x000000075c400000, 0x000000075c400000|100%|HS|  |TAMS 0x000000075c200000| PB 0x000000075c200000| Complete |  0
| 700|0x000000075c400000, 0x000000075c600000, 0x000000075c600000|100%|HC|  |TAMS 0x000000075c400000| PB 0x000000075c400000| Complete |  0
| 701|0x000000075c600000, 0x000000075c800000, 0x000000075c800000|100%|HS|  |TAMS 0x000000075c600000| PB 0x000000075c600000| Complete |  0
| 702|0x000000075c800000, 0x000000075ca00000, 0x000000075ca00000|100%|HC|  |TAMS 0x000000075c800000| PB 0x000000075c800000| Complete |  0
| 703|0x000000075ca00000, 0x000000075cc00000, 0x000000075cc00000|100%|HS|  |TAMS 0x000000075ca00000| PB 0x000000075ca00000| Complete |  0
| 704|0x000000075cc00000, 0x000000075ce00000, 0x000000075ce00000|100%|HC|  |TAMS 0x000000075cc00000| PB 0x000000075cc00000| Complete |  0
| 705|0x000000075ce00000, 0x000000075d000000, 0x000000075d000000|100%|HS|  |TAMS 0x000000075ce00000| PB 0x000000075ce00000| Complete |  0
| 706|0x000000075d000000, 0x000000075d200000, 0x000000075d200000|100%|HC|  |TAMS 0x000000075d000000| PB 0x000000075d000000| Complete |  0
| 707|0x000000075d200000, 0x000000075d400000, 0x000000075d400000|100%|HS|  |TAMS 0x000000075d200000| PB 0x000000075d200000| Complete |  0
| 708|0x000000075d400000, 0x000000075d600000, 0x000000075d600000|100%|HC|  |TAMS 0x000000075d400000| PB 0x000000075d400000| Complete |  0
| 709|0x000000075d600000, 0x000000075d800000, 0x000000075d800000|100%|HS|  |TAMS 0x000000075d600000| PB 0x000000075d600000| Complete |  0
| 710|0x000000075d800000, 0x000000075da00000, 0x000000075da00000|100%|HC|  |TAMS 0x000000075d800000| PB 0x000000075d800000| Complete |  0
| 711|0x000000075da00000, 0x000000075db6b550, 0x000000075dc00000| 70%| E|  |TAMS 0x000000075da00000| PB 0x000000075da00000| Complete |  0
| 712|0x000000075dc00000, 0x000000075de00000, 0x000000075de00000|100%|HS|  |TAMS 0x000000075dc00000| PB 0x000000075dc00000| Complete |  0
| 713|0x000000075de00000, 0x000000075e000000, 0x000000075e000000|100%|HC|  |TAMS 0x000000075de00000| PB 0x000000075de00000| Complete |  0
| 714|0x000000075e000000, 0x000000075e200000, 0x000000075e200000|100%| E|CS|TAMS 0x000000075e000000| PB 0x000000075e000000| Complete |  0
| 715|0x000000075e200000, 0x000000075e400000, 0x000000075e400000|100%| E|CS|TAMS 0x000000075e200000| PB 0x000000075e200000| Complete |  0
| 716|0x000000075e400000, 0x000000075e4dc838, 0x000000075e600000| 43%| S|CS|TAMS 0x000000075e400000| PB 0x000000075e400000| Complete |  0
| 717|0x000000075e600000, 0x000000075e800000, 0x000000075e800000|100%|HS|  |TAMS 0x000000075e600000| PB 0x000000075e600000| Complete |  0
| 718|0x000000075e800000, 0x000000075ea00000, 0x000000075ea00000|100%|HC|  |TAMS 0x000000075e800000| PB 0x000000075e800000| Complete |  0
| 719|0x000000075ea00000, 0x000000075ec00000, 0x000000075ec00000|100%|HS|  |TAMS 0x000000075ea00000| PB 0x000000075ea00000| Complete |  0
| 720|0x000000075ec00000, 0x000000075ee00000, 0x000000075ee00000|100%|HC|  |TAMS 0x000000075ec00000| PB 0x000000075ec00000| Complete |  0
| 721|0x000000075ee00000, 0x000000075f000000, 0x000000075f000000|100%|HS|  |TAMS 0x000000075ee00000| PB 0x000000075ee00000| Complete |  0
| 722|0x000000075f000000, 0x000000075f200000, 0x000000075f200000|100%|HC|  |TAMS 0x000000075f000000| PB 0x000000075f000000| Complete |  0
| 723|0x000000075f200000, 0x000000075f400000, 0x000000075f400000|100%|HS|  |TAMS 0x000000075f200000| PB 0x000000075f200000| Complete |  0
| 724|0x000000075f400000, 0x000000075f600000, 0x000000075f600000|100%|HC|  |TAMS 0x000000075f400000| PB 0x000000075f400000| Complete |  0
| 725|0x000000075f600000, 0x000000075f800000, 0x000000075f800000|100%|HS|  |TAMS 0x000000075f600000| PB 0x000000075f600000| Complete |  0
| 726|0x000000075f800000, 0x000000075fa00000, 0x000000075fa00000|100%|HC|  |TAMS 0x000000075f800000| PB 0x000000075f800000| Complete |  0
| 727|0x000000075fa00000, 0x000000075fc00000, 0x000000075fc00000|100%|HS|  |TAMS 0x000000075fa00000| PB 0x000000075fa00000| Complete |  0
| 728|0x000000075fc00000, 0x000000075fe00000, 0x000000075fe00000|100%|HC|  |TAMS 0x000000075fc00000| PB 0x000000075fc00000| Complete |  0
| 729|0x000000075fe00000, 0x0000000760000000, 0x0000000760000000|100%|HS|  |TAMS 0x000000075fe00000| PB 0x000000075fe00000| Complete |  0
| 730|0x0000000760000000, 0x0000000760200000, 0x0000000760200000|100%|HC|  |TAMS 0x0000000760000000| PB 0x0000000760000000| Complete |  0
| 731|0x0000000760200000, 0x0000000760400000, 0x0000000760400000|100%|HS|  |TAMS 0x0000000760200000| PB 0x0000000760200000| Complete |  0
| 732|0x0000000760400000, 0x0000000760600000, 0x0000000760600000|100%|HC|  |TAMS 0x0000000760400000| PB 0x0000000760400000| Complete |  0
| 733|0x0000000760600000, 0x0000000760800000, 0x0000000760800000|100%|HS|  |TAMS 0x0000000760600000| PB 0x0000000760600000| Complete |  0
| 734|0x0000000760800000, 0x0000000760a00000, 0x0000000760a00000|100%|HC|  |TAMS 0x0000000760800000| PB 0x0000000760800000| Complete |  0
| 735|0x0000000760a00000, 0x0000000760c00000, 0x0000000760c00000|100%|HS|  |TAMS 0x0000000760a00000| PB 0x0000000760a00000| Complete |  0
| 736|0x0000000760c00000, 0x0000000760e00000, 0x0000000760e00000|100%|HC|  |TAMS 0x0000000760c00000| PB 0x0000000760c00000| Complete |  0
| 737|0x0000000760e00000, 0x0000000761000000, 0x0000000761000000|100%|HS|  |TAMS 0x0000000760e00000| PB 0x0000000760e00000| Complete |  0
| 738|0x0000000761000000, 0x0000000761200000, 0x0000000761200000|100%|HC|  |TAMS 0x0000000761000000| PB 0x0000000761000000| Complete |  0
| 739|0x0000000761200000, 0x0000000761400000, 0x0000000761400000|100%|HS|  |TAMS 0x0000000761200000| PB 0x0000000761200000| Complete |  0
| 740|0x0000000761400000, 0x0000000761600000, 0x0000000761600000|100%|HC|  |TAMS 0x0000000761400000| PB 0x0000000761400000| Complete |  0
| 741|0x0000000761600000, 0x0000000761800000, 0x0000000761800000|100%|HS|  |TAMS 0x0000000761600000| PB 0x0000000761600000| Complete |  0
| 742|0x0000000761800000, 0x0000000761a00000, 0x0000000761a00000|100%|HC|  |TAMS 0x0000000761800000| PB 0x0000000761800000| Complete |  0
| 743|0x0000000761a00000, 0x0000000761c00000, 0x0000000761c00000|100%|HS|  |TAMS 0x0000000761a00000| PB 0x0000000761a00000| Complete |  0
| 744|0x0000000761c00000, 0x0000000761e00000, 0x0000000761e00000|100%|HC|  |TAMS 0x0000000761c00000| PB 0x0000000761c00000| Complete |  0
| 745|0x0000000761e00000, 0x0000000762000000, 0x0000000762000000|100%|HS|  |TAMS 0x0000000761e00000| PB 0x0000000761e00000| Complete |  0
| 746|0x0000000762000000, 0x0000000762200000, 0x0000000762200000|100%|HC|  |TAMS 0x0000000762000000| PB 0x0000000762000000| Complete |  0
| 747|0x0000000762200000, 0x0000000762400000, 0x0000000762400000|100%|HS|  |TAMS 0x0000000762200000| PB 0x0000000762200000| Complete |  0
| 748|0x0000000762400000, 0x0000000762600000, 0x0000000762600000|100%|HC|  |TAMS 0x0000000762400000| PB 0x0000000762400000| Complete |  0
| 749|0x0000000762600000, 0x0000000762800000, 0x0000000762800000|100%|HS|  |TAMS 0x0000000762600000| PB 0x0000000762600000| Complete |  0
| 750|0x0000000762800000, 0x0000000762a00000, 0x0000000762a00000|100%|HC|  |TAMS 0x0000000762800000| PB 0x0000000762800000| Complete |  0
| 751|0x0000000762a00000, 0x0000000762c00000, 0x0000000762c00000|100%|HS|  |TAMS 0x0000000762a00000| PB 0x0000000762a00000| Complete |  0
| 752|0x0000000762c00000, 0x0000000762e00000, 0x0000000762e00000|100%|HC|  |TAMS 0x0000000762c00000| PB 0x0000000762c00000| Complete |  0
| 753|0x0000000762e00000, 0x0000000763000000, 0x0000000763000000|100%|HS|  |TAMS 0x0000000762e00000| PB 0x0000000762e00000| Complete |  0
| 754|0x0000000763000000, 0x0000000763200000, 0x0000000763200000|100%|HC|  |TAMS 0x0000000763000000| PB 0x0000000763000000| Complete |  0
| 755|0x0000000763200000, 0x0000000763400000, 0x0000000763400000|100%|HS|  |TAMS 0x0000000763200000| PB 0x0000000763200000| Complete |  0
| 756|0x0000000763400000, 0x0000000763600000, 0x0000000763600000|100%|HC|  |TAMS 0x0000000763400000| PB 0x0000000763400000| Complete |  0
| 757|0x0000000763600000, 0x0000000763800000, 0x0000000763800000|100%|HS|  |TAMS 0x0000000763600000| PB 0x0000000763600000| Complete |  0
| 758|0x0000000763800000, 0x0000000763a00000, 0x0000000763a00000|100%|HC|  |TAMS 0x0000000763800000| PB 0x0000000763800000| Complete |  0
| 759|0x0000000763a00000, 0x0000000763c00000, 0x0000000763c00000|100%|HS|  |TAMS 0x0000000763a00000| PB 0x0000000763a00000| Complete |  0
| 760|0x0000000763c00000, 0x0000000763e00000, 0x0000000763e00000|100%|HC|  |TAMS 0x0000000763c00000| PB 0x0000000763c00000| Complete |  0
| 761|0x0000000763e00000, 0x0000000764000000, 0x0000000764000000|100%|HS|  |TAMS 0x0000000763e00000| PB 0x0000000763e00000| Complete |  0
| 762|0x0000000764000000, 0x0000000764200000, 0x0000000764200000|100%|HC|  |TAMS 0x0000000764000000| PB 0x0000000764000000| Complete |  0
| 763|0x0000000764200000, 0x0000000764400000, 0x0000000764400000|100%|HS|  |TAMS 0x0000000764200000| PB 0x0000000764200000| Complete |  0
| 764|0x0000000764400000, 0x0000000764600000, 0x0000000764600000|100%|HC|  |TAMS 0x0000000764400000| PB 0x0000000764400000| Complete |  0
| 765|0x0000000764600000, 0x0000000764800000, 0x0000000764800000|100%|HS|  |TAMS 0x0000000764600000| PB 0x0000000764600000| Complete |  0
| 766|0x0000000764800000, 0x0000000764a00000, 0x0000000764a00000|100%|HC|  |TAMS 0x0000000764800000| PB 0x0000000764800000| Complete |  0
| 767|0x0000000764a00000, 0x0000000764c00000, 0x0000000764c00000|100%|HS|  |TAMS 0x0000000764a00000| PB 0x0000000764a00000| Complete |  0
| 768|0x0000000764c00000, 0x0000000764e00000, 0x0000000764e00000|100%|HC|  |TAMS 0x0000000764c00000| PB 0x0000000764c00000| Complete |  0
| 769|0x0000000764e00000, 0x0000000765000000, 0x0000000765000000|100%|HS|  |TAMS 0x0000000764e00000| PB 0x0000000764e00000| Complete |  0
| 770|0x0000000765000000, 0x0000000765200000, 0x0000000765200000|100%|HC|  |TAMS 0x0000000765000000| PB 0x0000000765000000| Complete |  0
| 771|0x0000000765200000, 0x0000000765400000, 0x0000000765400000|100%|HS|  |TAMS 0x0000000765200000| PB 0x0000000765200000| Complete |  0
| 772|0x0000000765400000, 0x0000000765600000, 0x0000000765600000|100%|HC|  |TAMS 0x0000000765400000| PB 0x0000000765400000| Complete |  0
| 773|0x0000000765600000, 0x0000000765800000, 0x0000000765800000|100%|HS|  |TAMS 0x0000000765600000| PB 0x0000000765600000| Complete |  0
| 774|0x0000000765800000, 0x0000000765a00000, 0x0000000765a00000|100%|HC|  |TAMS 0x0000000765800000| PB 0x0000000765800000| Complete |  0
| 775|0x0000000765a00000, 0x0000000765c00000, 0x0000000765c00000|100%|HS|  |TAMS 0x0000000765a00000| PB 0x0000000765a00000| Complete |  0
| 776|0x0000000765c00000, 0x0000000765e00000, 0x0000000765e00000|100%|HC|  |TAMS 0x0000000765c00000| PB 0x0000000765c00000| Complete |  0
| 777|0x0000000765e00000, 0x0000000766000000, 0x0000000766000000|100%|HS|  |TAMS 0x0000000765e00000| PB 0x0000000765e00000| Complete |  0
| 778|0x0000000766000000, 0x0000000766200000, 0x0000000766200000|100%|HC|  |TAMS 0x0000000766000000| PB 0x0000000766000000| Complete |  0
| 779|0x0000000766200000, 0x0000000766400000, 0x0000000766400000|100%|HS|  |TAMS 0x0000000766200000| PB 0x0000000766200000| Complete |  0
| 780|0x0000000766400000, 0x0000000766600000, 0x0000000766600000|100%|HC|  |TAMS 0x0000000766400000| PB 0x0000000766400000| Complete |  0
| 781|0x0000000766600000, 0x0000000766800000, 0x0000000766800000|100%|HS|  |TAMS 0x0000000766600000| PB 0x0000000766600000| Complete |  0
| 782|0x0000000766800000, 0x0000000766a00000, 0x0000000766a00000|100%|HC|  |TAMS 0x0000000766800000| PB 0x0000000766800000| Complete |  0
| 783|0x0000000766a00000, 0x0000000766c00000, 0x0000000766c00000|100%|HS|  |TAMS 0x0000000766a00000| PB 0x0000000766a00000| Complete |  0
| 784|0x0000000766c00000, 0x0000000766e00000, 0x0000000766e00000|100%|HC|  |TAMS 0x0000000766c00000| PB 0x0000000766c00000| Complete |  0
| 785|0x0000000766e00000, 0x0000000767000000, 0x0000000767000000|100%|HS|  |TAMS 0x0000000766e00000| PB 0x0000000766e00000| Complete |  0
| 786|0x0000000767000000, 0x0000000767200000, 0x0000000767200000|100%|HC|  |TAMS 0x0000000767000000| PB 0x0000000767000000| Complete |  0
| 787|0x0000000767200000, 0x0000000767400000, 0x0000000767400000|100%|HS|  |TAMS 0x0000000767200000| PB 0x0000000767200000| Complete |  0
| 788|0x0000000767400000, 0x0000000767600000, 0x0000000767600000|100%|HC|  |TAMS 0x0000000767400000| PB 0x0000000767400000| Complete |  0
| 789|0x0000000767600000, 0x0000000767800000, 0x0000000767800000|100%|HS|  |TAMS 0x0000000767600000| PB 0x0000000767600000| Complete |  0
| 790|0x0000000767800000, 0x0000000767a00000, 0x0000000767a00000|100%|HC|  |TAMS 0x0000000767800000| PB 0x0000000767800000| Complete |  0
| 791|0x0000000767a00000, 0x0000000767c00000, 0x0000000767c00000|100%|HS|  |TAMS 0x0000000767a00000| PB 0x0000000767a00000| Complete |  0
| 792|0x0000000767c00000, 0x0000000767e00000, 0x0000000767e00000|100%|HC|  |TAMS 0x0000000767c00000| PB 0x0000000767c00000| Complete |  0
| 793|0x0000000767e00000, 0x0000000768000000, 0x0000000768000000|100%|HS|  |TAMS 0x0000000767e00000| PB 0x0000000767e00000| Complete |  0
| 794|0x0000000768000000, 0x0000000768200000, 0x0000000768200000|100%|HC|  |TAMS 0x0000000768000000| PB 0x0000000768000000| Complete |  0
| 795|0x0000000768200000, 0x0000000768400000, 0x0000000768400000|100%|HS|  |TAMS 0x0000000768200000| PB 0x0000000768200000| Complete |  0
| 796|0x0000000768400000, 0x0000000768600000, 0x0000000768600000|100%|HC|  |TAMS 0x0000000768400000| PB 0x0000000768400000| Complete |  0
| 797|0x0000000768600000, 0x0000000768800000, 0x0000000768800000|100%|HS|  |TAMS 0x0000000768600000| PB 0x0000000768600000| Complete |  0
| 798|0x0000000768800000, 0x0000000768a00000, 0x0000000768a00000|100%|HC|  |TAMS 0x0000000768800000| PB 0x0000000768800000| Complete |  0
| 799|0x0000000768a00000, 0x0000000768c00000, 0x0000000768c00000|100%|HS|  |TAMS 0x0000000768a00000| PB 0x0000000768a00000| Complete |  0
| 800|0x0000000768c00000, 0x0000000768e00000, 0x0000000768e00000|100%|HC|  |TAMS 0x0000000768c00000| PB 0x0000000768c00000| Complete |  0
| 801|0x0000000768e00000, 0x0000000769000000, 0x0000000769000000|100%|HS|  |TAMS 0x0000000768e00000| PB 0x0000000768e00000| Complete |  0
| 802|0x0000000769000000, 0x0000000769200000, 0x0000000769200000|100%|HC|  |TAMS 0x0000000769000000| PB 0x0000000769000000| Complete |  0
| 803|0x0000000769200000, 0x0000000769400000, 0x0000000769400000|100%|HS|  |TAMS 0x0000000769200000| PB 0x0000000769200000| Complete |  0
| 804|0x0000000769400000, 0x0000000769600000, 0x0000000769600000|100%|HC|  |TAMS 0x0000000769400000| PB 0x0000000769400000| Complete |  0
| 805|0x0000000769600000, 0x0000000769800000, 0x0000000769800000|100%|HS|  |TAMS 0x0000000769600000| PB 0x0000000769600000| Complete |  0
| 806|0x0000000769800000, 0x0000000769a00000, 0x0000000769a00000|100%|HC|  |TAMS 0x0000000769800000| PB 0x0000000769800000| Complete |  0
| 807|0x0000000769a00000, 0x0000000769c00000, 0x0000000769c00000|100%|HS|  |TAMS 0x0000000769a00000| PB 0x0000000769a00000| Complete |  0
| 808|0x0000000769c00000, 0x0000000769e00000, 0x0000000769e00000|100%|HC|  |TAMS 0x0000000769c00000| PB 0x0000000769c00000| Complete |  0
| 809|0x0000000769e00000, 0x000000076a000000, 0x000000076a000000|100%|HS|  |TAMS 0x0000000769e00000| PB 0x0000000769e00000| Complete |  0
| 810|0x000000076a000000, 0x000000076a200000, 0x000000076a200000|100%|HC|  |TAMS 0x000000076a000000| PB 0x000000076a000000| Complete |  0
| 811|0x000000076a200000, 0x000000076a400000, 0x000000076a400000|100%|HS|  |TAMS 0x000000076a200000| PB 0x000000076a200000| Complete |  0
| 812|0x000000076a400000, 0x000000076a600000, 0x000000076a600000|100%|HC|  |TAMS 0x000000076a400000| PB 0x000000076a400000| Complete |  0
| 813|0x000000076a600000, 0x000000076a800000, 0x000000076a800000|100%|HS|  |TAMS 0x000000076a600000| PB 0x000000076a600000| Complete |  0
| 814|0x000000076a800000, 0x000000076aa00000, 0x000000076aa00000|100%|HC|  |TAMS 0x000000076a800000| PB 0x000000076a800000| Complete |  0
| 815|0x000000076aa00000, 0x000000076ac00000, 0x000000076ac00000|100%|HS|  |TAMS 0x000000076aa00000| PB 0x000000076aa00000| Complete |  0
| 816|0x000000076ac00000, 0x000000076ae00000, 0x000000076ae00000|100%|HC|  |TAMS 0x000000076ac00000| PB 0x000000076ac00000| Complete |  0
| 817|0x000000076ae00000, 0x000000076b000000, 0x000000076b000000|100%|HS|  |TAMS 0x000000076ae00000| PB 0x000000076ae00000| Complete |  0
| 818|0x000000076b000000, 0x000000076b200000, 0x000000076b200000|100%|HC|  |TAMS 0x000000076b000000| PB 0x000000076b000000| Complete |  0
| 819|0x000000076b200000, 0x000000076b400000, 0x000000076b400000|100%|HS|  |TAMS 0x000000076b200000| PB 0x000000076b200000| Complete |  0
| 820|0x000000076b400000, 0x000000076b600000, 0x000000076b600000|100%|HC|  |TAMS 0x000000076b400000| PB 0x000000076b400000| Complete |  0
| 821|0x000000076b600000, 0x000000076b800000, 0x000000076b800000|100%|HS|  |TAMS 0x000000076b600000| PB 0x000000076b600000| Complete |  0
| 822|0x000000076b800000, 0x000000076ba00000, 0x000000076ba00000|100%|HC|  |TAMS 0x000000076b800000| PB 0x000000076b800000| Complete |  0
| 823|0x000000076ba00000, 0x000000076bc00000, 0x000000076bc00000|100%|HS|  |TAMS 0x000000076ba00000| PB 0x000000076ba00000| Complete |  0
| 824|0x000000076bc00000, 0x000000076be00000, 0x000000076be00000|100%|HC|  |TAMS 0x000000076bc00000| PB 0x000000076bc00000| Complete |  0
| 825|0x000000076be00000, 0x000000076c000000, 0x000000076c000000|100%|HS|  |TAMS 0x000000076be00000| PB 0x000000076be00000| Complete |  0
| 826|0x000000076c000000, 0x000000076c200000, 0x000000076c200000|100%|HC|  |TAMS 0x000000076c000000| PB 0x000000076c000000| Complete |  0
| 827|0x000000076c200000, 0x000000076c400000, 0x000000076c400000|100%|HS|  |TAMS 0x000000076c200000| PB 0x000000076c200000| Complete |  0
| 828|0x000000076c400000, 0x000000076c600000, 0x000000076c600000|100%|HC|  |TAMS 0x000000076c400000| PB 0x000000076c400000| Complete |  0
| 829|0x000000076c600000, 0x000000076c800000, 0x000000076c800000|100%|HS|  |TAMS 0x000000076c600000| PB 0x000000076c600000| Complete |  0
| 830|0x000000076c800000, 0x000000076ca00000, 0x000000076ca00000|100%|HC|  |TAMS 0x000000076c800000| PB 0x000000076c800000| Complete |  0
| 831|0x000000076ca00000, 0x000000076cc00000, 0x000000076cc00000|100%|HS|  |TAMS 0x000000076ca00000| PB 0x000000076ca00000| Complete |  0
| 832|0x000000076cc00000, 0x000000076ce00000, 0x000000076ce00000|100%|HC|  |TAMS 0x000000076cc00000| PB 0x000000076cc00000| Complete |  0
| 833|0x000000076ce00000, 0x000000076d000000, 0x000000076d000000|100%|HS|  |TAMS 0x000000076ce00000| PB 0x000000076ce00000| Complete |  0
| 834|0x000000076d000000, 0x000000076d200000, 0x000000076d200000|100%|HC|  |TAMS 0x000000076d000000| PB 0x000000076d000000| Complete |  0
| 835|0x000000076d200000, 0x000000076d400000, 0x000000076d400000|100%|HS|  |TAMS 0x000000076d200000| PB 0x000000076d200000| Complete |  0
| 836|0x000000076d400000, 0x000000076d600000, 0x000000076d600000|100%|HC|  |TAMS 0x000000076d400000| PB 0x000000076d400000| Complete |  0
| 837|0x000000076d600000, 0x000000076d800000, 0x000000076d800000|100%|HS|  |TAMS 0x000000076d600000| PB 0x000000076d600000| Complete |  0
| 838|0x000000076d800000, 0x000000076da00000, 0x000000076da00000|100%|HC|  |TAMS 0x000000076d800000| PB 0x000000076d800000| Complete |  0
| 839|0x000000076da00000, 0x000000076dc00000, 0x000000076dc00000|100%|HS|  |TAMS 0x000000076da00000| PB 0x000000076da00000| Complete |  0
| 840|0x000000076dc00000, 0x000000076de00000, 0x000000076de00000|100%|HC|  |TAMS 0x000000076dc00000| PB 0x000000076dc00000| Complete |  0
| 841|0x000000076de00000, 0x000000076e000000, 0x000000076e000000|100%|HS|  |TAMS 0x000000076de00000| PB 0x000000076de00000| Complete |  0
| 842|0x000000076e000000, 0x000000076e200000, 0x000000076e200000|100%|HC|  |TAMS 0x000000076e000000| PB 0x000000076e000000| Complete |  0
| 843|0x000000076e200000, 0x000000076e400000, 0x000000076e400000|100%|HS|  |TAMS 0x000000076e200000| PB 0x000000076e200000| Complete |  0
| 844|0x000000076e400000, 0x000000076e600000, 0x000000076e600000|100%|HC|  |TAMS 0x000000076e400000| PB 0x000000076e400000| Complete |  0
| 845|0x000000076e600000, 0x000000076e800000, 0x000000076e800000|100%|HS|  |TAMS 0x000000076e600000| PB 0x000000076e600000| Complete |  0
| 846|0x000000076e800000, 0x000000076ea00000, 0x000000076ea00000|100%|HC|  |TAMS 0x000000076e800000| PB 0x000000076e800000| Complete |  0
| 847|0x000000076ea00000, 0x000000076ec00000, 0x000000076ec00000|100%|HS|  |TAMS 0x000000076ea00000| PB 0x000000076ea00000| Complete |  0
| 848|0x000000076ec00000, 0x000000076ee00000, 0x000000076ee00000|100%|HC|  |TAMS 0x000000076ec00000| PB 0x000000076ec00000| Complete |  0
| 849|0x000000076ee00000, 0x000000076f000000, 0x000000076f000000|100%|HS|  |TAMS 0x000000076ee00000| PB 0x000000076ee00000| Complete |  0
| 850|0x000000076f000000, 0x000000076f200000, 0x000000076f200000|100%|HC|  |TAMS 0x000000076f000000| PB 0x000000076f000000| Complete |  0
| 851|0x000000076f200000, 0x000000076f400000, 0x000000076f400000|100%|HS|  |TAMS 0x000000076f200000| PB 0x000000076f200000| Complete |  0
| 852|0x000000076f400000, 0x000000076f600000, 0x000000076f600000|100%|HC|  |TAMS 0x000000076f400000| PB 0x000000076f400000| Complete |  0
| 853|0x000000076f600000, 0x000000076f800000, 0x000000076f800000|100%|HS|  |TAMS 0x000000076f600000| PB 0x000000076f600000| Complete |  0
| 854|0x000000076f800000, 0x000000076fa00000, 0x000000076fa00000|100%|HC|  |TAMS 0x000000076f800000| PB 0x000000076f800000| Complete |  0
| 855|0x000000076fa00000, 0x000000076fc00000, 0x000000076fc00000|100%|HS|  |TAMS 0x000000076fa00000| PB 0x000000076fa00000| Complete |  0
| 856|0x000000076fc00000, 0x000000076fe00000, 0x000000076fe00000|100%|HC|  |TAMS 0x000000076fc00000| PB 0x000000076fc00000| Complete |  0
| 857|0x000000076fe00000, 0x0000000770000000, 0x0000000770000000|100%|HS|  |TAMS 0x000000076fe00000| PB 0x000000076fe00000| Complete |  0
| 858|0x0000000770000000, 0x0000000770200000, 0x0000000770200000|100%|HC|  |TAMS 0x0000000770000000| PB 0x0000000770000000| Complete |  0
| 859|0x0000000770200000, 0x0000000770400000, 0x0000000770400000|100%|HS|  |TAMS 0x0000000770200000| PB 0x0000000770200000| Complete |  0
| 860|0x0000000770400000, 0x0000000770600000, 0x0000000770600000|100%|HC|  |TAMS 0x0000000770400000| PB 0x0000000770400000| Complete |  0
| 861|0x0000000770600000, 0x0000000770800000, 0x0000000770800000|100%|HS|  |TAMS 0x0000000770600000| PB 0x0000000770600000| Complete |  0
| 862|0x0000000770800000, 0x0000000770a00000, 0x0000000770a00000|100%|HC|  |TAMS 0x0000000770800000| PB 0x0000000770800000| Complete |  0
| 863|0x0000000770a00000, 0x0000000770c00000, 0x0000000770c00000|100%|HS|  |TAMS 0x0000000770a00000| PB 0x0000000770a00000| Complete |  0
| 864|0x0000000770c00000, 0x0000000770e00000, 0x0000000770e00000|100%|HC|  |TAMS 0x0000000770c00000| PB 0x0000000770c00000| Complete |  0
| 865|0x0000000770e00000, 0x0000000771000000, 0x0000000771000000|100%|HS|  |TAMS 0x0000000770e00000| PB 0x0000000770e00000| Complete |  0
| 866|0x0000000771000000, 0x0000000771200000, 0x0000000771200000|100%|HC|  |TAMS 0x0000000771000000| PB 0x0000000771000000| Complete |  0
| 867|0x0000000771200000, 0x0000000771400000, 0x0000000771400000|100%|HS|  |TAMS 0x0000000771200000| PB 0x0000000771200000| Complete |  0
| 868|0x0000000771400000, 0x0000000771600000, 0x0000000771600000|100%|HC|  |TAMS 0x0000000771400000| PB 0x0000000771400000| Complete |  0
| 869|0x0000000771600000, 0x0000000771800000, 0x0000000771800000|100%|HS|  |TAMS 0x0000000771600000| PB 0x0000000771600000| Complete |  0
| 870|0x0000000771800000, 0x0000000771a00000, 0x0000000771a00000|100%|HC|  |TAMS 0x0000000771800000| PB 0x0000000771800000| Complete |  0
| 871|0x0000000771a00000, 0x0000000771c00000, 0x0000000771c00000|100%|HS|  |TAMS 0x0000000771a00000| PB 0x0000000771a00000| Complete |  0
| 872|0x0000000771c00000, 0x0000000771e00000, 0x0000000771e00000|100%|HC|  |TAMS 0x0000000771c00000| PB 0x0000000771c00000| Complete |  0
| 873|0x0000000771e00000, 0x0000000772000000, 0x0000000772000000|100%|HS|  |TAMS 0x0000000771e00000| PB 0x0000000771e00000| Complete |  0
| 874|0x0000000772000000, 0x0000000772200000, 0x0000000772200000|100%|HC|  |TAMS 0x0000000772000000| PB 0x0000000772000000| Complete |  0
| 875|0x0000000772200000, 0x0000000772400000, 0x0000000772400000|100%|HS|  |TAMS 0x0000000772200000| PB 0x0000000772200000| Complete |  0
| 876|0x0000000772400000, 0x0000000772600000, 0x0000000772600000|100%|HC|  |TAMS 0x0000000772400000| PB 0x0000000772400000| Complete |  0
| 877|0x0000000772600000, 0x0000000772800000, 0x0000000772800000|100%|HS|  |TAMS 0x0000000772600000| PB 0x0000000772600000| Complete |  0
| 878|0x0000000772800000, 0x0000000772a00000, 0x0000000772a00000|100%|HC|  |TAMS 0x0000000772800000| PB 0x0000000772800000| Complete |  0
| 879|0x0000000772a00000, 0x0000000772c00000, 0x0000000772c00000|100%|HS|  |TAMS 0x0000000772a00000| PB 0x0000000772a00000| Complete |  0
| 880|0x0000000772c00000, 0x0000000772e00000, 0x0000000772e00000|100%|HC|  |TAMS 0x0000000772c00000| PB 0x0000000772c00000| Complete |  0
| 881|0x0000000772e00000, 0x0000000773000000, 0x0000000773000000|100%|HS|  |TAMS 0x0000000772e00000| PB 0x0000000772e00000| Complete |  0
| 882|0x0000000773000000, 0x0000000773200000, 0x0000000773200000|100%|HC|  |TAMS 0x0000000773000000| PB 0x0000000773000000| Complete |  0
| 883|0x0000000773200000, 0x0000000773400000, 0x0000000773400000|100%|HS|  |TAMS 0x0000000773200000| PB 0x0000000773200000| Complete |  0
| 884|0x0000000773400000, 0x0000000773600000, 0x0000000773600000|100%|HC|  |TAMS 0x0000000773400000| PB 0x0000000773400000| Complete |  0
| 885|0x0000000773600000, 0x0000000773800000, 0x0000000773800000|100%|HS|  |TAMS 0x0000000773600000| PB 0x0000000773600000| Complete |  0
| 886|0x0000000773800000, 0x0000000773a00000, 0x0000000773a00000|100%|HC|  |TAMS 0x0000000773800000| PB 0x0000000773800000| Complete |  0
| 887|0x0000000773a00000, 0x0000000773c00000, 0x0000000773c00000|100%|HS|  |TAMS 0x0000000773a00000| PB 0x0000000773a00000| Complete |  0
| 888|0x0000000773c00000, 0x0000000773e00000, 0x0000000773e00000|100%|HC|  |TAMS 0x0000000773c00000| PB 0x0000000773c00000| Complete |  0
| 889|0x0000000773e00000, 0x0000000774000000, 0x0000000774000000|100%|HS|  |TAMS 0x0000000773e00000| PB 0x0000000773e00000| Complete |  0
| 890|0x0000000774000000, 0x0000000774200000, 0x0000000774200000|100%|HC|  |TAMS 0x0000000774000000| PB 0x0000000774000000| Complete |  0
| 891|0x0000000774200000, 0x0000000774400000, 0x0000000774400000|100%|HS|  |TAMS 0x0000000774200000| PB 0x0000000774200000| Complete |  0
| 892|0x0000000774400000, 0x0000000774600000, 0x0000000774600000|100%|HC|  |TAMS 0x0000000774400000| PB 0x0000000774400000| Complete |  0
| 893|0x0000000774600000, 0x0000000774800000, 0x0000000774800000|100%|HS|  |TAMS 0x0000000774600000| PB 0x0000000774600000| Complete |  0
| 894|0x0000000774800000, 0x0000000774a00000, 0x0000000774a00000|100%|HC|  |TAMS 0x0000000774800000| PB 0x0000000774800000| Complete |  0
| 895|0x0000000774a00000, 0x0000000774c00000, 0x0000000774c00000|100%|HS|  |TAMS 0x0000000774a00000| PB 0x0000000774a00000| Complete |  0
| 896|0x0000000774c00000, 0x0000000774e00000, 0x0000000774e00000|100%|HC|  |TAMS 0x0000000774c00000| PB 0x0000000774c00000| Complete |  0
| 897|0x0000000774e00000, 0x0000000775000000, 0x0000000775000000|100%|HS|  |TAMS 0x0000000774e00000| PB 0x0000000774e00000| Complete |  0
| 898|0x0000000775000000, 0x0000000775200000, 0x0000000775200000|100%|HC|  |TAMS 0x0000000775000000| PB 0x0000000775000000| Complete |  0
| 899|0x0000000775200000, 0x0000000775400000, 0x0000000775400000|100%|HS|  |TAMS 0x0000000775200000| PB 0x0000000775200000| Complete |  0
| 900|0x0000000775400000, 0x0000000775600000, 0x0000000775600000|100%|HC|  |TAMS 0x0000000775400000| PB 0x0000000775400000| Complete |  0
| 901|0x0000000775600000, 0x0000000775800000, 0x0000000775800000|100%|HS|  |TAMS 0x0000000775600000| PB 0x0000000775600000| Complete |  0
| 902|0x0000000775800000, 0x0000000775a00000, 0x0000000775a00000|100%|HC|  |TAMS 0x0000000775800000| PB 0x0000000775800000| Complete |  0
| 903|0x0000000775a00000, 0x0000000775c00000, 0x0000000775c00000|100%|HS|  |TAMS 0x0000000775a00000| PB 0x0000000775a00000| Complete |  0
| 904|0x0000000775c00000, 0x0000000775e00000, 0x0000000775e00000|100%|HC|  |TAMS 0x0000000775c00000| PB 0x0000000775c00000| Complete |  0
| 905|0x0000000775e00000, 0x0000000776000000, 0x0000000776000000|100%|HS|  |TAMS 0x0000000775e00000| PB 0x0000000775e00000| Complete |  0
| 906|0x0000000776000000, 0x0000000776200000, 0x0000000776200000|100%|HC|  |TAMS 0x0000000776000000| PB 0x0000000776000000| Complete |  0
| 907|0x0000000776200000, 0x0000000776400000, 0x0000000776400000|100%|HS|  |TAMS 0x0000000776200000| PB 0x0000000776200000| Complete |  0
| 908|0x0000000776400000, 0x0000000776600000, 0x0000000776600000|100%|HC|  |TAMS 0x0000000776400000| PB 0x0000000776400000| Complete |  0
| 909|0x0000000776600000, 0x0000000776800000, 0x0000000776800000|100%|HS|  |TAMS 0x0000000776600000| PB 0x0000000776600000| Complete |  0
| 910|0x0000000776800000, 0x0000000776a00000, 0x0000000776a00000|100%|HC|  |TAMS 0x0000000776800000| PB 0x0000000776800000| Complete |  0
| 911|0x0000000776a00000, 0x0000000776c00000, 0x0000000776c00000|100%|HS|  |TAMS 0x0000000776a00000| PB 0x0000000776a00000| Complete |  0
| 912|0x0000000776c00000, 0x0000000776e00000, 0x0000000776e00000|100%|HC|  |TAMS 0x0000000776c00000| PB 0x0000000776c00000| Complete |  0
| 913|0x0000000776e00000, 0x0000000777000000, 0x0000000777000000|100%|HS|  |TAMS 0x0000000776e00000| PB 0x0000000776e00000| Complete |  0
| 914|0x0000000777000000, 0x0000000777200000, 0x0000000777200000|100%|HC|  |TAMS 0x0000000777000000| PB 0x0000000777000000| Complete |  0
| 915|0x0000000777200000, 0x0000000777400000, 0x0000000777400000|100%|HS|  |TAMS 0x0000000777200000| PB 0x0000000777200000| Complete |  0
| 916|0x0000000777400000, 0x0000000777600000, 0x0000000777600000|100%|HC|  |TAMS 0x0000000777400000| PB 0x0000000777400000| Complete |  0
| 917|0x0000000777600000, 0x0000000777800000, 0x0000000777800000|100%|HS|  |TAMS 0x0000000777600000| PB 0x0000000777600000| Complete |  0
| 918|0x0000000777800000, 0x0000000777a00000, 0x0000000777a00000|100%|HC|  |TAMS 0x0000000777800000| PB 0x0000000777800000| Complete |  0
| 919|0x0000000777a00000, 0x0000000777c00000, 0x0000000777c00000|100%|HS|  |TAMS 0x0000000777a00000| PB 0x0000000777a00000| Complete |  0
| 920|0x0000000777c00000, 0x0000000777e00000, 0x0000000777e00000|100%|HC|  |TAMS 0x0000000777c00000| PB 0x0000000777c00000| Complete |  0
| 921|0x0000000777e00000, 0x0000000778000000, 0x0000000778000000|100%|HS|  |TAMS 0x0000000777e00000| PB 0x0000000777e00000| Complete |  0
| 922|0x0000000778000000, 0x0000000778200000, 0x0000000778200000|100%|HC|  |TAMS 0x0000000778000000| PB 0x0000000778000000| Complete |  0
| 923|0x0000000778200000, 0x0000000778400000, 0x0000000778400000|100%|HS|  |TAMS 0x0000000778200000| PB 0x0000000778200000| Complete |  0
| 924|0x0000000778400000, 0x0000000778600000, 0x0000000778600000|100%|HC|  |TAMS 0x0000000778400000| PB 0x0000000778400000| Complete |  0
| 925|0x0000000778600000, 0x0000000778800000, 0x0000000778800000|100%|HS|  |TAMS 0x0000000778600000| PB 0x0000000778600000| Complete |  0
| 926|0x0000000778800000, 0x0000000778a00000, 0x0000000778a00000|100%|HC|  |TAMS 0x0000000778800000| PB 0x0000000778800000| Complete |  0
| 927|0x0000000778a00000, 0x0000000778c00000, 0x0000000778c00000|100%|HS|  |TAMS 0x0000000778a00000| PB 0x0000000778a00000| Complete |  0
| 928|0x0000000778c00000, 0x0000000778e00000, 0x0000000778e00000|100%|HC|  |TAMS 0x0000000778c00000| PB 0x0000000778c00000| Complete |  0
| 929|0x0000000778e00000, 0x0000000779000000, 0x0000000779000000|100%|HS|  |TAMS 0x0000000778e00000| PB 0x0000000778e00000| Complete |  0
| 930|0x0000000779000000, 0x0000000779200000, 0x0000000779200000|100%|HC|  |TAMS 0x0000000779000000| PB 0x0000000779000000| Complete |  0
| 931|0x0000000779200000, 0x0000000779400000, 0x0000000779400000|100%|HS|  |TAMS 0x0000000779200000| PB 0x0000000779200000| Complete |  0
| 932|0x0000000779400000, 0x0000000779600000, 0x0000000779600000|100%|HC|  |TAMS 0x0000000779400000| PB 0x0000000779400000| Complete |  0
| 933|0x0000000779600000, 0x0000000779800000, 0x0000000779800000|100%|HS|  |TAMS 0x0000000779600000| PB 0x0000000779600000| Complete |  0
| 934|0x0000000779800000, 0x0000000779a00000, 0x0000000779a00000|100%|HC|  |TAMS 0x0000000779800000| PB 0x0000000779800000| Complete |  0
| 935|0x0000000779a00000, 0x0000000779c00000, 0x0000000779c00000|100%|HS|  |TAMS 0x0000000779a00000| PB 0x0000000779a00000| Complete |  0
| 936|0x0000000779c00000, 0x0000000779e00000, 0x0000000779e00000|100%|HC|  |TAMS 0x0000000779c00000| PB 0x0000000779c00000| Complete |  0
| 937|0x0000000779e00000, 0x000000077a000000, 0x000000077a000000|100%|HS|  |TAMS 0x0000000779e00000| PB 0x0000000779e00000| Complete |  0
| 938|0x000000077a000000, 0x000000077a200000, 0x000000077a200000|100%|HC|  |TAMS 0x000000077a000000| PB 0x000000077a000000| Complete |  0
| 939|0x000000077a200000, 0x000000077a400000, 0x000000077a400000|100%|HS|  |TAMS 0x000000077a200000| PB 0x000000077a200000| Complete |  0
| 940|0x000000077a400000, 0x000000077a600000, 0x000000077a600000|100%|HC|  |TAMS 0x000000077a400000| PB 0x000000077a400000| Complete |  0
| 941|0x000000077a600000, 0x000000077a800000, 0x000000077a800000|100%|HS|  |TAMS 0x000000077a600000| PB 0x000000077a600000| Complete |  0
| 942|0x000000077a800000, 0x000000077aa00000, 0x000000077aa00000|100%|HC|  |TAMS 0x000000077a800000| PB 0x000000077a800000| Complete |  0
| 943|0x000000077aa00000, 0x000000077ac00000, 0x000000077ac00000|100%|HS|  |TAMS 0x000000077aa00000| PB 0x000000077aa00000| Complete |  0
| 944|0x000000077ac00000, 0x000000077ae00000, 0x000000077ae00000|100%|HC|  |TAMS 0x000000077ac00000| PB 0x000000077ac00000| Complete |  0
| 945|0x000000077ae00000, 0x000000077b000000, 0x000000077b000000|100%|HS|  |TAMS 0x000000077ae00000| PB 0x000000077ae00000| Complete |  0
| 946|0x000000077b000000, 0x000000077b200000, 0x000000077b200000|100%|HC|  |TAMS 0x000000077b000000| PB 0x000000077b000000| Complete |  0
| 947|0x000000077b200000, 0x000000077b400000, 0x000000077b400000|100%|HS|  |TAMS 0x000000077b200000| PB 0x000000077b200000| Complete |  0
| 948|0x000000077b400000, 0x000000077b600000, 0x000000077b600000|100%|HC|  |TAMS 0x000000077b400000| PB 0x000000077b400000| Complete |  0
| 949|0x000000077b600000, 0x000000077b800000, 0x000000077b800000|100%|HS|  |TAMS 0x000000077b600000| PB 0x000000077b600000| Complete |  0
| 950|0x000000077b800000, 0x000000077ba00000, 0x000000077ba00000|100%|HC|  |TAMS 0x000000077b800000| PB 0x000000077b800000| Complete |  0
| 951|0x000000077ba00000, 0x000000077bc00000, 0x000000077bc00000|100%|HS|  |TAMS 0x000000077ba00000| PB 0x000000077ba00000| Complete |  0
| 952|0x000000077bc00000, 0x000000077be00000, 0x000000077be00000|100%|HC|  |TAMS 0x000000077bc00000| PB 0x000000077bc00000| Complete |  0
| 953|0x000000077be00000, 0x000000077c000000, 0x000000077c000000|100%|HS|  |TAMS 0x000000077be00000| PB 0x000000077be00000| Complete |  0
| 954|0x000000077c000000, 0x000000077c200000, 0x000000077c200000|100%|HC|  |TAMS 0x000000077c000000| PB 0x000000077c000000| Complete |  0
| 955|0x000000077c200000, 0x000000077c400000, 0x000000077c400000|100%|HS|  |TAMS 0x000000077c200000| PB 0x000000077c200000| Complete |  0
| 956|0x000000077c400000, 0x000000077c600000, 0x000000077c600000|100%|HC|  |TAMS 0x000000077c400000| PB 0x000000077c400000| Complete |  0
| 957|0x000000077c600000, 0x000000077c800000, 0x000000077c800000|100%|HS|  |TAMS 0x000000077c600000| PB 0x000000077c600000| Complete |  0
| 958|0x000000077c800000, 0x000000077ca00000, 0x000000077ca00000|100%|HC|  |TAMS 0x000000077c800000| PB 0x000000077c800000| Complete |  0
| 959|0x000000077ca00000, 0x000000077cc00000, 0x000000077cc00000|100%|HS|  |TAMS 0x000000077ca00000| PB 0x000000077ca00000| Complete |  0
| 960|0x000000077cc00000, 0x000000077ce00000, 0x000000077ce00000|100%|HC|  |TAMS 0x000000077cc00000| PB 0x000000077cc00000| Complete |  0
| 961|0x000000077ce00000, 0x000000077d000000, 0x000000077d000000|100%|HS|  |TAMS 0x000000077ce00000| PB 0x000000077ce00000| Complete |  0
| 962|0x000000077d000000, 0x000000077d200000, 0x000000077d200000|100%|HC|  |TAMS 0x000000077d000000| PB 0x000000077d000000| Complete |  0
| 963|0x000000077d200000, 0x000000077d400000, 0x000000077d400000|100%|HS|  |TAMS 0x000000077d200000| PB 0x000000077d200000| Complete |  0
| 964|0x000000077d400000, 0x000000077d600000, 0x000000077d600000|100%|HC|  |TAMS 0x000000077d400000| PB 0x000000077d400000| Complete |  0
| 965|0x000000077d600000, 0x000000077d800000, 0x000000077d800000|100%|HS|  |TAMS 0x000000077d600000| PB 0x000000077d600000| Complete |  0
| 966|0x000000077d800000, 0x000000077da00000, 0x000000077da00000|100%|HC|  |TAMS 0x000000077d800000| PB 0x000000077d800000| Complete |  0
| 967|0x000000077da00000, 0x000000077dc00000, 0x000000077dc00000|100%|HS|  |TAMS 0x000000077da00000| PB 0x000000077da00000| Complete |  0
| 968|0x000000077dc00000, 0x000000077de00000, 0x000000077de00000|100%|HC|  |TAMS 0x000000077dc00000| PB 0x000000077dc00000| Complete |  0
| 969|0x000000077de00000, 0x000000077e000000, 0x000000077e000000|100%|HS|  |TAMS 0x000000077de00000| PB 0x000000077de00000| Complete |  0
| 970|0x000000077e000000, 0x000000077e200000, 0x000000077e200000|100%|HC|  |TAMS 0x000000077e000000| PB 0x000000077e000000| Complete |  0
| 971|0x000000077e200000, 0x000000077e400000, 0x000000077e400000|100%|HS|  |TAMS 0x000000077e200000| PB 0x000000077e200000| Complete |  0
| 972|0x000000077e400000, 0x000000077e600000, 0x000000077e600000|100%|HC|  |TAMS 0x000000077e400000| PB 0x000000077e400000| Complete |  0
| 973|0x000000077e600000, 0x000000077e800000, 0x000000077e800000|100%|HS|  |TAMS 0x000000077e600000| PB 0x000000077e600000| Complete |  0
| 974|0x000000077e800000, 0x000000077ea00000, 0x000000077ea00000|100%|HC|  |TAMS 0x000000077e800000| PB 0x000000077e800000| Complete |  0
| 975|0x000000077ea00000, 0x000000077ec00000, 0x000000077ec00000|100%|HS|  |TAMS 0x000000077ea00000| PB 0x000000077ea00000| Complete |  0
| 976|0x000000077ec00000, 0x000000077ee00000, 0x000000077ee00000|100%|HC|  |TAMS 0x000000077ec00000| PB 0x000000077ec00000| Complete |  0
| 977|0x000000077ee00000, 0x000000077f000000, 0x000000077f000000|100%|HS|  |TAMS 0x000000077ee00000| PB 0x000000077ee00000| Complete |  0
| 978|0x000000077f000000, 0x000000077f200000, 0x000000077f200000|100%|HC|  |TAMS 0x000000077f000000| PB 0x000000077f000000| Complete |  0
| 979|0x000000077f200000, 0x000000077f400000, 0x000000077f400000|100%|HS|  |TAMS 0x000000077f200000| PB 0x000000077f200000| Complete |  0
| 980|0x000000077f400000, 0x000000077f600000, 0x000000077f600000|100%|HC|  |TAMS 0x000000077f400000| PB 0x000000077f400000| Complete |  0
| 981|0x000000077f600000, 0x000000077f800000, 0x000000077f800000|100%|HS|  |TAMS 0x000000077f600000| PB 0x000000077f600000| Complete |  0
| 982|0x000000077f800000, 0x000000077fa00000, 0x000000077fa00000|100%|HC|  |TAMS 0x000000077f800000| PB 0x000000077f800000| Complete |  0
| 983|0x000000077fa00000, 0x000000077fc00000, 0x000000077fc00000|100%|HS|  |TAMS 0x000000077fa00000| PB 0x000000077fa00000| Complete |  0
| 984|0x000000077fc00000, 0x000000077fe00000, 0x000000077fe00000|100%|HC|  |TAMS 0x000000077fc00000| PB 0x000000077fc00000| Complete |  0
| 985|0x000000077fe00000, 0x0000000780000000, 0x0000000780000000|100%|HS|  |TAMS 0x000000077fe00000| PB 0x000000077fe00000| Complete |  0
| 986|0x0000000780000000, 0x0000000780200000, 0x0000000780200000|100%|HC|  |TAMS 0x0000000780000000| PB 0x0000000780000000| Complete |  0
| 987|0x0000000780200000, 0x0000000780400000, 0x0000000780400000|100%|HS|  |TAMS 0x0000000780200000| PB 0x0000000780200000| Complete |  0
| 988|0x0000000780400000, 0x0000000780600000, 0x0000000780600000|100%|HC|  |TAMS 0x0000000780400000| PB 0x0000000780400000| Complete |  0
| 989|0x0000000780600000, 0x0000000780800000, 0x0000000780800000|100%|HS|  |TAMS 0x0000000780600000| PB 0x0000000780600000| Complete |  0
| 990|0x0000000780800000, 0x0000000780a00000, 0x0000000780a00000|100%|HC|  |TAMS 0x0000000780800000| PB 0x0000000780800000| Complete |  0
| 991|0x0000000780a00000, 0x0000000780c00000, 0x0000000780c00000|100%|HS|  |TAMS 0x0000000780a00000| PB 0x0000000780a00000| Complete |  0
| 992|0x0000000780c00000, 0x0000000780e00000, 0x0000000780e00000|100%|HC|  |TAMS 0x0000000780c00000| PB 0x0000000780c00000| Complete |  0
| 993|0x0000000780e00000, 0x0000000781000000, 0x0000000781000000|100%|HS|  |TAMS 0x0000000780e00000| PB 0x0000000780e00000| Complete |  0
| 994|0x0000000781000000, 0x0000000781200000, 0x0000000781200000|100%|HC|  |TAMS 0x0000000781000000| PB 0x0000000781000000| Complete |  0
| 995|0x0000000781200000, 0x0000000781400000, 0x0000000781400000|100%|HS|  |TAMS 0x0000000781200000| PB 0x0000000781200000| Complete |  0
| 996|0x0000000781400000, 0x0000000781600000, 0x0000000781600000|100%|HC|  |TAMS 0x0000000781400000| PB 0x0000000781400000| Complete |  0
| 997|0x0000000781600000, 0x0000000781800000, 0x0000000781800000|100%|HS|  |TAMS 0x0000000781600000| PB 0x0000000781600000| Complete |  0
| 998|0x0000000781800000, 0x0000000781a00000, 0x0000000781a00000|100%|HC|  |TAMS 0x0000000781800000| PB 0x0000000781800000| Complete |  0
| 999|0x0000000781a00000, 0x0000000781c00000, 0x0000000781c00000|100%|HS|  |TAMS 0x0000000781a00000| PB 0x0000000781a00000| Complete |  0
|1000|0x0000000781c00000, 0x0000000781e00000, 0x0000000781e00000|100%|HC|  |TAMS 0x0000000781c00000| PB 0x0000000781c00000| Complete |  0
|1001|0x0000000781e00000, 0x0000000782000000, 0x0000000782000000|100%|HS|  |TAMS 0x0000000781e00000| PB 0x0000000781e00000| Complete |  0
|1002|0x0000000782000000, 0x0000000782200000, 0x0000000782200000|100%|HC|  |TAMS 0x0000000782000000| PB 0x0000000782000000| Complete |  0
|1003|0x0000000782200000, 0x0000000782400000, 0x0000000782400000|100%|HS|  |TAMS 0x0000000782200000| PB 0x0000000782200000| Complete |  0
|1004|0x0000000782400000, 0x0000000782600000, 0x0000000782600000|100%|HC|  |TAMS 0x0000000782400000| PB 0x0000000782400000| Complete |  0
|1005|0x0000000782600000, 0x0000000782800000, 0x0000000782800000|100%|HS|  |TAMS 0x0000000782600000| PB 0x0000000782600000| Complete |  0
|1006|0x0000000782800000, 0x0000000782a00000, 0x0000000782a00000|100%|HC|  |TAMS 0x0000000782800000| PB 0x0000000782800000| Complete |  0
|1007|0x0000000782a00000, 0x0000000782c00000, 0x0000000782c00000|100%|HS|  |TAMS 0x0000000782a00000| PB 0x0000000782a00000| Complete |  0
|1008|0x0000000782c00000, 0x0000000782e00000, 0x0000000782e00000|100%|HC|  |TAMS 0x0000000782c00000| PB 0x0000000782c00000| Complete |  0
|1009|0x0000000782e00000, 0x0000000783000000, 0x0000000783000000|100%|HS|  |TAMS 0x0000000782e00000| PB 0x0000000782e00000| Complete |  0
|1010|0x0000000783000000, 0x0000000783200000, 0x0000000783200000|100%|HC|  |TAMS 0x0000000783000000| PB 0x0000000783000000| Complete |  0
|1011|0x0000000783200000, 0x0000000783400000, 0x0000000783400000|100%|HS|  |TAMS 0x0000000783200000| PB 0x0000000783200000| Complete |  0
|1012|0x0000000783400000, 0x0000000783600000, 0x0000000783600000|100%|HC|  |TAMS 0x0000000783400000| PB 0x0000000783400000| Complete |  0
|1013|0x0000000783600000, 0x0000000783800000, 0x0000000783800000|100%|HS|  |TAMS 0x0000000783600000| PB 0x0000000783600000| Complete |  0
|1014|0x0000000783800000, 0x0000000783a00000, 0x0000000783a00000|100%|HC|  |TAMS 0x0000000783800000| PB 0x0000000783800000| Complete |  0
|1015|0x0000000783a00000, 0x0000000783c00000, 0x0000000783c00000|100%|HS|  |TAMS 0x0000000783a00000| PB 0x0000000783a00000| Complete |  0
|1016|0x0000000783c00000, 0x0000000783e00000, 0x0000000783e00000|100%|HC|  |TAMS 0x0000000783c00000| PB 0x0000000783c00000| Complete |  0
|1017|0x0000000783e00000, 0x0000000784000000, 0x0000000784000000|100%|HS|  |TAMS 0x0000000783e00000| PB 0x0000000783e00000| Complete |  0
|1018|0x0000000784000000, 0x0000000784200000, 0x0000000784200000|100%|HC|  |TAMS 0x0000000784000000| PB 0x0000000784000000| Complete |  0
|1019|0x0000000784200000, 0x0000000784400000, 0x0000000784400000|100%|HS|  |TAMS 0x0000000784200000| PB 0x0000000784200000| Complete |  0
|1020|0x0000000784400000, 0x0000000784600000, 0x0000000784600000|100%|HC|  |TAMS 0x0000000784400000| PB 0x0000000784400000| Complete |  0
|1021|0x0000000784600000, 0x0000000784800000, 0x0000000784800000|100%|HS|  |TAMS 0x0000000784600000| PB 0x0000000784600000| Complete |  0
|1022|0x0000000784800000, 0x0000000784a00000, 0x0000000784a00000|100%|HC|  |TAMS 0x0000000784800000| PB 0x0000000784800000| Complete |  0
|1023|0x0000000784a00000, 0x0000000784c00000, 0x0000000784c00000|100%|HS|  |TAMS 0x0000000784a00000| PB 0x0000000784a00000| Complete |  0
|1024|0x0000000784c00000, 0x0000000784e00000, 0x0000000784e00000|100%|HC|  |TAMS 0x0000000784c00000| PB 0x0000000784c00000| Complete |  0
|1025|0x0000000784e00000, 0x0000000785000000, 0x0000000785000000|100%|HS|  |TAMS 0x0000000784e00000| PB 0x0000000784e00000| Complete |  0
|1026|0x0000000785000000, 0x0000000785200000, 0x0000000785200000|100%|HC|  |TAMS 0x0000000785000000| PB 0x0000000785000000| Complete |  0
|1027|0x0000000785200000, 0x0000000785400000, 0x0000000785400000|100%|HS|  |TAMS 0x0000000785200000| PB 0x0000000785200000| Complete |  0
|1028|0x0000000785400000, 0x0000000785600000, 0x0000000785600000|100%|HC|  |TAMS 0x0000000785400000| PB 0x0000000785400000| Complete |  0
|1029|0x0000000785600000, 0x0000000785800000, 0x0000000785800000|100%|HS|  |TAMS 0x0000000785600000| PB 0x0000000785600000| Complete |  0
|1030|0x0000000785800000, 0x0000000785a00000, 0x0000000785a00000|100%|HC|  |TAMS 0x0000000785800000| PB 0x0000000785800000| Complete |  0
|1031|0x0000000785a00000, 0x0000000785c00000, 0x0000000785c00000|100%|HS|  |TAMS 0x0000000785a00000| PB 0x0000000785a00000| Complete |  0
|1032|0x0000000785c00000, 0x0000000785e00000, 0x0000000785e00000|100%|HC|  |TAMS 0x0000000785c00000| PB 0x0000000785c00000| Complete |  0
|1033|0x0000000785e00000, 0x0000000786000000, 0x0000000786000000|100%|HS|  |TAMS 0x0000000785e00000| PB 0x0000000785e00000| Complete |  0
|1034|0x0000000786000000, 0x0000000786200000, 0x0000000786200000|100%|HC|  |TAMS 0x0000000786000000| PB 0x0000000786000000| Complete |  0
|1035|0x0000000786200000, 0x0000000786400000, 0x0000000786400000|100%|HS|  |TAMS 0x0000000786200000| PB 0x0000000786200000| Complete |  0
|1036|0x0000000786400000, 0x0000000786600000, 0x0000000786600000|100%|HC|  |TAMS 0x0000000786400000| PB 0x0000000786400000| Complete |  0
|1037|0x0000000786600000, 0x0000000786800000, 0x0000000786800000|100%|HS|  |TAMS 0x0000000786600000| PB 0x0000000786600000| Complete |  0
|1038|0x0000000786800000, 0x0000000786a00000, 0x0000000786a00000|100%|HC|  |TAMS 0x0000000786800000| PB 0x0000000786800000| Complete |  0
|1039|0x0000000786a00000, 0x0000000786c00000, 0x0000000786c00000|100%|HS|  |TAMS 0x0000000786a00000| PB 0x0000000786a00000| Complete |  0
|1040|0x0000000786c00000, 0x0000000786e00000, 0x0000000786e00000|100%|HC|  |TAMS 0x0000000786c00000| PB 0x0000000786c00000| Complete |  0
|1041|0x0000000786e00000, 0x0000000787000000, 0x0000000787000000|100%|HS|  |TAMS 0x0000000786e00000| PB 0x0000000786e00000| Complete |  0
|1042|0x0000000787000000, 0x0000000787200000, 0x0000000787200000|100%|HC|  |TAMS 0x0000000787000000| PB 0x0000000787000000| Complete |  0
|1043|0x0000000787200000, 0x0000000787400000, 0x0000000787400000|100%|HS|  |TAMS 0x0000000787200000| PB 0x0000000787200000| Complete |  0
|1044|0x0000000787400000, 0x0000000787600000, 0x0000000787600000|100%|HC|  |TAMS 0x0000000787400000| PB 0x0000000787400000| Complete |  0
|1045|0x0000000787600000, 0x0000000787800000, 0x0000000787800000|100%|HS|  |TAMS 0x0000000787600000| PB 0x0000000787600000| Complete |  0
|1046|0x0000000787800000, 0x0000000787a00000, 0x0000000787a00000|100%|HC|  |TAMS 0x0000000787800000| PB 0x0000000787800000| Complete |  0
|1047|0x0000000787a00000, 0x0000000787c00000, 0x0000000787c00000|100%|HS|  |TAMS 0x0000000787a00000| PB 0x0000000787a00000| Complete |  0
|1048|0x0000000787c00000, 0x0000000787e00000, 0x0000000787e00000|100%|HC|  |TAMS 0x0000000787c00000| PB 0x0000000787c00000| Complete |  0
|1049|0x0000000787e00000, 0x0000000788000000, 0x0000000788000000|100%|HS|  |TAMS 0x0000000787e00000| PB 0x0000000787e00000| Complete |  0
|1050|0x0000000788000000, 0x0000000788200000, 0x0000000788200000|100%|HC|  |TAMS 0x0000000788000000| PB 0x0000000788000000| Complete |  0
|1051|0x0000000788200000, 0x0000000788400000, 0x0000000788400000|100%|HS|  |TAMS 0x0000000788200000| PB 0x0000000788200000| Complete |  0
|1052|0x0000000788400000, 0x0000000788600000, 0x0000000788600000|100%|HC|  |TAMS 0x0000000788400000| PB 0x0000000788400000| Complete |  0
|1053|0x0000000788600000, 0x0000000788800000, 0x0000000788800000|100%|HS|  |TAMS 0x0000000788600000| PB 0x0000000788600000| Complete |  0
|1054|0x0000000788800000, 0x0000000788a00000, 0x0000000788a00000|100%|HC|  |TAMS 0x0000000788800000| PB 0x0000000788800000| Complete |  0
|1055|0x0000000788a00000, 0x0000000788c00000, 0x0000000788c00000|100%|HS|  |TAMS 0x0000000788a00000| PB 0x0000000788a00000| Complete |  0
|1056|0x0000000788c00000, 0x0000000788e00000, 0x0000000788e00000|100%|HC|  |TAMS 0x0000000788c00000| PB 0x0000000788c00000| Complete |  0
|1057|0x0000000788e00000, 0x0000000789000000, 0x0000000789000000|100%|HS|  |TAMS 0x0000000788e00000| PB 0x0000000788e00000| Complete |  0
|1058|0x0000000789000000, 0x0000000789200000, 0x0000000789200000|100%|HC|  |TAMS 0x0000000789000000| PB 0x0000000789000000| Complete |  0
|1059|0x0000000789200000, 0x0000000789400000, 0x0000000789400000|100%|HS|  |TAMS 0x0000000789200000| PB 0x0000000789200000| Complete |  0
|1060|0x0000000789400000, 0x0000000789600000, 0x0000000789600000|100%|HC|  |TAMS 0x0000000789400000| PB 0x0000000789400000| Complete |  0
|1061|0x0000000789600000, 0x0000000789800000, 0x0000000789800000|100%|HS|  |TAMS 0x0000000789600000| PB 0x0000000789600000| Complete |  0
|1062|0x0000000789800000, 0x0000000789a00000, 0x0000000789a00000|100%|HC|  |TAMS 0x0000000789800000| PB 0x0000000789800000| Complete |  0
|1063|0x0000000789a00000, 0x0000000789c00000, 0x0000000789c00000|100%|HS|  |TAMS 0x0000000789a00000| PB 0x0000000789a00000| Complete |  0
|1064|0x0000000789c00000, 0x0000000789e00000, 0x0000000789e00000|100%|HC|  |TAMS 0x0000000789c00000| PB 0x0000000789c00000| Complete |  0
|1065|0x0000000789e00000, 0x000000078a000000, 0x000000078a000000|100%|HS|  |TAMS 0x0000000789e00000| PB 0x0000000789e00000| Complete |  0
|1066|0x000000078a000000, 0x000000078a200000, 0x000000078a200000|100%|HC|  |TAMS 0x000000078a000000| PB 0x000000078a000000| Complete |  0
|1067|0x000000078a200000, 0x000000078a400000, 0x000000078a400000|100%|HS|  |TAMS 0x000000078a200000| PB 0x000000078a200000| Complete |  0
|1068|0x000000078a400000, 0x000000078a600000, 0x000000078a600000|100%|HC|  |TAMS 0x000000078a400000| PB 0x000000078a400000| Complete |  0
|1069|0x000000078a600000, 0x000000078a800000, 0x000000078a800000|100%|HS|  |TAMS 0x000000078a600000| PB 0x000000078a600000| Complete |  0
|1070|0x000000078a800000, 0x000000078aa00000, 0x000000078aa00000|100%|HC|  |TAMS 0x000000078a800000| PB 0x000000078a800000| Complete |  0
|1071|0x000000078aa00000, 0x000000078ac00000, 0x000000078ac00000|100%|HS|  |TAMS 0x000000078aa00000| PB 0x000000078aa00000| Complete |  0
|1072|0x000000078ac00000, 0x000000078ae00000, 0x000000078ae00000|100%|HC|  |TAMS 0x000000078ac00000| PB 0x000000078ac00000| Complete |  0
|1073|0x000000078ae00000, 0x000000078b000000, 0x000000078b000000|100%|HS|  |TAMS 0x000000078ae00000| PB 0x000000078ae00000| Complete |  0
|1074|0x000000078b000000, 0x000000078b200000, 0x000000078b200000|100%|HC|  |TAMS 0x000000078b000000| PB 0x000000078b000000| Complete |  0
|1075|0x000000078b200000, 0x000000078b400000, 0x000000078b400000|100%|HS|  |TAMS 0x000000078b200000| PB 0x000000078b200000| Complete |  0
|1076|0x000000078b400000, 0x000000078b600000, 0x000000078b600000|100%|HC|  |TAMS 0x000000078b400000| PB 0x000000078b400000| Complete |  0
|1077|0x000000078b600000, 0x000000078b800000, 0x000000078b800000|100%|HS|  |TAMS 0x000000078b600000| PB 0x000000078b600000| Complete |  0
|1078|0x000000078b800000, 0x000000078ba00000, 0x000000078ba00000|100%|HC|  |TAMS 0x000000078b800000| PB 0x000000078b800000| Complete |  0
|1079|0x000000078ba00000, 0x000000078bc00000, 0x000000078bc00000|100%|HS|  |TAMS 0x000000078ba00000| PB 0x000000078ba00000| Complete |  0
|1080|0x000000078bc00000, 0x000000078be00000, 0x000000078be00000|100%|HC|  |TAMS 0x000000078bc00000| PB 0x000000078bc00000| Complete |  0
|1081|0x000000078be00000, 0x000000078c000000, 0x000000078c000000|100%|HS|  |TAMS 0x000000078be00000| PB 0x000000078be00000| Complete |  0
|1082|0x000000078c000000, 0x000000078c200000, 0x000000078c200000|100%|HC|  |TAMS 0x000000078c000000| PB 0x000000078c000000| Complete |  0
|1083|0x000000078c200000, 0x000000078c400000, 0x000000078c400000|100%|HS|  |TAMS 0x000000078c200000| PB 0x000000078c200000| Complete |  0
|1084|0x000000078c400000, 0x000000078c600000, 0x000000078c600000|100%|HC|  |TAMS 0x000000078c400000| PB 0x000000078c400000| Complete |  0
|1085|0x000000078c600000, 0x000000078c800000, 0x000000078c800000|100%|HS|  |TAMS 0x000000078c600000| PB 0x000000078c600000| Complete |  0
|1086|0x000000078c800000, 0x000000078ca00000, 0x000000078ca00000|100%|HC|  |TAMS 0x000000078c800000| PB 0x000000078c800000| Complete |  0
|1087|0x000000078ca00000, 0x000000078cc00000, 0x000000078cc00000|100%|HS|  |TAMS 0x000000078ca00000| PB 0x000000078ca00000| Complete |  0
|1088|0x000000078cc00000, 0x000000078ce00000, 0x000000078ce00000|100%|HC|  |TAMS 0x000000078cc00000| PB 0x000000078cc00000| Complete |  0
|1089|0x000000078ce00000, 0x000000078d000000, 0x000000078d000000|100%|HS|  |TAMS 0x000000078ce00000| PB 0x000000078ce00000| Complete |  0
|1090|0x000000078d000000, 0x000000078d200000, 0x000000078d200000|100%|HC|  |TAMS 0x000000078d000000| PB 0x000000078d000000| Complete |  0
|1091|0x000000078d200000, 0x000000078d400000, 0x000000078d400000|100%|HS|  |TAMS 0x000000078d200000| PB 0x000000078d200000| Complete |  0
|1092|0x000000078d400000, 0x000000078d600000, 0x000000078d600000|100%|HC|  |TAMS 0x000000078d400000| PB 0x000000078d400000| Complete |  0
|1093|0x000000078d600000, 0x000000078d800000, 0x000000078d800000|100%|HS|  |TAMS 0x000000078d600000| PB 0x000000078d600000| Complete |  0
|1094|0x000000078d800000, 0x000000078da00000, 0x000000078da00000|100%|HC|  |TAMS 0x000000078d800000| PB 0x000000078d800000| Complete |  0
|1095|0x000000078da00000, 0x000000078dc00000, 0x000000078dc00000|100%|HS|  |TAMS 0x000000078da00000| PB 0x000000078da00000| Complete |  0
|1096|0x000000078dc00000, 0x000000078de00000, 0x000000078de00000|100%|HC|  |TAMS 0x000000078dc00000| PB 0x000000078dc00000| Complete |  0
|1097|0x000000078de00000, 0x000000078e000000, 0x000000078e000000|100%|HS|  |TAMS 0x000000078de00000| PB 0x000000078de00000| Complete |  0
|1098|0x000000078e000000, 0x000000078e200000, 0x000000078e200000|100%|HC|  |TAMS 0x000000078e000000| PB 0x000000078e000000| Complete |  0
|1099|0x000000078e200000, 0x000000078e400000, 0x000000078e400000|100%|HS|  |TAMS 0x000000078e200000| PB 0x000000078e200000| Complete |  0
|1100|0x000000078e400000, 0x000000078e600000, 0x000000078e600000|100%|HC|  |TAMS 0x000000078e400000| PB 0x000000078e400000| Complete |  0
|1101|0x000000078e600000, 0x000000078e800000, 0x000000078e800000|100%|HS|  |TAMS 0x000000078e600000| PB 0x000000078e600000| Complete |  0
|1102|0x000000078e800000, 0x000000078ea00000, 0x000000078ea00000|100%|HC|  |TAMS 0x000000078e800000| PB 0x000000078e800000| Complete |  0
|1103|0x000000078ea00000, 0x000000078ec00000, 0x000000078ec00000|100%|HS|  |TAMS 0x000000078ea00000| PB 0x000000078ea00000| Complete |  0
|1104|0x000000078ec00000, 0x000000078ee00000, 0x000000078ee00000|100%|HC|  |TAMS 0x000000078ec00000| PB 0x000000078ec00000| Complete |  0
|1105|0x000000078ee00000, 0x000000078f000000, 0x000000078f000000|100%|HS|  |TAMS 0x000000078ee00000| PB 0x000000078ee00000| Complete |  0
|1106|0x000000078f000000, 0x000000078f200000, 0x000000078f200000|100%|HC|  |TAMS 0x000000078f000000| PB 0x000000078f000000| Complete |  0
|1107|0x000000078f200000, 0x000000078f400000, 0x000000078f400000|100%|HS|  |TAMS 0x000000078f200000| PB 0x000000078f200000| Complete |  0
|1108|0x000000078f400000, 0x000000078f600000, 0x000000078f600000|100%|HC|  |TAMS 0x000000078f400000| PB 0x000000078f400000| Complete |  0
|1109|0x000000078f600000, 0x000000078f800000, 0x000000078f800000|100%|HS|  |TAMS 0x000000078f600000| PB 0x000000078f600000| Complete |  0
|1110|0x000000078f800000, 0x000000078fa00000, 0x000000078fa00000|100%|HC|  |TAMS 0x000000078f800000| PB 0x000000078f800000| Complete |  0
|1111|0x000000078fa00000, 0x000000078fc00000, 0x000000078fc00000|100%|HS|  |TAMS 0x000000078fa00000| PB 0x000000078fa00000| Complete |  0
|1112|0x000000078fc00000, 0x000000078fe00000, 0x000000078fe00000|100%|HC|  |TAMS 0x000000078fc00000| PB 0x000000078fc00000| Complete |  0
|1113|0x000000078fe00000, 0x0000000790000000, 0x0000000790000000|100%|HS|  |TAMS 0x000000078fe00000| PB 0x000000078fe00000| Complete |  0
|1114|0x0000000790000000, 0x0000000790200000, 0x0000000790200000|100%|HC|  |TAMS 0x0000000790000000| PB 0x0000000790000000| Complete |  0
|1115|0x0000000790200000, 0x0000000790400000, 0x0000000790400000|100%|HS|  |TAMS 0x0000000790200000| PB 0x0000000790200000| Complete |  0
|1116|0x0000000790400000, 0x0000000790600000, 0x0000000790600000|100%|HC|  |TAMS 0x0000000790400000| PB 0x0000000790400000| Complete |  0
|1117|0x0000000790600000, 0x0000000790800000, 0x0000000790800000|100%|HS|  |TAMS 0x0000000790600000| PB 0x0000000790600000| Complete |  0
|1118|0x0000000790800000, 0x0000000790a00000, 0x0000000790a00000|100%|HC|  |TAMS 0x0000000790800000| PB 0x0000000790800000| Complete |  0
|1119|0x0000000790a00000, 0x0000000790c00000, 0x0000000790c00000|100%|HS|  |TAMS 0x0000000790a00000| PB 0x0000000790a00000| Complete |  0
|1120|0x0000000790c00000, 0x0000000790e00000, 0x0000000790e00000|100%|HC|  |TAMS 0x0000000790c00000| PB 0x0000000790c00000| Complete |  0
|1121|0x0000000790e00000, 0x0000000791000000, 0x0000000791000000|100%|HS|  |TAMS 0x0000000790e00000| PB 0x0000000790e00000| Complete |  0
|1122|0x0000000791000000, 0x0000000791200000, 0x0000000791200000|100%|HC|  |TAMS 0x0000000791000000| PB 0x0000000791000000| Complete |  0
|1123|0x0000000791200000, 0x0000000791400000, 0x0000000791400000|100%|HS|  |TAMS 0x0000000791200000| PB 0x0000000791200000| Complete |  0
|1124|0x0000000791400000, 0x0000000791600000, 0x0000000791600000|100%|HC|  |TAMS 0x0000000791400000| PB 0x0000000791400000| Complete |  0
|1125|0x0000000791600000, 0x0000000791800000, 0x0000000791800000|100%|HS|  |TAMS 0x0000000791600000| PB 0x0000000791600000| Complete |  0
|1126|0x0000000791800000, 0x0000000791a00000, 0x0000000791a00000|100%|HC|  |TAMS 0x0000000791800000| PB 0x0000000791800000| Complete |  0
|1127|0x0000000791a00000, 0x0000000791c00000, 0x0000000791c00000|100%|HS|  |TAMS 0x0000000791a00000| PB 0x0000000791a00000| Complete |  0
|1128|0x0000000791c00000, 0x0000000791e00000, 0x0000000791e00000|100%|HC|  |TAMS 0x0000000791c00000| PB 0x0000000791c00000| Complete |  0
|1129|0x0000000791e00000, 0x0000000792000000, 0x0000000792000000|100%|HS|  |TAMS 0x0000000791e00000| PB 0x0000000791e00000| Complete |  0
|1130|0x0000000792000000, 0x0000000792200000, 0x0000000792200000|100%|HC|  |TAMS 0x0000000792000000| PB 0x0000000792000000| Complete |  0
|1131|0x0000000792200000, 0x0000000792400000, 0x0000000792400000|100%|HS|  |TAMS 0x0000000792200000| PB 0x0000000792200000| Complete |  0
|1132|0x0000000792400000, 0x0000000792600000, 0x0000000792600000|100%|HC|  |TAMS 0x0000000792400000| PB 0x0000000792400000| Complete |  0
|1133|0x0000000792600000, 0x0000000792800000, 0x0000000792800000|100%|HS|  |TAMS 0x0000000792600000| PB 0x0000000792600000| Complete |  0
|1134|0x0000000792800000, 0x0000000792a00000, 0x0000000792a00000|100%|HC|  |TAMS 0x0000000792800000| PB 0x0000000792800000| Complete |  0
|1135|0x0000000792a00000, 0x0000000792c00000, 0x0000000792c00000|100%|HS|  |TAMS 0x0000000792a00000| PB 0x0000000792a00000| Complete |  0
|1136|0x0000000792c00000, 0x0000000792e00000, 0x0000000792e00000|100%|HC|  |TAMS 0x0000000792c00000| PB 0x0000000792c00000| Complete |  0
|1137|0x0000000792e00000, 0x0000000793000000, 0x0000000793000000|100%|HS|  |TAMS 0x0000000792e00000| PB 0x0000000792e00000| Complete |  0
|1138|0x0000000793000000, 0x0000000793200000, 0x0000000793200000|100%|HC|  |TAMS 0x0000000793000000| PB 0x0000000793000000| Complete |  0
|1139|0x0000000793200000, 0x0000000793400000, 0x0000000793400000|100%|HS|  |TAMS 0x0000000793200000| PB 0x0000000793200000| Complete |  0
|1140|0x0000000793400000, 0x0000000793600000, 0x0000000793600000|100%|HC|  |TAMS 0x0000000793400000| PB 0x0000000793400000| Complete |  0
|1141|0x0000000793600000, 0x0000000793800000, 0x0000000793800000|100%|HS|  |TAMS 0x0000000793600000| PB 0x0000000793600000| Complete |  0
|1142|0x0000000793800000, 0x0000000793a00000, 0x0000000793a00000|100%|HC|  |TAMS 0x0000000793800000| PB 0x0000000793800000| Complete |  0
|1143|0x0000000793a00000, 0x0000000793c00000, 0x0000000793c00000|100%|HS|  |TAMS 0x0000000793a00000| PB 0x0000000793a00000| Complete |  0
|1144|0x0000000793c00000, 0x0000000793e00000, 0x0000000793e00000|100%|HC|  |TAMS 0x0000000793c00000| PB 0x0000000793c00000| Complete |  0
|1145|0x0000000793e00000, 0x0000000794000000, 0x0000000794000000|100%|HS|  |TAMS 0x0000000793e00000| PB 0x0000000793e00000| Complete |  0
|1146|0x0000000794000000, 0x0000000794200000, 0x0000000794200000|100%|HC|  |TAMS 0x0000000794000000| PB 0x0000000794000000| Complete |  0
|1147|0x0000000794200000, 0x0000000794400000, 0x0000000794400000|100%|HS|  |TAMS 0x0000000794200000| PB 0x0000000794200000| Complete |  0
|1148|0x0000000794400000, 0x0000000794600000, 0x0000000794600000|100%|HC|  |TAMS 0x0000000794400000| PB 0x0000000794400000| Complete |  0
|1149|0x0000000794600000, 0x0000000794800000, 0x0000000794800000|100%|HS|  |TAMS 0x0000000794600000| PB 0x0000000794600000| Complete |  0
|1150|0x0000000794800000, 0x0000000794a00000, 0x0000000794a00000|100%|HC|  |TAMS 0x0000000794800000| PB 0x0000000794800000| Complete |  0
|1151|0x0000000794a00000, 0x0000000794c00000, 0x0000000794c00000|100%|HS|  |TAMS 0x0000000794a00000| PB 0x0000000794a00000| Complete |  0
|1152|0x0000000794c00000, 0x0000000794e00000, 0x0000000794e00000|100%|HC|  |TAMS 0x0000000794c00000| PB 0x0000000794c00000| Complete |  0
|1153|0x0000000794e00000, 0x0000000795000000, 0x0000000795000000|100%|HS|  |TAMS 0x0000000794e00000| PB 0x0000000794e00000| Complete |  0
|1154|0x0000000795000000, 0x0000000795200000, 0x0000000795200000|100%|HC|  |TAMS 0x0000000795000000| PB 0x0000000795000000| Complete |  0
|1155|0x0000000795200000, 0x0000000795400000, 0x0000000795400000|100%|HS|  |TAMS 0x0000000795200000| PB 0x0000000795200000| Complete |  0
|1156|0x0000000795400000, 0x0000000795600000, 0x0000000795600000|100%|HC|  |TAMS 0x0000000795400000| PB 0x0000000795400000| Complete |  0
|1157|0x0000000795600000, 0x0000000795800000, 0x0000000795800000|100%|HS|  |TAMS 0x0000000795600000| PB 0x0000000795600000| Complete |  0
|1158|0x0000000795800000, 0x0000000795a00000, 0x0000000795a00000|100%|HC|  |TAMS 0x0000000795800000| PB 0x0000000795800000| Complete |  0
|1159|0x0000000795a00000, 0x0000000795c00000, 0x0000000795c00000|100%|HS|  |TAMS 0x0000000795a00000| PB 0x0000000795a00000| Complete |  0
|1160|0x0000000795c00000, 0x0000000795e00000, 0x0000000795e00000|100%|HC|  |TAMS 0x0000000795c00000| PB 0x0000000795c00000| Complete |  0
|1161|0x0000000795e00000, 0x0000000796000000, 0x0000000796000000|100%|HS|  |TAMS 0x0000000795e00000| PB 0x0000000795e00000| Complete |  0
|1162|0x0000000796000000, 0x0000000796200000, 0x0000000796200000|100%|HC|  |TAMS 0x0000000796000000| PB 0x0000000796000000| Complete |  0
|1163|0x0000000796200000, 0x0000000796400000, 0x0000000796400000|100%|HS|  |TAMS 0x0000000796200000| PB 0x0000000796200000| Complete |  0
|1164|0x0000000796400000, 0x0000000796600000, 0x0000000796600000|100%|HC|  |TAMS 0x0000000796400000| PB 0x0000000796400000| Complete |  0
|1165|0x0000000796600000, 0x0000000796800000, 0x0000000796800000|100%|HS|  |TAMS 0x0000000796600000| PB 0x0000000796600000| Complete |  0
|1166|0x0000000796800000, 0x0000000796a00000, 0x0000000796a00000|100%|HC|  |TAMS 0x0000000796800000| PB 0x0000000796800000| Complete |  0
|1167|0x0000000796a00000, 0x0000000796c00000, 0x0000000796c00000|100%|HS|  |TAMS 0x0000000796a00000| PB 0x0000000796a00000| Complete |  0
|1168|0x0000000796c00000, 0x0000000796e00000, 0x0000000796e00000|100%|HC|  |TAMS 0x0000000796c00000| PB 0x0000000796c00000| Complete |  0
|1169|0x0000000796e00000, 0x0000000797000000, 0x0000000797000000|100%|HS|  |TAMS 0x0000000796e00000| PB 0x0000000796e00000| Complete |  0
|1170|0x0000000797000000, 0x0000000797200000, 0x0000000797200000|100%|HC|  |TAMS 0x0000000797000000| PB 0x0000000797000000| Complete |  0
|1171|0x0000000797200000, 0x0000000797400000, 0x0000000797400000|100%|HS|  |TAMS 0x0000000797200000| PB 0x0000000797200000| Complete |  0
|1172|0x0000000797400000, 0x0000000797600000, 0x0000000797600000|100%|HC|  |TAMS 0x0000000797400000| PB 0x0000000797400000| Complete |  0
|1173|0x0000000797600000, 0x0000000797800000, 0x0000000797800000|100%|HS|  |TAMS 0x0000000797600000| PB 0x0000000797600000| Complete |  0
|1174|0x0000000797800000, 0x0000000797a00000, 0x0000000797a00000|100%|HC|  |TAMS 0x0000000797800000| PB 0x0000000797800000| Complete |  0
|1175|0x0000000797a00000, 0x0000000797c00000, 0x0000000797c00000|100%|HS|  |TAMS 0x0000000797a00000| PB 0x0000000797a00000| Complete |  0
|1176|0x0000000797c00000, 0x0000000797e00000, 0x0000000797e00000|100%|HC|  |TAMS 0x0000000797c00000| PB 0x0000000797c00000| Complete |  0
|1177|0x0000000797e00000, 0x0000000798000000, 0x0000000798000000|100%|HS|  |TAMS 0x0000000797e00000| PB 0x0000000797e00000| Complete |  0
|1178|0x0000000798000000, 0x0000000798200000, 0x0000000798200000|100%|HC|  |TAMS 0x0000000798000000| PB 0x0000000798000000| Complete |  0
|1179|0x0000000798200000, 0x0000000798400000, 0x0000000798400000|100%|HS|  |TAMS 0x0000000798200000| PB 0x0000000798200000| Complete |  0
|1180|0x0000000798400000, 0x0000000798600000, 0x0000000798600000|100%|HC|  |TAMS 0x0000000798400000| PB 0x0000000798400000| Complete |  0
|1181|0x0000000798600000, 0x0000000798800000, 0x0000000798800000|100%|HS|  |TAMS 0x0000000798600000| PB 0x0000000798600000| Complete |  0
|1182|0x0000000798800000, 0x0000000798a00000, 0x0000000798a00000|100%|HC|  |TAMS 0x0000000798800000| PB 0x0000000798800000| Complete |  0
|1183|0x0000000798a00000, 0x0000000798c00000, 0x0000000798c00000|100%|HS|  |TAMS 0x0000000798a00000| PB 0x0000000798a00000| Complete |  0
|1184|0x0000000798c00000, 0x0000000798e00000, 0x0000000798e00000|100%|HC|  |TAMS 0x0000000798c00000| PB 0x0000000798c00000| Complete |  0
|1185|0x0000000798e00000, 0x0000000799000000, 0x0000000799000000|100%|HS|  |TAMS 0x0000000798e00000| PB 0x0000000798e00000| Complete |  0
|1186|0x0000000799000000, 0x0000000799200000, 0x0000000799200000|100%|HC|  |TAMS 0x0000000799000000| PB 0x0000000799000000| Complete |  0
|1187|0x0000000799200000, 0x0000000799400000, 0x0000000799400000|100%|HS|  |TAMS 0x0000000799200000| PB 0x0000000799200000| Complete |  0
|1188|0x0000000799400000, 0x0000000799600000, 0x0000000799600000|100%|HC|  |TAMS 0x0000000799400000| PB 0x0000000799400000| Complete |  0
|1189|0x0000000799600000, 0x0000000799800000, 0x0000000799800000|100%|HS|  |TAMS 0x0000000799600000| PB 0x0000000799600000| Complete |  0
|1190|0x0000000799800000, 0x0000000799a00000, 0x0000000799a00000|100%|HC|  |TAMS 0x0000000799800000| PB 0x0000000799800000| Complete |  0
|1191|0x0000000799a00000, 0x0000000799c00000, 0x0000000799c00000|100%|HS|  |TAMS 0x0000000799a00000| PB 0x0000000799a00000| Complete |  0
|1192|0x0000000799c00000, 0x0000000799e00000, 0x0000000799e00000|100%|HC|  |TAMS 0x0000000799c00000| PB 0x0000000799c00000| Complete |  0
|1193|0x0000000799e00000, 0x000000079a000000, 0x000000079a000000|100%|HS|  |TAMS 0x0000000799e00000| PB 0x0000000799e00000| Complete |  0
|1194|0x000000079a000000, 0x000000079a200000, 0x000000079a200000|100%|HC|  |TAMS 0x000000079a000000| PB 0x000000079a000000| Complete |  0
|1195|0x000000079a200000, 0x000000079a400000, 0x000000079a400000|100%|HS|  |TAMS 0x000000079a200000| PB 0x000000079a200000| Complete |  0
|1196|0x000000079a400000, 0x000000079a600000, 0x000000079a600000|100%|HC|  |TAMS 0x000000079a400000| PB 0x000000079a400000| Complete |  0
|1197|0x000000079a600000, 0x000000079a800000, 0x000000079a800000|100%|HS|  |TAMS 0x000000079a600000| PB 0x000000079a600000| Complete |  0
|1198|0x000000079a800000, 0x000000079aa00000, 0x000000079aa00000|100%|HC|  |TAMS 0x000000079a800000| PB 0x000000079a800000| Complete |  0
|1199|0x000000079aa00000, 0x000000079ac00000, 0x000000079ac00000|100%|HS|  |TAMS 0x000000079aa00000| PB 0x000000079aa00000| Complete |  0
|1200|0x000000079ac00000, 0x000000079ae00000, 0x000000079ae00000|100%|HC|  |TAMS 0x000000079ac00000| PB 0x000000079ac00000| Complete |  0
|1201|0x000000079ae00000, 0x000000079b000000, 0x000000079b000000|100%|HS|  |TAMS 0x000000079ae00000| PB 0x000000079ae00000| Complete |  0
|1202|0x000000079b000000, 0x000000079b200000, 0x000000079b200000|100%|HC|  |TAMS 0x000000079b000000| PB 0x000000079b000000| Complete |  0
|1203|0x000000079b200000, 0x000000079b400000, 0x000000079b400000|100%|HS|  |TAMS 0x000000079b200000| PB 0x000000079b200000| Complete |  0
|1204|0x000000079b400000, 0x000000079b600000, 0x000000079b600000|100%|HC|  |TAMS 0x000000079b400000| PB 0x000000079b400000| Complete |  0
|1205|0x000000079b600000, 0x000000079b800000, 0x000000079b800000|100%|HS|  |TAMS 0x000000079b600000| PB 0x000000079b600000| Complete |  0
|1206|0x000000079b800000, 0x000000079ba00000, 0x000000079ba00000|100%|HC|  |TAMS 0x000000079b800000| PB 0x000000079b800000| Complete |  0
|1207|0x000000079ba00000, 0x000000079bc00000, 0x000000079bc00000|100%|HS|  |TAMS 0x000000079ba00000| PB 0x000000079ba00000| Complete |  0
|1208|0x000000079bc00000, 0x000000079be00000, 0x000000079be00000|100%|HC|  |TAMS 0x000000079bc00000| PB 0x000000079bc00000| Complete |  0
|1209|0x000000079be00000, 0x000000079c000000, 0x000000079c000000|100%|HS|  |TAMS 0x000000079be00000| PB 0x000000079be00000| Complete |  0
|1210|0x000000079c000000, 0x000000079c200000, 0x000000079c200000|100%|HC|  |TAMS 0x000000079c000000| PB 0x000000079c000000| Complete |  0
|1211|0x000000079c200000, 0x000000079c400000, 0x000000079c400000|100%|HS|  |TAMS 0x000000079c200000| PB 0x000000079c200000| Complete |  0
|1212|0x000000079c400000, 0x000000079c600000, 0x000000079c600000|100%|HC|  |TAMS 0x000000079c400000| PB 0x000000079c400000| Complete |  0
|1213|0x000000079c600000, 0x000000079c800000, 0x000000079c800000|100%|HS|  |TAMS 0x000000079c600000| PB 0x000000079c600000| Complete |  0
|1214|0x000000079c800000, 0x000000079ca00000, 0x000000079ca00000|100%|HC|  |TAMS 0x000000079c800000| PB 0x000000079c800000| Complete |  0
|1215|0x000000079ca00000, 0x000000079cc00000, 0x000000079cc00000|100%|HS|  |TAMS 0x000000079ca00000| PB 0x000000079ca00000| Complete |  0
|1216|0x000000079cc00000, 0x000000079ce00000, 0x000000079ce00000|100%|HC|  |TAMS 0x000000079cc00000| PB 0x000000079cc00000| Complete |  0
|1217|0x000000079ce00000, 0x000000079d000000, 0x000000079d000000|100%|HS|  |TAMS 0x000000079ce00000| PB 0x000000079ce00000| Complete |  0
|1218|0x000000079d000000, 0x000000079d200000, 0x000000079d200000|100%|HC|  |TAMS 0x000000079d000000| PB 0x000000079d000000| Complete |  0
|1219|0x000000079d200000, 0x000000079d400000, 0x000000079d400000|100%|HS|  |TAMS 0x000000079d200000| PB 0x000000079d200000| Complete |  0
|1220|0x000000079d400000, 0x000000079d600000, 0x000000079d600000|100%|HC|  |TAMS 0x000000079d400000| PB 0x000000079d400000| Complete |  0
|1221|0x000000079d600000, 0x000000079d800000, 0x000000079d800000|100%|HS|  |TAMS 0x000000079d600000| PB 0x000000079d600000| Complete |  0
|1222|0x000000079d800000, 0x000000079da00000, 0x000000079da00000|100%|HC|  |TAMS 0x000000079d800000| PB 0x000000079d800000| Complete |  0
|1223|0x000000079da00000, 0x000000079dc00000, 0x000000079dc00000|100%|HS|  |TAMS 0x000000079da00000| PB 0x000000079da00000| Complete |  0
|1224|0x000000079dc00000, 0x000000079de00000, 0x000000079de00000|100%|HC|  |TAMS 0x000000079dc00000| PB 0x000000079dc00000| Complete |  0
|1225|0x000000079de00000, 0x000000079e000000, 0x000000079e000000|100%|HS|  |TAMS 0x000000079de00000| PB 0x000000079de00000| Complete |  0
|1226|0x000000079e000000, 0x000000079e200000, 0x000000079e200000|100%|HC|  |TAMS 0x000000079e000000| PB 0x000000079e000000| Complete |  0
|1227|0x000000079e200000, 0x000000079e400000, 0x000000079e400000|100%|HS|  |TAMS 0x000000079e200000| PB 0x000000079e200000| Complete |  0
|1228|0x000000079e400000, 0x000000079e600000, 0x000000079e600000|100%|HC|  |TAMS 0x000000079e400000| PB 0x000000079e400000| Complete |  0
|1229|0x000000079e600000, 0x000000079e800000, 0x000000079e800000|100%|HS|  |TAMS 0x000000079e600000| PB 0x000000079e600000| Complete |  0
|1230|0x000000079e800000, 0x000000079ea00000, 0x000000079ea00000|100%|HC|  |TAMS 0x000000079e800000| PB 0x000000079e800000| Complete |  0
|1231|0x000000079ea00000, 0x000000079ec00000, 0x000000079ec00000|100%|HS|  |TAMS 0x000000079ea00000| PB 0x000000079ea00000| Complete |  0
|1232|0x000000079ec00000, 0x000000079ee00000, 0x000000079ee00000|100%|HC|  |TAMS 0x000000079ec00000| PB 0x000000079ec00000| Complete |  0
|1233|0x000000079ee00000, 0x000000079f000000, 0x000000079f000000|100%|HS|  |TAMS 0x000000079ee00000| PB 0x000000079ee00000| Complete |  0
|1234|0x000000079f000000, 0x000000079f200000, 0x000000079f200000|100%|HC|  |TAMS 0x000000079f000000| PB 0x000000079f000000| Complete |  0
|1235|0x000000079f200000, 0x000000079f400000, 0x000000079f400000|100%|HS|  |TAMS 0x000000079f200000| PB 0x000000079f200000| Complete |  0
|1236|0x000000079f400000, 0x000000079f600000, 0x000000079f600000|100%|HC|  |TAMS 0x000000079f400000| PB 0x000000079f400000| Complete |  0
|1237|0x000000079f600000, 0x000000079f800000, 0x000000079f800000|100%|HS|  |TAMS 0x000000079f600000| PB 0x000000079f600000| Complete |  0
|1238|0x000000079f800000, 0x000000079fa00000, 0x000000079fa00000|100%|HC|  |TAMS 0x000000079f800000| PB 0x000000079f800000| Complete |  0
|1239|0x000000079fa00000, 0x000000079fc00000, 0x000000079fc00000|100%|HS|  |TAMS 0x000000079fa00000| PB 0x000000079fa00000| Complete |  0
|1240|0x000000079fc00000, 0x000000079fe00000, 0x000000079fe00000|100%|HC|  |TAMS 0x000000079fc00000| PB 0x000000079fc00000| Complete |  0
|1241|0x000000079fe00000, 0x00000007a0000000, 0x00000007a0000000|100%|HS|  |TAMS 0x000000079fe00000| PB 0x000000079fe00000| Complete |  0
|1242|0x00000007a0000000, 0x00000007a0200000, 0x00000007a0200000|100%|HC|  |TAMS 0x00000007a0000000| PB 0x00000007a0000000| Complete |  0
|1243|0x00000007a0200000, 0x00000007a0400000, 0x00000007a0400000|100%|HS|  |TAMS 0x00000007a0200000| PB 0x00000007a0200000| Complete |  0
|1244|0x00000007a0400000, 0x00000007a0600000, 0x00000007a0600000|100%|HC|  |TAMS 0x00000007a0400000| PB 0x00000007a0400000| Complete |  0
|1245|0x00000007a0600000, 0x00000007a0800000, 0x00000007a0800000|100%|HS|  |TAMS 0x00000007a0600000| PB 0x00000007a0600000| Complete |  0
|1246|0x00000007a0800000, 0x00000007a0a00000, 0x00000007a0a00000|100%|HC|  |TAMS 0x00000007a0800000| PB 0x00000007a0800000| Complete |  0
|1247|0x00000007a0a00000, 0x00000007a0c00000, 0x00000007a0c00000|100%|HS|  |TAMS 0x00000007a0a00000| PB 0x00000007a0a00000| Complete |  0
|1248|0x00000007a0c00000, 0x00000007a0e00000, 0x00000007a0e00000|100%|HC|  |TAMS 0x00000007a0c00000| PB 0x00000007a0c00000| Complete |  0
|1249|0x00000007a0e00000, 0x00000007a1000000, 0x00000007a1000000|100%|HS|  |TAMS 0x00000007a0e00000| PB 0x00000007a0e00000| Complete |  0
|1250|0x00000007a1000000, 0x00000007a1200000, 0x00000007a1200000|100%|HC|  |TAMS 0x00000007a1000000| PB 0x00000007a1000000| Complete |  0
|1251|0x00000007a1200000, 0x00000007a1400000, 0x00000007a1400000|100%|HS|  |TAMS 0x00000007a1200000| PB 0x00000007a1200000| Complete |  0
|1252|0x00000007a1400000, 0x00000007a1600000, 0x00000007a1600000|100%|HC|  |TAMS 0x00000007a1400000| PB 0x00000007a1400000| Complete |  0
|1253|0x00000007a1600000, 0x00000007a1800000, 0x00000007a1800000|100%|HS|  |TAMS 0x00000007a1600000| PB 0x00000007a1600000| Complete |  0
|1254|0x00000007a1800000, 0x00000007a1a00000, 0x00000007a1a00000|100%|HC|  |TAMS 0x00000007a1800000| PB 0x00000007a1800000| Complete |  0
|1255|0x00000007a1a00000, 0x00000007a1c00000, 0x00000007a1c00000|100%|HS|  |TAMS 0x00000007a1a00000| PB 0x00000007a1a00000| Complete |  0
|1256|0x00000007a1c00000, 0x00000007a1e00000, 0x00000007a1e00000|100%|HC|  |TAMS 0x00000007a1c00000| PB 0x00000007a1c00000| Complete |  0
|1257|0x00000007a1e00000, 0x00000007a2000000, 0x00000007a2000000|100%|HS|  |TAMS 0x00000007a1e00000| PB 0x00000007a1e00000| Complete |  0
|1258|0x00000007a2000000, 0x00000007a2200000, 0x00000007a2200000|100%|HC|  |TAMS 0x00000007a2000000| PB 0x00000007a2000000| Complete |  0
|1259|0x00000007a2200000, 0x00000007a2400000, 0x00000007a2400000|100%|HS|  |TAMS 0x00000007a2200000| PB 0x00000007a2200000| Complete |  0
|1260|0x00000007a2400000, 0x00000007a2600000, 0x00000007a2600000|100%|HC|  |TAMS 0x00000007a2400000| PB 0x00000007a2400000| Complete |  0
|1261|0x00000007a2600000, 0x00000007a2800000, 0x00000007a2800000|100%|HS|  |TAMS 0x00000007a2600000| PB 0x00000007a2600000| Complete |  0
|1262|0x00000007a2800000, 0x00000007a2a00000, 0x00000007a2a00000|100%|HC|  |TAMS 0x00000007a2800000| PB 0x00000007a2800000| Complete |  0
|1263|0x00000007a2a00000, 0x00000007a2c00000, 0x00000007a2c00000|100%|HS|  |TAMS 0x00000007a2a00000| PB 0x00000007a2a00000| Complete |  0
|1264|0x00000007a2c00000, 0x00000007a2e00000, 0x00000007a2e00000|100%|HC|  |TAMS 0x00000007a2c00000| PB 0x00000007a2c00000| Complete |  0
|1265|0x00000007a2e00000, 0x00000007a3000000, 0x00000007a3000000|100%|HS|  |TAMS 0x00000007a2e00000| PB 0x00000007a2e00000| Complete |  0
|1266|0x00000007a3000000, 0x00000007a3200000, 0x00000007a3200000|100%|HC|  |TAMS 0x00000007a3000000| PB 0x00000007a3000000| Complete |  0
|1267|0x00000007a3200000, 0x00000007a3400000, 0x00000007a3400000|100%|HS|  |TAMS 0x00000007a3200000| PB 0x00000007a3200000| Complete |  0
|1268|0x00000007a3400000, 0x00000007a3600000, 0x00000007a3600000|100%|HC|  |TAMS 0x00000007a3400000| PB 0x00000007a3400000| Complete |  0
|1269|0x00000007a3600000, 0x00000007a3800000, 0x00000007a3800000|100%|HS|  |TAMS 0x00000007a3600000| PB 0x00000007a3600000| Complete |  0
|1270|0x00000007a3800000, 0x00000007a3a00000, 0x00000007a3a00000|100%|HC|  |TAMS 0x00000007a3800000| PB 0x00000007a3800000| Complete |  0
|1271|0x00000007a3a00000, 0x00000007a3c00000, 0x00000007a3c00000|100%|HS|  |TAMS 0x00000007a3a00000| PB 0x00000007a3a00000| Complete |  0
|1272|0x00000007a3c00000, 0x00000007a3e00000, 0x00000007a3e00000|100%|HC|  |TAMS 0x00000007a3c00000| PB 0x00000007a3c00000| Complete |  0
|1273|0x00000007a3e00000, 0x00000007a4000000, 0x00000007a4000000|100%|HS|  |TAMS 0x00000007a3e00000| PB 0x00000007a3e00000| Complete |  0
|1274|0x00000007a4000000, 0x00000007a4200000, 0x00000007a4200000|100%|HC|  |TAMS 0x00000007a4000000| PB 0x00000007a4000000| Complete |  0
|1275|0x00000007a4200000, 0x00000007a4400000, 0x00000007a4400000|100%|HS|  |TAMS 0x00000007a4200000| PB 0x00000007a4200000| Complete |  0
|1276|0x00000007a4400000, 0x00000007a4600000, 0x00000007a4600000|100%|HC|  |TAMS 0x00000007a4400000| PB 0x00000007a4400000| Complete |  0
|1277|0x00000007a4600000, 0x00000007a4800000, 0x00000007a4800000|100%|HS|  |TAMS 0x00000007a4600000| PB 0x00000007a4600000| Complete |  0
|1278|0x00000007a4800000, 0x00000007a4a00000, 0x00000007a4a00000|100%|HC|  |TAMS 0x00000007a4800000| PB 0x00000007a4800000| Complete |  0
|1279|0x00000007a4a00000, 0x00000007a4c00000, 0x00000007a4c00000|100%|HS|  |TAMS 0x00000007a4a00000| PB 0x00000007a4a00000| Complete |  0
|1280|0x00000007a4c00000, 0x00000007a4e00000, 0x00000007a4e00000|100%|HC|  |TAMS 0x00000007a4c00000| PB 0x00000007a4c00000| Complete |  0
|1281|0x00000007a4e00000, 0x00000007a5000000, 0x00000007a5000000|100%|HS|  |TAMS 0x00000007a4e00000| PB 0x00000007a4e00000| Complete |  0
|1282|0x00000007a5000000, 0x00000007a5200000, 0x00000007a5200000|100%|HC|  |TAMS 0x00000007a5000000| PB 0x00000007a5000000| Complete |  0
|1283|0x00000007a5200000, 0x00000007a5400000, 0x00000007a5400000|100%|HS|  |TAMS 0x00000007a5200000| PB 0x00000007a5200000| Complete |  0
|1284|0x00000007a5400000, 0x00000007a5600000, 0x00000007a5600000|100%|HC|  |TAMS 0x00000007a5400000| PB 0x00000007a5400000| Complete |  0
|1285|0x00000007a5600000, 0x00000007a5800000, 0x00000007a5800000|100%|HS|  |TAMS 0x00000007a5600000| PB 0x00000007a5600000| Complete |  0
|1286|0x00000007a5800000, 0x00000007a5a00000, 0x00000007a5a00000|100%|HC|  |TAMS 0x00000007a5800000| PB 0x00000007a5800000| Complete |  0
|1287|0x00000007a5a00000, 0x00000007a5c00000, 0x00000007a5c00000|100%|HS|  |TAMS 0x00000007a5a00000| PB 0x00000007a5a00000| Complete |  0
|1288|0x00000007a5c00000, 0x00000007a5e00000, 0x00000007a5e00000|100%|HC|  |TAMS 0x00000007a5c00000| PB 0x00000007a5c00000| Complete |  0
|1289|0x00000007a5e00000, 0x00000007a6000000, 0x00000007a6000000|100%|HS|  |TAMS 0x00000007a5e00000| PB 0x00000007a5e00000| Complete |  0
|1290|0x00000007a6000000, 0x00000007a6200000, 0x00000007a6200000|100%|HC|  |TAMS 0x00000007a6000000| PB 0x00000007a6000000| Complete |  0
|1291|0x00000007a6200000, 0x00000007a6400000, 0x00000007a6400000|100%|HS|  |TAMS 0x00000007a6200000| PB 0x00000007a6200000| Complete |  0
|1292|0x00000007a6400000, 0x00000007a6600000, 0x00000007a6600000|100%|HC|  |TAMS 0x00000007a6400000| PB 0x00000007a6400000| Complete |  0
|1293|0x00000007a6600000, 0x00000007a6800000, 0x00000007a6800000|100%|HS|  |TAMS 0x00000007a6600000| PB 0x00000007a6600000| Complete |  0
|1294|0x00000007a6800000, 0x00000007a6a00000, 0x00000007a6a00000|100%|HC|  |TAMS 0x00000007a6800000| PB 0x00000007a6800000| Complete |  0
|1295|0x00000007a6a00000, 0x00000007a6c00000, 0x00000007a6c00000|100%|HS|  |TAMS 0x00000007a6a00000| PB 0x00000007a6a00000| Complete |  0
|1296|0x00000007a6c00000, 0x00000007a6e00000, 0x00000007a6e00000|100%|HC|  |TAMS 0x00000007a6c00000| PB 0x00000007a6c00000| Complete |  0
|1297|0x00000007a6e00000, 0x00000007a7000000, 0x00000007a7000000|100%|HS|  |TAMS 0x00000007a6e00000| PB 0x00000007a6e00000| Complete |  0
|1298|0x00000007a7000000, 0x00000007a7200000, 0x00000007a7200000|100%|HC|  |TAMS 0x00000007a7000000| PB 0x00000007a7000000| Complete |  0
|1299|0x00000007a7200000, 0x00000007a7200000, 0x00000007a7400000|  0%| F|  |TAMS 0x00000007a7200000| PB 0x00000007a7200000| Untracked |  0

Card table byte_map: [0x00000219c2bb0000,0x00000219c3390000] _byte_map_base: 0x00000219bf38a000

Marking Bits: (CMBitMap*) 0x00000219aa007b60
 Bits: [0x00000219c3390000, 0x00000219c7260000)

Polling page: 0x00000219a7560000

Metaspace:
Metaspace        used 20165K, committed 20352K, reserved 1114112K
 class space     used 2822K, committed 2880K, reserved 1048576K

Usage:
  Non-class:     16.94 MB used.
      Class:      2.76 MB used.
       Both:     19.69 MB used.

Virtual space:
  Non-class space:       64.00 MB reserved,      17.06 MB ( 27%) committed,  1 nodes.
      Class space:        1.00 GB reserved,       2.81 MB ( <1%) committed,  1 nodes.
             Both:        1.06 GB reserved,      19.88 MB (  2%) committed. 

Chunk freelists:
   Non-Class:  14.89 MB
       Class:  13.00 MB
        Both:  27.89 MB

MaxMetaspaceSize: unlimited
CompressedClassSpaceSize: 1.00 GB
Initial GC threshold: 21.00 MB
Current GC threshold: 28.75 MB
CDS: on
 - commit_granule_bytes: 65536.
 - commit_granule_words: 8192.
 - virtual_space_node_default_size: 8388608.
 - enlarge_chunks_in_place: 1.
UseCompressedClassPointers 1, UseCompactObjectHeaders 0
Narrow klass pointer bits 32, Max shift 3
Narrow klass base: 0x000000002b000000, Narrow klass shift: 0
Encoding Range: [0x000000002b000000 - 0x000000012b000000), (4294967296 bytes)
Klass Range:    [0x000000002b010000 - 0x000000006c000000), (1090453504 bytes)
Klass ID Range:  [65536 - 1090519033) (1090453497)
Protection zone: [0x000000002b000000 - 0x000000002b010000), (65536 bytes)


Internal statistics:

num_allocs_failed_limit: 0.
num_arena_births: 164.
num_arena_deaths: 0.
num_vsnodes_births: 2.
num_vsnodes_deaths: 0.
num_space_committed: 318.
num_space_uncommitted: 0.
num_chunks_returned_to_freelist: 0.
num_chunks_taken_from_freelist: 716.
num_chunk_merges: 0.
num_chunk_splits: 524.
num_chunks_enlarged: 446.
num_inconsistent_stats: 0.

CodeHeap 'non-profiled nmethods': size=119232Kb used=1264Kb max_used=1264Kb free=117967Kb
 bounds [0x00000219ba3a0000, 0x00000219ba610000, 0x00000219c1810000]
CodeHeap 'profiled nmethods': size=119104Kb used=6242Kb max_used=6242Kb free=112862Kb
 bounds [0x00000219b2810000, 0x00000219b2e30000, 0x00000219b9c60000]
CodeHeap 'non-nmethods': size=7424Kb used=1820Kb max_used=3544Kb free=5603Kb
 bounds [0x00000219b9c60000, 0x00000219b9fe0000, 0x00000219ba3a0000]
CodeCache: size=245760Kb, used=9326Kb, max_used=11050Kb, free=236432Kb
 total_blobs=5008, nmethods=4062, adapters=849, full_count=0
Compilation: enabled, stopped_count=0, restarted_count=0

Compilation events (20 events):
Event: 11.343 Thread 0x00000219ca55b890 nmethod 4267 0x00000219b2e27988 code [0x00000219b2e27a80, 0x00000219b2e27c88]
Event: 11.361 Thread 0x00000219ca55b890 4268       3       java.security.MessageDigest$Delegate::engineUpdate (11 bytes)
Event: 11.361 Thread 0x00000219ca55b890 nmethod 4268 0x00000219b2e27d08 code [0x00000219b2e27e00, 0x00000219b2e27fd0]
Event: 11.367 Thread 0x00000219ca55b890 4269       3       javax.imageio.stream.ImageInputStreamImpl::seek (34 bytes)
Event: 11.367 Thread 0x00000219ca55b890 nmethod 4269 0x00000219b2e28008 code [0x00000219b2e28100, 0x00000219b2e284f0]
Event: 11.402 Thread 0x00000219ca55ac80 4270 %     4       com.sun.prism.impl.BaseResourcePool::freeDisposalRequestedAndCheckResources @ 13 (156 bytes)
Event: 11.405 Thread 0x00000219ca55ac80 nmethod 4270% 0x00000219ba4d9d08 code [0x00000219ba4d9e00, 0x00000219ba4da218]
Event: 11.673 Thread 0x00000219ca55ac80 4271       4       java.util.WeakHashMap::size (18 bytes)
Event: 11.674 Thread 0x00000219ca55ac80 nmethod 4271 0x00000219ba4da288 code [0x00000219ba4da380, 0x00000219ba4da430]
Event: 11.706 Thread 0x00000219ca55b890 4272       3       com.sun.prism.impl.PrismTrace::textureDisposed (78 bytes)
Event: 11.706 Thread 0x00000219ca55b890 nmethod 4272 0x00000219b2e28508 code [0x00000219b2e28600, 0x00000219b2e286f8]
Event: 11.723 Thread 0x00000219ca55ac80 4273       4       com.sun.javafx.scene.layout.RegionHelper::pickNodeLocalImpl (12 bytes)
Event: 11.733 Thread 0x00000219ca55ac80 nmethod 4273 0x00000219ba4da588 code [0x00000219ba4da680, 0x00000219ba4db488]
Event: 11.818 Thread 0x00000219ca55ac80 4274       4       java.util.HashSet::contains (9 bytes)
Event: 11.820 Thread 0x00000219ca55ac80 nmethod 4274 0x00000219ba4db508 code [0x00000219ba4db600, 0x00000219ba4db9f8]
Event: 11.917 Thread 0x00000219ca55ac80 4275       4       java.util.concurrent.locks.AbstractQueuedSynchronizer$Node::setPrevRelaxed (12 bytes)
Event: 11.918 Thread 0x00000219ca55ac80 nmethod 4275 0x00000219ba4dba08 code [0x00000219ba4dbb00, 0x00000219ba4dbc78]
Event: 11.918 Thread 0x00000219ca55ac80 4276       4       java.util.concurrent.locks.AbstractQueuedSynchronizer::casTail (13 bytes)
Event: 11.918 Thread 0x00000219ca55ac80 nmethod 4276 0x00000219ba4dbd08 code [0x00000219ba4dbe00, 0x00000219ba4dbfb0]
Event: 11.934 Thread 0x00000219ca55ac80 4277       4       jdk.internal.misc.Unsafe::putIntOpaque (9 bytes)

GC Heap Usage History (12 events):
Event: 1.081 {heap Before GC invocations=0 (full 0):
 garbage-first heap   total reserved 4116480K, committed 260096K, used 44182K [0x0000000704c00000, 0x0000000800000000)
  region size 2048K, 23 young (47104K), 0 survivors (0K)
}
Event: 1.089 {heap After GC invocations=1 (full 1):
 garbage-first heap   total reserved 4116480K, committed 55296K, used 7403K [0x0000000704c00000, 0x0000000800000000)
  region size 2048K, 0 young (0K), 0 survivors (0K)
}
Event: 1.263 {heap Before GC invocations=1 (full 1):
 garbage-first heap   total reserved 4116480K, committed 55296K, used 31979K [0x0000000704c00000, 0x0000000800000000)
  region size 2048K, 10 young (20480K), 0 survivors (0K)
}
Event: 1.270 {heap After GC invocations=2 (full 2):
 garbage-first heap   total reserved 4116480K, committed 55296K, used 16099K [0x0000000704c00000, 0x0000000800000000)
  region size 2048K, 0 young (0K), 0 survivors (0K)
}
Event: 1.457 {heap Before GC invocations=2 (full 2):
 garbage-first heap   total reserved 4116480K, committed 55296K, used 38627K [0x0000000704c00000, 0x0000000800000000)
  region size 2048K, 9 young (18432K), 0 survivors (0K)
}
Event: 1.458 {heap After GC invocations=3 (full 2):
 garbage-first heap   total reserved 4116480K, committed 55296K, used 21203K [0x0000000704c00000, 0x0000000800000000)
  region size 2048K, 1 young (2048K), 1 survivors (2048K)
}
Event: 1.515 {heap Before GC invocations=3 (full 2):
 garbage-first heap   total reserved 4116480K, committed 55296K, used 25299K [0x0000000704c00000, 0x0000000800000000)
  region size 2048K, 4 young (8192K), 1 survivors (2048K)
}
Event: 1.516 {heap After GC invocations=4 (full 2):
 garbage-first heap   total reserved 4116480K, committed 55296K, used 21611K [0x0000000704c00000, 0x0000000800000000)
  region size 2048K, 1 young (2048K), 1 survivors (2048K)
}
Event: 1.520 {heap Before GC invocations=4 (full 2):
 garbage-first heap   total reserved 4116480K, committed 55296K, used 25707K [0x0000000704c00000, 0x0000000800000000)
  region size 2048K, 2 young (4096K), 1 survivors (2048K)
}
Event: 1.522 {heap After GC invocations=5 (full 2):
 garbage-first heap   total reserved 4116480K, committed 55296K, used 25769K [0x0000000704c00000, 0x0000000800000000)
  region size 2048K, 1 young (2048K), 1 survivors (2048K)
}
Event: 6.333 {heap Before GC invocations=6 (full 2):
 garbage-first heap   total reserved 4116480K, committed 1464320K, used 1461417K [0x0000000704c00000, 0x0000000800000000)
  region size 2048K, 7 young (14336K), 1 survivors (2048K)
}
Event: 6.335 {heap After GC invocations=7 (full 2):
 garbage-first heap   total reserved 4116480K, committed 1468416K, used 29269K [0x0000000704c00000, 0x0000000800000000)
  region size 2048K, 2 young (4096K), 2 survivors (4096K)
}

Metaspace Usage History (12 events):
Event: 1.081 {metaspace Before GC invocations=0 (full 0):
 Metaspace       used 11286K, committed 11456K, reserved 1114112K
  class space    used 1413K, committed 1472K, reserved 1048576K
}
Event: 1.089 {metaspace After GC invocations=1 (full 1):
 Metaspace       used 11286K, committed 11456K, reserved 1114112K
  class space    used 1413K, committed 1472K, reserved 1048576K
}
Event: 1.263 {metaspace Before GC invocations=1 (full 1):
 Metaspace       used 13614K, committed 13824K, reserved 1114112K
  class space    used 1955K, committed 2048K, reserved 1048576K
}
Event: 1.270 {metaspace After GC invocations=2 (full 2):
 Metaspace       used 13614K, committed 13824K, reserved 1114112K
  class space    used 1955K, committed 2048K, reserved 1048576K
}
Event: 1.457 {metaspace Before GC invocations=2 (full 2):
 Metaspace       used 16339K, committed 16512K, reserved 1114112K
  class space    used 2430K, committed 2496K, reserved 1048576K
}
Event: 1.458 {metaspace After GC invocations=3 (full 2):
 Metaspace       used 16339K, committed 16512K, reserved 1114112K
  class space    used 2430K, committed 2496K, reserved 1048576K
}
Event: 1.515 {metaspace Before GC invocations=3 (full 2):
 Metaspace       used 17350K, committed 17600K, reserved 1114112K
  class space    used 2587K, committed 2688K, reserved 1048576K
}
Event: 1.516 {metaspace After GC invocations=4 (full 2):
 Metaspace       used 17350K, committed 17600K, reserved 1114112K
  class space    used 2587K, committed 2688K, reserved 1048576K
}
Event: 1.520 {metaspace Before GC invocations=4 (full 2):
 Metaspace       used 17458K, committed 17664K, reserved 1114112K
  class space    used 2602K, committed 2688K, reserved 1048576K
}
Event: 1.522 {metaspace After GC invocations=5 (full 2):
 Metaspace       used 17458K, committed 17664K, reserved 1114112K
  class space    used 2602K, committed 2688K, reserved 1048576K
}
Event: 6.333 {metaspace Before GC invocations=6 (full 2):
 Metaspace       used 19806K, committed 19968K, reserved 1114112K
  class space    used 2821K, committed 2880K, reserved 1048576K
}
Event: 6.335 {metaspace After GC invocations=7 (full 2):
 Metaspace       used 19806K, committed 19968K, reserved 1114112K
  class space    used 2821K, committed 2880K, reserved 1048576K
}

Dll operation events (20 events):
Event: 0.448 Loaded shared library C:\Users\Public\greenfoot\Greenfoot-windows-371\greenfoot\lib\javafx\bin\api-ms-win-crt-heap-l1-1-0.dll
Event: 0.453 Loaded shared library C:\Users\Public\greenfoot\Greenfoot-windows-371\greenfoot\lib\javafx\bin\api-ms-win-crt-locale-l1-1-0.dll
Event: 0.457 Loaded shared library C:\Users\Public\greenfoot\Greenfoot-windows-371\greenfoot\lib\javafx\bin\api-ms-win-crt-math-l1-1-0.dll
Event: 0.460 Loaded shared library C:\Users\Public\greenfoot\Greenfoot-windows-371\greenfoot\lib\javafx\bin\api-ms-win-crt-multibyte-l1-1-0.dll
Event: 0.464 Loaded shared library C:\Users\Public\greenfoot\Greenfoot-windows-371\greenfoot\lib\javafx\bin\api-ms-win-crt-private-l1-1-0.dll
Event: 0.468 Loaded shared library C:\Users\Public\greenfoot\Greenfoot-windows-371\greenfoot\lib\javafx\bin\api-ms-win-crt-process-l1-1-0.dll
Event: 0.472 Loaded shared library C:\Users\Public\greenfoot\Greenfoot-windows-371\greenfoot\lib\javafx\bin\api-ms-win-crt-runtime-l1-1-0.dll
Event: 0.476 Loaded shared library C:\Users\Public\greenfoot\Greenfoot-windows-371\greenfoot\lib\javafx\bin\api-ms-win-crt-stdio-l1-1-0.dll
Event: 0.481 Loaded shared library C:\Users\Public\greenfoot\Greenfoot-windows-371\greenfoot\lib\javafx\bin\api-ms-win-crt-string-l1-1-0.dll
Event: 0.484 Loaded shared library C:\Users\Public\greenfoot\Greenfoot-windows-371\greenfoot\lib\javafx\bin\api-ms-win-crt-time-l1-1-0.dll
Event: 0.488 Loaded shared library C:\Users\Public\greenfoot\Greenfoot-windows-371\greenfoot\lib\javafx\bin\api-ms-win-crt-utility-l1-1-0.dll
Event: 0.492 Loaded shared library C:\Users\Public\greenfoot\Greenfoot-windows-371\greenfoot\lib\javafx\bin\ucrtbase.dll
Event: 0.496 Loaded shared library C:\Users\Public\greenfoot\Greenfoot-windows-371\greenfoot\lib\javafx\bin\vcruntime140.dll
Event: 0.498 Loaded shared library C:\Program Files\Java\jdk-25.0.4.1\bin\vcruntime140_1.dll
Event: 0.501 Loaded shared library C:\Users\Public\greenfoot\Greenfoot-windows-371\greenfoot\lib\javafx\bin\msvcp140.dll
Event: 0.536 Loaded shared library C:\Users\Public\greenfoot\Greenfoot-windows-371\greenfoot\lib\javafx\bin\prism_d3d.dll
Event: 0.613 Loaded shared library C:\Users\Public\greenfoot\Greenfoot-windows-371\greenfoot\lib\javafx\bin\glass.dll
Event: 0.788 Loaded shared library C:\Users\Public\greenfoot\Greenfoot-windows-371\greenfoot\lib\javafx\bin\javafx_font.dll
Event: 0.847 Loaded shared library C:\Program Files\Java\jdk-25.0.4.1\bin\jimage.dll
Event: 0.877 Loaded shared library C:\Program Files\Java\jdk-25.0.4.1\bin\awt.dll

Deoptimization events (20 events):
Event: 9.749 Thread 0x00000219cf359020 Uncommon trap: trap_request=0xffffffd6 fr.pc=0x00000219ba4ce4d8 relative=0x0000000000000458
Event: 9.749 Thread 0x00000219cf359020 Uncommon trap: reason=array_check action=maybe_recompile pc=0x00000219ba4ce4d8 method=com.sun.prism.impl.ps.BaseShaderContext.setTexture(ILcom/sun/prism/Texture;)V @ 50 c2
Event: 9.749 Thread 0x00000219cf359020 DEOPT PACKING pc=0x00000219ba4ce4d8 sp=0x000000dbe41fde90
Event: 9.749 Thread 0x00000219cf359020 DEOPT UNPACKING pc=0x00000219b9d7fc02 sp=0x000000dbe41fde68 mode 2
Event: 9.749 Thread 0x00000219cf359020 Uncommon trap: trap_request=0xffffffd6 fr.pc=0x00000219ba4ce4d8 relative=0x0000000000000458
Event: 9.749 Thread 0x00000219cf359020 Uncommon trap: reason=array_check action=maybe_recompile pc=0x00000219ba4ce4d8 method=com.sun.prism.impl.ps.BaseShaderContext.setTexture(ILcom/sun/prism/Texture;)V @ 50 c2
Event: 9.749 Thread 0x00000219cf359020 DEOPT PACKING pc=0x00000219ba4ce4d8 sp=0x000000dbe41fd330
Event: 9.749 Thread 0x00000219cf359020 DEOPT UNPACKING pc=0x00000219b9d7fc02 sp=0x000000dbe41fd308 mode 2
Event: 9.750 Thread 0x00000219cf359020 Uncommon trap: trap_request=0xffffffd6 fr.pc=0x00000219ba4ce4d8 relative=0x0000000000000458
Event: 9.750 Thread 0x00000219cf359020 Uncommon trap: reason=array_check action=maybe_recompile pc=0x00000219ba4ce4d8 method=com.sun.prism.impl.ps.BaseShaderContext.setTexture(ILcom/sun/prism/Texture;)V @ 50 c2
Event: 9.750 Thread 0x00000219cf359020 DEOPT PACKING pc=0x00000219ba4ce4d8 sp=0x000000dbe41fc3d0
Event: 9.750 Thread 0x00000219cf359020 DEOPT UNPACKING pc=0x00000219b9d7fc02 sp=0x000000dbe41fc3a8 mode 2
Event: 10.566 Thread 0x00000219cf359020 Uncommon trap: trap_request=0xffffff66 fr.pc=0x00000219ba4d3b54 relative=0x0000000000000e94
Event: 10.566 Thread 0x00000219cf359020 Uncommon trap: reason=loop_limit_check action=maybe_recompile pc=0x00000219ba4d3b54 method=com.sun.javafx.sg.prism.NGGroup.computeRenderRoot(Lcom/sun/javafx/sg/prism/NodePath;Lcom/sun/javafx/geom/RectBounds;ILcom/sun/javafx/geom/transform/BaseTransform;Lc
Event: 10.566 Thread 0x00000219cf359020 DEOPT PACKING pc=0x00000219ba4d3b54 sp=0x000000dbe41fe660
Event: 10.566 Thread 0x00000219cf359020 DEOPT UNPACKING pc=0x00000219b9d7fc02 sp=0x000000dbe41fe5b0 mode 2
Event: 11.739 Thread 0x00000219ca6b6160 Uncommon trap: trap_request=0xffffff66 fr.pc=0x00000219ba4db01c relative=0x000000000000099c
Event: 11.739 Thread 0x00000219ca6b6160 Uncommon trap: reason=loop_limit_check action=maybe_recompile pc=0x00000219ba4db01c method=javafx.scene.Parent.pickChildrenNode(Lcom/sun/javafx/geom/PickRay;Lcom/sun/javafx/scene/input/PickResultChooser;)Z @ 17 c2
Event: 11.739 Thread 0x00000219ca6b6160 DEOPT PACKING pc=0x00000219ba4db01c sp=0x000000dbe3bfe3f0
Event: 11.739 Thread 0x00000219ca6b6160 DEOPT UNPACKING pc=0x00000219b9d7fc02 sp=0x000000dbe3bfe130 mode 2

Classes loaded (20 events):
Event: 1.588 Loading class java/util/stream/WhileOps$DropWhileSink done
Event: 1.588 Loading class java/util/stream/WhileOps$1Op$1OpSink done
Event: 1.594 Loading class java/lang/FdLibm$Atan2
Event: 1.594 Loading class java/lang/FdLibm$Atan2 done
Event: 1.621 Loading class java/util/EnumMap$Values
Event: 1.621 Loading class java/util/EnumMap$Values done
Event: 1.621 Loading class java/util/EnumMap$ValueIterator
Event: 1.622 Loading class java/util/EnumMap$EnumMapIterator
Event: 1.622 Loading class java/util/EnumMap$EnumMapIterator done
Event: 1.622 Loading class java/util/EnumMap$ValueIterator done
Event: 2.034 Loading class java/util/IdentityHashMap$ValueIterator
Event: 2.034 Loading class java/util/IdentityHashMap$ValueIterator done
Event: 2.034 Loading class sun/awt/AppContext$PostShutdownEventRunnable
Event: 2.034 Loading class sun/awt/AppContext$PostShutdownEventRunnable done
Event: 2.034 Loading class sun/awt/AWTAutoShutdown$1
Event: 2.035 Loading class sun/awt/AWTAutoShutdown$1 done
Event: 3.039 Loading class java/io/UnsupportedEncodingException
Event: 3.039 Loading class java/io/UnsupportedEncodingException done
Event: 3.462 Loading class java/lang/invoke/MethodHandle$1
Event: 3.462 Loading class java/lang/invoke/MethodHandle$1 done

Classes unloaded (0 events):
No events

Classes redefined (0 events):
No events

Internal exceptions (20 events):
Event: 0.984 Thread 0x00000219ca6b6160 Exception <a 'java/lang/NoSuchMethodError'{0x0000000711a17a80}: 'java.lang.Object java.lang.invoke.DirectMethodHandle$Holder.invokeStaticInit(java.lang.Object, long)'> (0x0000000711a17a80) 
thrown [s\open\src\hotspot\share\interpreter\linkResolver.cpp, line 804]
Event: 1.122 Thread 0x00000219ca6b6160 Exception <a 'java/lang/NoSuchMethodError'{0x00000007078c3058}: 'java.lang.Object java.lang.invoke.DirectMethodHandle$Holder.newInvokeSpecial(java.lang.Object, java.lang.Object, int)'> (0x00000007078c3058) 
thrown [s\open\src\hotspot\share\interpreter\linkResolver.cpp, line 804]
Event: 1.144 Thread 0x00000219ca6b6160 Implicit null exception at 0x00000219ba3fef4d to 0x00000219ba3ff1f4
Event: 1.145 Thread 0x00000219ca6b6160 Implicit null exception at 0x00000219ba3fde4d to 0x00000219ba3fe0e8
Event: 1.146 Thread 0x00000219ca6b6160 Implicit null exception at 0x00000219ba3c429d to 0x00000219ba3c4598
Event: 1.387 Thread 0x00000219ca6b6160 Exception <a 'java/lang/NoSuchMethodError'{0x000000070783dce0}: 'java.lang.Object java.lang.invoke.DirectMethodHandle$Holder.invokeInterface(java.lang.Object, java.lang.Object, java.lang.Object)'> (0x000000070783dce0) 
thrown [s\open\src\hotspot\share\interpreter\linkResolver.cpp, line 804]
Event: 1.388 Thread 0x00000219ca6b6160 Exception <a 'java/lang/IncompatibleClassChangeError'{0x0000000707845d70}: Found class java.lang.Object, but interface was expected> (0x0000000707845d70) 
thrown [s\open\src\hotspot\share\interpreter\linkResolver.cpp, line 871]
Event: 1.402 Thread 0x00000219ca6b6160 Exception <a 'java/lang/ClassNotFoundException'{0x00000007079edc38}: com/sun/javafx/scene/control/skin/resources/controls> (0x00000007079edc38) 
thrown [s\open\src\hotspot\share\prims\jni.cpp, line 534]
Event: 1.403 Thread 0x00000219ca6b6160 Exception <a 'java/lang/ClassNotFoundException'{0x00000007079fac78}: com/sun/javafx/scene/control/skin/resources/controls_pt> (0x00000007079fac78) 
thrown [s\open\src\hotspot\share\prims\jni.cpp, line 534]
Event: 1.403 Thread 0x00000219ca6b6160 Exception <a 'java/lang/ClassNotFoundException'{0x00000007079fc778}: com/sun/javafx/scene/control/skin/resources/controls_pt_BR> (0x00000007079fc778) 
thrown [s\open\src\hotspot\share\prims\jni.cpp, line 534]
Event: 1.416 Thread 0x00000219ca6b6160 Exception <a 'java/lang/NoSuchMethodError'{0x00000007074d5f28}: 'void java.lang.invoke.DirectMethodHandle$Holder.invokeSpecial(java.lang.Object, java.lang.Object, java.lang.Object, java.lang.Object, java.lang.Object, java.lang.Object)'> (0x00000007074d5f28) 
thrown [s\open\src\hotspot\share\interpreter\linkResolver.cpp, line 804]
Event: 1.490 Thread 0x00000219ca6b6160 Exception <a 'java/lang/NoSuchMethodError'{0x0000000707f4dc10}: 'java.lang.Object java.lang.invoke.DirectMethodHandle$Holder.invokeStatic(java.lang.Object, java.lang.Object, java.lang.Object, java.lang.Object, int)'> (0x0000000707f4dc10) 
thrown [s\open\src\hotspot\share\interpreter\linkResolver.cpp, line 804]
Event: 1.513 Thread 0x00000219ca6b6160 Exception <a 'java/lang/NoSuchMethodError'{0x0000000707ca8d38}: 'long java.lang.invoke.DirectMethodHandle$Holder.invokeStaticInit(java.lang.Object, java.lang.Object, java.lang.Object)'> (0x0000000707ca8d38) 
thrown [s\open\src\hotspot\share\interpreter\linkResolver.cpp, line 804]
Event: 1.514 Thread 0x00000219ca6b6160 Exception <a 'java/lang/NoSuchMethodError'{0x0000000707cf3958}: 'java.lang.Object java.lang.invoke.DirectMethodHandle$Holder.newInvokeSpecial(java.lang.Object, java.lang.Object, long)'> (0x0000000707cf3958) 
thrown [s\open\src\hotspot\share\interpreter\linkResolver.cpp, line 804]
Event: 1.514 Thread 0x00000219ca6b6160 Exception <a 'java/lang/NoSuchMethodError'{0x0000000707cfc5a8}: 'java.lang.Object java.lang.invoke.Invokers$Holder.linkToTargetMethod(java.lang.Object, long, java.lang.Object)'> (0x0000000707cfc5a8) 
thrown [s\open\src\hotspot\share\interpreter\linkResolver.cpp, line 804]
Event: 1.561 Thread 0x00000219cf359020 Exception <a 'java/lang/NoSuchMethodError'{0x0000000711ba9b00}: 'int java.lang.invoke.DirectMethodHandle$Holder.invokeStaticInit(java.lang.Object, java.lang.Object)'> (0x0000000711ba9b00) 
thrown [s\open\src\hotspot\share\interpreter\linkResolver.cpp, line 804]
Event: 1.608 Thread 0x00000219cf359020 Exception <a 'java/lang/NoSuchMethodError'{0x000000070786ccc8}: 'java.lang.Object java.lang.invoke.DirectMethodHandle$Holder.invokeStaticInit(java.lang.Object, int)'> (0x000000070786ccc8) 
thrown [s\open\src\hotspot\share\interpreter\linkResolver.cpp, line 804]
Event: 3.455 Thread 0x00000219ca6b6160 Implicit null exception at 0x00000219ba3b77f5 to 0x00000219ba3b7900
Event: 3.492 Thread 0x00000219ca6b6160 Implicit null exception at 0x00000219ba445b7b to 0x00000219ba4461c4
Event: 4.447 Thread 0x00000219ca6b6160 Exception <a 'java/lang/NoSuchMethodError'{0x0000000707453450}: 'java.lang.Object java.lang.invoke.DirectMethodHandle$Holder.newInvokeSpecial(java.lang.Object, java.lang.Object, java.lang.Object, double, double, double, double, int, int, int, int, int, int, int, int, int)'> (0x0000000707453450) 
thrown [s\open\src\hotspot\share\interpreter\linkResolver.cpp, line 804]

VM Operations (20 events):
Event: 1.478 Executing non-safepoint VM operation: HandshakeAllThreads (Deoptimize)
Event: 1.478 Executing non-safepoint VM operation: HandshakeAllThreads (Deoptimize) done
Event: 1.501 Executing non-safepoint VM operation: HandshakeAllThreads (Deoptimize)
Event: 1.501 Executing non-safepoint VM operation: HandshakeAllThreads (Deoptimize) done
Event: 1.515 Executing safepoint VM operation: G1TryInitiateConcMark (G1 Humongous Allocation)
Event: 1.516 Executing safepoint VM operation: G1TryInitiateConcMark (G1 Humongous Allocation) done
Event: 1.520 Executing safepoint VM operation: G1TryInitiateConcMark (G1 Humongous Allocation)
Event: 1.522 Executing safepoint VM operation: G1TryInitiateConcMark (G1 Humongous Allocation) done
Event: 1.526 Executing safepoint VM operation: G1PauseRemark
Event: 1.526 Executing safepoint VM operation: G1PauseRemark done
Event: 1.527 Executing safepoint VM operation: G1PauseCleanup
Event: 1.527 Executing safepoint VM operation: G1PauseCleanup done
Event: 1.587 Executing non-safepoint VM operation: HandshakeAllThreads (Deoptimize)
Event: 1.587 Executing non-safepoint VM operation: HandshakeAllThreads (Deoptimize) done
Event: 1.592 Executing non-safepoint VM operation: HandshakeAllThreads (Deoptimize)
Event: 1.592 Executing non-safepoint VM operation: HandshakeAllThreads (Deoptimize) done
Event: 2.799 Executing non-safepoint VM operation: HandshakeAllThreads (Deoptimize)
Event: 2.799 Executing non-safepoint VM operation: HandshakeAllThreads (Deoptimize) done
Event: 6.333 Executing safepoint VM operation: G1CollectForAllocation (G1 Evacuation Pause)
Event: 6.335 Executing safepoint VM operation: G1CollectForAllocation (G1 Evacuation Pause) done

Memory protections (0 events):
No events

Nmethod flushes (20 events):
Event: 1.526 Thread 0x00000219c753e0d0 flushing  nmethod 0x00000219b2a33088
Event: 1.526 Thread 0x00000219c753e0d0 flushing  nmethod 0x00000219b282c188
Event: 1.526 Thread 0x00000219c753e0d0 flushing  nmethod 0x00000219b2898088
Event: 1.526 Thread 0x00000219c753e0d0 flushing osr nmethod 0x00000219b2a2d388
Event: 1.526 Thread 0x00000219c753e0d0 flushing  nmethod 0x00000219b2a2e288
Event: 1.526 Thread 0x00000219c753e0d0 flushing  nmethod 0x00000219b2a2e888
Event: 1.526 Thread 0x00000219c753e0d0 flushing  nmethod 0x00000219ba3b7208
Event: 1.526 Thread 0x00000219c753e0d0 flushing  nmethod 0x00000219b2845a08
Event: 1.526 Thread 0x00000219c753e0d0 flushing  nmethod 0x00000219b28aba88
Event: 1.526 Thread 0x00000219c753e0d0 flushing  nmethod 0x00000219ba408308
Event: 1.526 Thread 0x00000219c753e0d0 flushing  nmethod 0x00000219ba3f8a08
Event: 1.526 Thread 0x00000219c753e0d0 flushing  nmethod 0x00000219ba3c4188
Event: 1.526 Thread 0x00000219c753e0d0 flushing  nmethod 0x00000219b2819d88
Event: 1.526 Thread 0x00000219c753e0d0 flushing  nmethod 0x00000219ba3fdd08
Event: 1.526 Thread 0x00000219c753e0d0 flushing  nmethod 0x00000219ba3fee08
Event: 1.526 Thread 0x00000219c753e0d0 flushing  nmethod 0x00000219b2987a88
Event: 1.526 Thread 0x00000219c753e0d0 flushing  nmethod 0x00000219b2842c88
Event: 1.526 Thread 0x00000219c753e0d0 flushing  nmethod 0x00000219b288ef88
Event: 1.526 Thread 0x00000219c753e0d0 flushing  nmethod 0x00000219b296f288
Event: 1.526 Thread 0x00000219c753e0d0 flushing  nmethod 0x00000219b2a3a708

Events (20 events):
Event: 0.800 Thread 0x00000219ca6aea60 Thread added: 0x00000219cfb71c90
Event: 0.927 Thread 0x00000219ca6b6160 Thread added: 0x00000219d0914830
Event: 0.962 Thread 0x00000219ca6b6160 Thread added: 0x00000219d0917ee0
Event: 0.963 Thread 0x00000219ca6b6160 Thread added: 0x00000219d0919e20
Event: 1.081 Thread 0x00000219ca6b6160 Thread added: 0x00000219d1066830
Event: 1.426 Thread 0x00000219ca6b6160 Thread added: 0x00000219d10b06b0
Event: 1.529 Thread 0x00000219cfb71c90 Thread added: 0x00000219cfb75500
Event: 1.581 Thread 0x00000219cf359020 Thread added: 0x00000219d1262780
Event: 1.758 Thread 0x00000219cfb75500 Thread exited: 0x00000219cfb75500
Event: 1.775 Thread 0x00000219cfb71c90 Thread exited: 0x00000219cfb71c90
Event: 2.035 Thread 0x00000219d0917ee0 Thread exited: 0x00000219d0917ee0
Event: 3.456 Thread 0x00000219ca55ac80 Thread added: 0x00000219cfb75500
Event: 3.456 Thread 0x00000219ca55ac80 Thread added: 0x00000219cfb71c90
Event: 3.619 Thread 0x00000219cfb71c90 Thread exited: 0x00000219cfb71c90
Event: 3.831 Thread 0x00000219cfb75500 Thread exited: 0x00000219cfb75500
Event: 10.606 Thread 0x00000219ca6b0290 Thread exited: 0x00000219ca6b0290
Event: 10.697 Thread 0x00000219ca6afa80 Thread exited: 0x00000219ca6afa80
Event: 10.712 Thread 0x00000219ca6aea60 Thread exited: 0x00000219ca6aea60
Event: 10.983 Thread 0x00000219ca55ac80 Thread added: 0x00000219cfb71c90
Event: 11.112 Thread 0x00000219cfb71c90 Thread exited: 0x00000219cfb71c90


Dynamic libraries:
0x00007ff75d0d0000 - 0x00007ff75d0e0000 	C:\Program Files\Java\jdk-25.0.4.1\bin\java.exe
0x00007fffd77e0000 - 0x00007fffd7a47000 	C:\Windows\SYSTEM32\ntdll.dll
0x00007fffd6420000 - 0x00007fffd64eb000 	C:\Windows\System32\KERNEL32.DLL
0x00007fffd5060000 - 0x00007fffd5462000 	C:\Windows\System32\KERNELBASE.dll
0x00007fffd4ba0000 - 0x00007fffd4cec000 	C:\Windows\System32\ucrtbase.dll
0x00007fffc23c0000 - 0x00007fffc23d7000 	C:\Program Files\Java\jdk-25.0.4.1\bin\jli.dll
0x00007fffc1ef0000 - 0x00007fffc1f0e000 	C:\Program Files\Java\jdk-25.0.4.1\bin\VCRUNTIME140.dll
0x00007fffd6e10000 - 0x00007fffd6fdf000 	C:\Windows\System32\USER32.dll
0x00007fffbaec0000 - 0x00007fffbb150000 	C:\Windows\WinSxS\amd64_microsoft.windows.common-controls_6595b64144ccf1df_6.0.26100.9278_none_3e0d1ba8e3303201\COMCTL32.dll
0x00007fffd49e0000 - 0x00007fffd4a07000 	C:\Windows\System32\win32u.dll
0x00007fffd5980000 - 0x00007fffd5a29000 	C:\Windows\System32\msvcrt.dll
0x00007fffd66a0000 - 0x00007fffd66cb000 	C:\Windows\System32\GDI32.dll
0x00007fffd4d00000 - 0x00007fffd4e29000 	C:\Windows\System32\gdi32full.dll
0x00007fffd4e30000 - 0x00007fffd4ed3000 	C:\Windows\System32\msvcp_win.dll
0x00007fffd69f0000 - 0x00007fffd6a21000 	C:\Windows\System32\IMM32.DLL
0x00007fffc8a70000 - 0x00007fffc8bce000 	C:\Windows\system32\tmumh\20019\AddOn\8.55.0.1409\TmUmEvt64.dll
0x00007fffd5a40000 - 0x00007fffd5a48000 	C:\Windows\System32\PSAPI.DLL
0x00007fffd6d40000 - 0x00007fffd6dfc000 	C:\Windows\System32\ADVAPI32.dll
0x00007fffd5f70000 - 0x00007fffd6019000 	C:\Windows\System32\sechost.dll
0x00007fffd6c20000 - 0x00007fffd6d38000 	C:\Windows\System32\RPCRT4.dll
0x000000006c8b0000 - 0x000000006c9d7000 	C:\Windows\system32\tmumh\20019\TmMon\2.9.0.1243\tmmon64.dll
0x00007fffa3cd0000 - 0x00007fffa400b000 	C:\Windows\System32\TmLWE\TmUmSnsr64\1.0.0.1165\TmUmSnsr64.dll
0x00007fffd3540000 - 0x00007fffd355b000 	C:\Windows\SYSTEM32\kernel.appcore.dll
0x00007fffc1ee0000 - 0x00007fffc1eec000 	C:\Program Files\Java\jdk-25.0.4.1\bin\vcruntime140_1.dll
0x00007fffb5740000 - 0x00007fffb57cd000 	C:\Program Files\Java\jdk-25.0.4.1\bin\msvcp140.dll
0x00007ffee66b0000 - 0x00007ffee7510000 	C:\Program Files\Java\jdk-25.0.4.1\bin\server\jvm.dll
0x00007fffd5710000 - 0x00007fffd5790000 	C:\Windows\System32\WS2_32.dll
0x00007fffd4680000 - 0x00007fffd46de000 	C:\Windows\SYSTEM32\POWRPROF.dll
0x00007fffc9ee0000 - 0x00007fffc9f16000 	C:\Windows\SYSTEM32\WINMM.dll
0x00007fffc9b20000 - 0x00007fffc9b2b000 	C:\Windows\SYSTEM32\VERSION.dll
0x00007fffd4660000 - 0x00007fffd4675000 	C:\Windows\SYSTEM32\UMPDC.dll
0x00007fffc18f0000 - 0x00007fffc18fa000 	C:\Program Files\Java\jdk-25.0.4.1\bin\jimage.dll
0x00007fffc6ca0000 - 0x00007fffc6eec000 	C:\Windows\SYSTEM32\DBGHELP.DLL
0x00007fffd6090000 - 0x00007fffd6415000 	C:\Windows\System32\combase.dll
0x00007fffd66d0000 - 0x00007fffd67a9000 	C:\Windows\System32\OLEAUT32.dll
0x00007fffbb190000 - 0x00007fffbb1cb000 	C:\Windows\SYSTEM32\dbgcore.DLL
0x00007fffd4ee0000 - 0x00007fffd4f8c000 	C:\Windows\System32\bcryptPrimitives.dll
0x00007fffc18e0000 - 0x00007fffc18f0000 	C:\Program Files\Java\jdk-25.0.4.1\bin\instrument.dll
0x00007fffc13f0000 - 0x00007fffc140f000 	C:\Program Files\Java\jdk-25.0.4.1\bin\java.dll
0x00007fffd6a30000 - 0x00007fffd6bca000 	C:\Windows\System32\ole32.dll
0x00007fffd7000000 - 0x00007fffd7798000 	C:\Windows\System32\SHELL32.dll
0x00007fffd20b0000 - 0x00007fffd295e000 	C:\Windows\SYSTEM32\windows.storage.dll
0x00007fffd64f0000 - 0x00007fffd65eb000 	C:\Windows\System32\SHCORE.dll
0x00007fffd6020000 - 0x00007fffd6086000 	C:\Windows\System32\shlwapi.dll
0x00007fffd4900000 - 0x00007fffd4929000 	C:\Windows\SYSTEM32\profapi.dll
0x00007fffbfbf0000 - 0x00007fffbfc02000 	C:\Program Files\Java\jdk-25.0.4.1\bin\net.dll
0x00007fffd3c10000 - 0x00007fffd3c7c000 	C:\Windows\system32\mswsock.dll
0x00007fffbfa70000 - 0x00007fffbfa86000 	C:\Program Files\Java\jdk-25.0.4.1\bin\nio.dll
0x00007fffbfa50000 - 0x00007fffbfa66000 	C:\Program Files\Java\jdk-25.0.4.1\bin\zip.dll
0x00007fffbfbe0000 - 0x00007fffbfbe9000 	C:\Program Files\Java\jdk-25.0.4.1\bin\extnet.dll
0x00000219a8ec0000 - 0x00000219a8ec3000 	C:\Users\Public\greenfoot\Greenfoot-windows-371\greenfoot\lib\javafx\bin\api-ms-win-core-console-l1-1-0.dll
0x00000219a8ed0000 - 0x00000219a8ed3000 	C:\Users\Public\greenfoot\Greenfoot-windows-371\greenfoot\lib\javafx\bin\api-ms-win-core-console-l1-2-0.dll
0x00000219a9ed0000 - 0x00000219a9ed3000 	C:\Users\Public\greenfoot\Greenfoot-windows-371\greenfoot\lib\javafx\bin\api-ms-win-core-datetime-l1-1-0.dll
0x00000219a9ee0000 - 0x00000219a9ee3000 	C:\Users\Public\greenfoot\Greenfoot-windows-371\greenfoot\lib\javafx\bin\api-ms-win-core-debug-l1-1-0.dll
0x00000219a9ef0000 - 0x00000219a9ef3000 	C:\Users\Public\greenfoot\Greenfoot-windows-371\greenfoot\lib\javafx\bin\api-ms-win-core-errorhandling-l1-1-0.dll
0x00000219a9f00000 - 0x00000219a9f04000 	C:\Users\Public\greenfoot\Greenfoot-windows-371\greenfoot\lib\javafx\bin\api-ms-win-core-file-l1-1-0.dll
0x00000219a9f10000 - 0x00000219a9f13000 	C:\Users\Public\greenfoot\Greenfoot-windows-371\greenfoot\lib\javafx\bin\api-ms-win-core-file-l1-2-0.dll
0x00000219a9f20000 - 0x00000219a9f23000 	C:\Users\Public\greenfoot\Greenfoot-windows-371\greenfoot\lib\javafx\bin\api-ms-win-core-file-l2-1-0.dll
0x00000219ca950000 - 0x00000219ca953000 	C:\Users\Public\greenfoot\Greenfoot-windows-371\greenfoot\lib\javafx\bin\api-ms-win-core-handle-l1-1-0.dll
0x00000219ca960000 - 0x00000219ca963000 	C:\Users\Public\greenfoot\Greenfoot-windows-371\greenfoot\lib\javafx\bin\api-ms-win-core-heap-l1-1-0.dll
0x00000219ca970000 - 0x00000219ca973000 	C:\Users\Public\greenfoot\Greenfoot-windows-371\greenfoot\lib\javafx\bin\api-ms-win-core-interlocked-l1-1-0.dll
0x00000219ca980000 - 0x00000219ca983000 	C:\Users\Public\greenfoot\Greenfoot-windows-371\greenfoot\lib\javafx\bin\api-ms-win-core-libraryloader-l1-1-0.dll
0x00000219ca990000 - 0x00000219ca993000 	C:\Users\Public\greenfoot\Greenfoot-windows-371\greenfoot\lib\javafx\bin\api-ms-win-core-localization-l1-2-0.dll
0x00000219ca9a0000 - 0x00000219ca9a3000 	C:\Users\Public\greenfoot\Greenfoot-windows-371\greenfoot\lib\javafx\bin\api-ms-win-core-memory-l1-1-0.dll
0x00000219ca9b0000 - 0x00000219ca9b3000 	C:\Users\Public\greenfoot\Greenfoot-windows-371\greenfoot\lib\javafx\bin\api-ms-win-core-namedpipe-l1-1-0.dll
0x00000219ca9c0000 - 0x00000219ca9c3000 	C:\Users\Public\greenfoot\Greenfoot-windows-371\greenfoot\lib\javafx\bin\api-ms-win-core-processenvironment-l1-1-0.dll
0x00000219ca9d0000 - 0x00000219ca9d3000 	C:\Users\Public\greenfoot\Greenfoot-windows-371\greenfoot\lib\javafx\bin\api-ms-win-core-processthreads-l1-1-0.dll
0x00000219ca9e0000 - 0x00000219ca9e3000 	C:\Users\Public\greenfoot\Greenfoot-windows-371\greenfoot\lib\javafx\bin\api-ms-win-core-processthreads-l1-1-1.dll
0x00000219ca9f0000 - 0x00000219ca9f3000 	C:\Users\Public\greenfoot\Greenfoot-windows-371\greenfoot\lib\javafx\bin\api-ms-win-core-profile-l1-1-0.dll
0x00000219caa00000 - 0x00000219caa03000 	C:\Users\Public\greenfoot\Greenfoot-windows-371\greenfoot\lib\javafx\bin\api-ms-win-core-rtlsupport-l1-1-0.dll
0x00000219caa10000 - 0x00000219caa13000 	C:\Users\Public\greenfoot\Greenfoot-windows-371\greenfoot\lib\javafx\bin\api-ms-win-core-string-l1-1-0.dll
0x00000219caa20000 - 0x00000219caa23000 	C:\Users\Public\greenfoot\Greenfoot-windows-371\greenfoot\lib\javafx\bin\api-ms-win-core-synch-l1-1-0.dll
0x00000219caa30000 - 0x00000219caa33000 	C:\Users\Public\greenfoot\Greenfoot-windows-371\greenfoot\lib\javafx\bin\api-ms-win-core-synch-l1-2-0.dll
0x00000219caa40000 - 0x00000219caa43000 	C:\Users\Public\greenfoot\Greenfoot-windows-371\greenfoot\lib\javafx\bin\api-ms-win-core-sysinfo-l1-1-0.dll
0x00000219caa50000 - 0x00000219caa53000 	C:\Users\Public\greenfoot\Greenfoot-windows-371\greenfoot\lib\javafx\bin\api-ms-win-core-timezone-l1-1-0.dll
0x00000219caa60000 - 0x00000219caa63000 	C:\Users\Public\greenfoot\Greenfoot-windows-371\greenfoot\lib\javafx\bin\api-ms-win-core-util-l1-1-0.dll
0x00000219caa70000 - 0x00000219caa73000 	C:\Users\Public\greenfoot\Greenfoot-windows-371\greenfoot\lib\javafx\bin\api-ms-win-crt-conio-l1-1-0.dll
0x00000219caa80000 - 0x00000219caa84000 	C:\Users\Public\greenfoot\Greenfoot-windows-371\greenfoot\lib\javafx\bin\api-ms-win-crt-convert-l1-1-0.dll
0x00000219caa90000 - 0x00000219caa93000 	C:\Users\Public\greenfoot\Greenfoot-windows-371\greenfoot\lib\javafx\bin\api-ms-win-crt-environment-l1-1-0.dll
0x00000219caaa0000 - 0x00000219caaa3000 	C:\Users\Public\greenfoot\Greenfoot-windows-371\greenfoot\lib\javafx\bin\api-ms-win-crt-filesystem-l1-1-0.dll
0x00000219caab0000 - 0x00000219caab3000 	C:\Users\Public\greenfoot\Greenfoot-windows-371\greenfoot\lib\javafx\bin\api-ms-win-crt-heap-l1-1-0.dll
0x00000219caac0000 - 0x00000219caac3000 	C:\Users\Public\greenfoot\Greenfoot-windows-371\greenfoot\lib\javafx\bin\api-ms-win-crt-locale-l1-1-0.dll
0x00000219caad0000 - 0x00000219caad5000 	C:\Users\Public\greenfoot\Greenfoot-windows-371\greenfoot\lib\javafx\bin\api-ms-win-crt-math-l1-1-0.dll
0x00000219caae0000 - 0x00000219caae5000 	C:\Users\Public\greenfoot\Greenfoot-windows-371\greenfoot\lib\javafx\bin\api-ms-win-crt-multibyte-l1-1-0.dll
0x00000219caaf0000 - 0x00000219cab00000 	C:\Users\Public\greenfoot\Greenfoot-windows-371\greenfoot\lib\javafx\bin\api-ms-win-crt-private-l1-1-0.dll
0x00000219cab00000 - 0x00000219cab03000 	C:\Users\Public\greenfoot\Greenfoot-windows-371\greenfoot\lib\javafx\bin\api-ms-win-crt-process-l1-1-0.dll
0x00000219cab10000 - 0x00000219cab14000 	C:\Users\Public\greenfoot\Greenfoot-windows-371\greenfoot\lib\javafx\bin\api-ms-win-crt-runtime-l1-1-0.dll
0x00000219cab20000 - 0x00000219cab24000 	C:\Users\Public\greenfoot\Greenfoot-windows-371\greenfoot\lib\javafx\bin\api-ms-win-crt-stdio-l1-1-0.dll
0x00000219cab30000 - 0x00000219cab34000 	C:\Users\Public\greenfoot\Greenfoot-windows-371\greenfoot\lib\javafx\bin\api-ms-win-crt-string-l1-1-0.dll
0x00000219cab40000 - 0x00000219cab43000 	C:\Users\Public\greenfoot\Greenfoot-windows-371\greenfoot\lib\javafx\bin\api-ms-win-crt-time-l1-1-0.dll
0x00000219cab50000 - 0x00000219cab53000 	C:\Users\Public\greenfoot\Greenfoot-windows-371\greenfoot\lib\javafx\bin\api-ms-win-crt-utility-l1-1-0.dll
0x00007fffb5640000 - 0x00007fffb573c000 	C:\Users\Public\greenfoot\Greenfoot-windows-371\greenfoot\lib\javafx\bin\ucrtbase.dll
0x00007fffbf8c0000 - 0x00007fffbf8d5000 	C:\Users\Public\greenfoot\Greenfoot-windows-371\greenfoot\lib\javafx\bin\vcruntime140.dll
0x00007fffb52e0000 - 0x00007fffb537b000 	C:\Users\Public\greenfoot\Greenfoot-windows-371\greenfoot\lib\javafx\bin\msvcp140.dll
0x00007fffb5610000 - 0x00007fffb5633000 	C:\Users\Public\greenfoot\Greenfoot-windows-371\greenfoot\lib\javafx\bin\prism_d3d.dll
0x00007fff84d00000 - 0x00007fff84eb2000 	C:\Windows\system32\d3d9.dll
0x00007fffd1990000 - 0x00007fffd19bf000 	C:\Windows\SYSTEM32\dwmapi.dll
0x00007fffd17e0000 - 0x00007fffd1824000 	C:\Windows\SYSTEM32\dxcore.dll
0x00007fffd16d0000 - 0x00007fffd1778000 	C:\Windows\system32\uxtheme.dll
0x00007fffbe770000 - 0x00007fffbe790000 	C:\Windows\System32\DriverStore\FileRepository\u0196411.inf_amd64_59c4b66e8e30ce90\B025498\atidx9loader64.dll
0x00007ffee1dc0000 - 0x00007ffee44db000 	C:\Windows\System32\DriverStore\FileRepository\u0196411.inf_amd64_59c4b66e8e30ce90\B025498\AMDXN64.DLL
0x00007fffd5ae0000 - 0x00007fffd5f67000 	C:\Windows\System32\SETUPAPI.dll
0x00007fffd1830000 - 0x00007fffd196b000 	C:\Windows\SYSTEM32\dxgi.dll
0x00007fffd48d0000 - 0x00007fffd48fa000 	C:\Windows\SYSTEM32\BCrypt.dll
0x00007fffcd9f0000 - 0x00007fffcda2c000 	C:\Windows\System32\DriverStore\FileRepository\u0196411.inf_amd64_59c4b66e8e30ce90\B025498\amdihk64.dll
0x00007fffcec20000 - 0x00007fffcec7e000 	C:\Windows\SYSTEM32\directxdatabasehelper.dll
0x00007fffb5290000 - 0x00007fffb52d5000 	C:\Users\Public\greenfoot\Greenfoot-windows-371\greenfoot\lib\javafx\bin\glass.dll
0x00007fffd5880000 - 0x00007fffd5975000 	C:\Windows\System32\COMDLG32.dll
0x00007fffd6810000 - 0x00007fffd696b000 	C:\Windows\System32\MSCTF.dll
0x00007fffb55f0000 - 0x00007fffb5604000 	C:\Users\Public\greenfoot\Greenfoot-windows-371\greenfoot\lib\javafx\bin\javafx_font.dll
0x00007fffb5100000 - 0x00007fffb5284000 	C:\Program Files\Java\jdk-25.0.4.1\bin\awt.dll
0x00007fffd1500000 - 0x00007fffd159f000 	C:\Windows\SYSTEM32\apphelp.dll
0x00007fffd4030000 - 0x00007fffd404b000 	C:\Windows\SYSTEM32\CRYPTSP.dll
0x00007fffd34a0000 - 0x00007fffd34d9000 	C:\Windows\system32\rsaenh.dll
0x00007fffd3cc0000 - 0x00007fffd3cf4000 	C:\Windows\SYSTEM32\USERENV.dll
0x00007fffd4000000 - 0x00007fffd400c000 	C:\Windows\SYSTEM32\CRYPTBASE.dll
0x00007fffd2cd0000 - 0x00007fffd2d03000 	C:\Windows\SYSTEM32\IPHLPAPI.DLL
0x00007fffd6ff0000 - 0x00007fffd6ffa000 	C:\Windows\System32\NSI.dll
0x00007fff849c0000 - 0x00007fff84acc000 	C:\Windows\system32\opengl32.dll
0x00007fff84870000 - 0x00007fff8489d000 	C:\Windows\SYSTEM32\GLU32.dll
0x00007fffd0680000 - 0x00007fffd08ea000 	C:\Windows\SYSTEM32\dwrite.dll
0x00007fffd57c0000 - 0x00007fffd586e000 	C:\Windows\System32\clbcatq.dll
0x00007fffcfb90000 - 0x00007fffcfdc8000 	C:\Windows\SYSTEM32\WindowsCodecs.dll
0x00007fffd1eb0000 - 0x00007fffd1ec5000 	C:\Windows\SYSTEM32\RpcRtRemote.dll
0x00007fff7f6a0000 - 0x00007fff7f6fc000 	C:\Windows\system32\dataexchange.dll
0x00007fffc9370000 - 0x00007fffc95c0000 	C:\Windows\system32\twinapi.appcore.dll
0x00007fffb50c0000 - 0x00007fffb50ec000 	C:\Program Files\Common Files\Microsoft Shared\Ink\rtscom.dll
0x00007fffc7a10000 - 0x00007fffc7b52000 	C:\Windows\SYSTEM32\textinputframework.dll

JVMTI agents:
C:\Program Files\JetBrains\IntelliJ IDEA 2025.3\lib\idea_rt.jar path:C:\Program Files\Java\jdk-25.0.4.1\bin\instrument.dll, loaded, initialized, instrumentlib options:57920

dbghelp: loaded successfully - version: 4.0.5 - missing functions: none
symbol engine: initialized successfully - sym options: 0x614 - pdb path: .;C:\Program Files\Java\jdk-25.0.4.1\bin;C:\Windows\SYSTEM32;C:\Windows\WinSxS\amd64_microsoft.windows.common-controls_6595b64144ccf1df_6.0.26100.9278_none_3e0d1ba8e3303201;C:\Windows\system32\tmumh\20019\AddOn\8.55.0.1409;C:\Windows\system32\tmumh\20019\TmMon\2.9.0.1243;C:\Windows\System32\TmLWE\TmUmSnsr64\1.0.0.1165;C:\Program Files\Java\jdk-25.0.4.1\bin\server;C:\Users\Public\greenfoot\Greenfoot-windows-371\greenfoot\lib\javafx\bin;C:\Windows\System32\DriverStore\FileRepository\u0196411.inf_amd64_59c4b66e8e30ce90\B025498;C:\Program Files\Common Files\Microsoft Shared\Ink

VM Arguments:
jvm_args: --module-path=C:\Users\Public\greenfoot\Greenfoot-windows-371\greenfoot\lib\javafx\lib --add-modules=javafx.controls,javafx.fxml -javaagent:C:\Program Files\JetBrains\IntelliJ IDEA 2025.3\lib\idea_rt.jar=57920 -Dfile.encoding=UTF-8 -Dsun.stdout.encoding=UTF-8 -Dsun.stderr.encoding=UTF-8 
java_command: greenfoot.export.GreenfootScenarioApplication
java_class_path (initial): C:\Users\45708883804\Desktop\Aula\game\out\production\game;C:\Users\Public\greenfoot\greenfoot-sources-combined-main\greenfoot-sources-combined-main\threadchecker.jar;C:\Users\Public\greenfoot\Greenfoot-windows-371\greenfoot\lib\stylesheets;C:\Users\Public\greenfoot\Greenfoot-windows-371\greenfoot\lib\bluej.jar;C:\Users\Public\greenfoot\Greenfoot-windows-371\greenfoot\lib\jl1.0.1.jar;C:\Users\Public\greenfoot\Greenfoot-windows-371\greenfoot\lib\bluejcore.jar;C:\Users\Public\greenfoot\Greenfoot-windows-371\greenfoot\lib\bluejext2.jar;C:\Users\Public\greenfoot\Greenfoot-windows-371\greenfoot\lib\greenfoot.jar;C:\Users\Public\greenfoot\Greenfoot-windows-371\greenfoot\lib\xom-1.3.7.jar;C:\Users\Public\greenfoot\Greenfoot-windows-371\greenfoot\lib\guava-17.0.jar;C:\Users\Public\greenfoot\Greenfoot-windows-371\greenfoot\lib\bluejeditor.jar;C:\Users\Public\greenfoot\Greenfoot-windows-371\greenfoot\lib\lang-stride.jar;C:\Users\Public\greenfoot\Greenfoot-windows-371\greenfoot\lib\opencsv-2.3.jar;C:\Users\Public\greenfoot\Greenfoot-windows-371\greenfoot\lib\httpcore-4.1.jar;C:\Users\Public\greenfoot\Greenfoot-windows-371\greenfoot\lib\httpmime-4.1.1.jar;C:\Users\Public\greenfoot\Greenfoot-windows-371\greenfoot\lib\nsmenufx-2.1.8.jar;C:\Users\Public\greenfoot\Greenfoot-windows-371\greenfoot\lib\diffutils-1.2.1.jar;C:\Users\Public\greenfoot\Greenfoot-windows-371\greenfoot\lib\httpclient-4.1.1.jar;C:\Users\Public\greenfoot\Greenfoot-windows-371\greenfoot\lib\classgraph-4.8.90.jar;C:\Users\Public\greenfoot\Greenfoot-windows-371\greenfoot\lib\hamcrest-core-1.3.jar;C:\Users\Public\greenfoot\Greenfoot-windows-371\greenfoot\lib\junit-jupiter-5.5.2.jar;C:\Users\Public\greenfoot\Greenfoot-windows-371\greenfoot\lib\wellbehavedfx-0.3.3.jar;C:\Users\Public\greenfoot\Greenfoot-windows-371\greenfoot\lib\junit-jupiter-api-5.5.2.jar;C:\Users\Public\greenfoot\Greenfoot-windows-371\greenfoot\lib\commons-logging-api-1.1.2.jar;C:\Users\Public\greenfoot\Greenfoot-windows-371\greenfoot\lib\junit-quickcheck-core-0.9.jar;C:\Users\Public\greenfoot\Greenfoot-windows-371\greenfoot\lib\junit-jupiter-engine-5.5.2.jar;C:\Users\Public\greenfoot\Greenfoot-windows-371\greenfoot\lib\junit-jupiter-params-5.5.2.jar;C:\Users\Public\greenfoot\Greenfoot-windows-371\greenfoot\lib\junit-vintage-engine-5.5.2.jar;C:\Users\Public\greenfoot\Greenfoot-windows-371\greenfoot\lib\junit-platform-engine-1.5.2.jar;C:\Users\Public\greenfoot\Greenfoot-windows-371\greenfoot\lib\junit-platform-runner-1.5.2.jar;C:\Users\Public\greenfoot\Greenfoot-windows-371\greenfoot\lib\junit-platform-commons-1.5.2.jar;C:\Users\Public\greenfoot\Greenfoot-windows-371\greenfoot\lib\junit-platform-console-1.5.2.jar;C:\Users\Public\greenfoot\Greenfoot-windows-371\greenfoot\lib\junit-platform-testkit-1.5.2.jar;C:\Users\Public\greenfoot\Greenfoot-windows-371\greenfoot\lib\junit-platform-launcher-1.5.2.jar;C:\Users\Public\greenfoot\Greenfoot-windows-371\greenfoot\lib\junit-platform-reporting-1.5.2.jar;C:\Users\Public\greenfoot\Greenfoot-windows-371\greenfoot\lib\junit-platform-suite-api-1.5.2.jar;C:\Users\Public\greenfoot\Greenfoot-windows-371\greenfoot\lib\junit-jupiter-migrationsupport-5.5.2.jar;C:\Users\Public\greenfoot\Greenfoot-windows-371\greenfoot\lib\junit-platform-console-standalone-1.5.2.jar;C:\Users\Public\greenfoot\Greenfoot-windows-371\greenfoot\lib\javafx\lib\src.zip;C:\Users\Public\greenfoot\Greenfoot-windows-371\greenfoot\lib\javafx\lib\javafx-swt.jar;C:\Users\Public\greenfoot\Greenfoot-windows-371\greenfoot\lib\javafx\lib\javafx.web.jar;C:\Users\Public\greenfoot\Greenfoot-windows-371\greenfoot\lib\javafx\lib\javafx.base.jar;C:\Users\Public\greenfoot\Greenfoot-windows-371\greenfoot\lib\javafx\lib\javafx.fxml.jar;C:\Users\Public\greenfoot\Greenfoot-windows-371\greenfoot\lib\javafx\lib\javafx.media.jar;C:\Users\Public\greenfoot\Greenfoot-windows-371\greenfoot\lib\javafx\lib\javafx.swing.jar;C:\Users\Public\greenfoot\Greenfoot-windows-371\greenfoot\lib\javafx\lib\javafx.controls.jar;C:\Users\Public\greenfoot\Greenfoot-windows-371\greenfoot\lib\javafx\lib\javafx.graphics.jar
Launcher Type: SUN_STANDARD

[Global flags]
     intx CICompilerCount                          = 12                                        {product} {ergonomic}
     uint ConcGCThreads                            = 4                                         {product} {ergonomic}
     uint G1ConcRefinementThreads                  = 15                                        {product} {ergonomic}
   size_t G1HeapRegionSize                         = 2097152                                   {product} {ergonomic}
   size_t InitialHeapSize                          = 264241152                                 {product} {ergonomic}
   size_t MarkStackSize                            = 4194304                                   {product} {ergonomic}
   size_t MarkStackSizeMax                         = 536870912                                 {product} {ergonomic}
   size_t MaxHeapSize                              = 4215275520                                {product} {ergonomic}
   size_t MaxNewSize                               = 2529165312                                {product} {ergonomic}
   size_t MinHeapDeltaBytes                        = 2097152                                   {product} {ergonomic}
   size_t MinHeapSize                              = 8388608                                   {product} {ergonomic}
    uintx NonNMethodCodeHeapSize                   = 7602176                                {pd product} {ergonomic}
    uintx NonProfiledCodeHeapSize                  = 122093568                              {pd product} {ergonomic}
    uintx ProfiledCodeHeapSize                     = 121962496                              {pd product} {ergonomic}
    uintx ReservedCodeCacheSize                    = 251658240                              {pd product} {ergonomic}
     bool SegmentedCodeCache                       = true                                      {product} {ergonomic}
   size_t SoftMaxHeapSize                          = 4215275520                             {manageable} {ergonomic}
     bool UseCompressedOops                        = true                           {product lp64_product} {ergonomic}
     bool UseG1GC                                  = true                                      {product} {ergonomic}
     bool UseLargePagesIndividualAllocation        = false                                  {pd product} {ergonomic}

Logging:
Log output configuration:
 #0: stdout all=warning uptime,level,tags foldmultilines=false
 #1: stderr all=off uptime,level,tags foldmultilines=false

Release file:
IMPLEMENTOR="Oracle Corporation" 
JAVA_RUNTIME_VERSION="25.0.4.1+1-LTS-5" 
JAVA_VERSION="25.0.4.1" 
JAVA_VERSION_DATE="2026-08-18" 
LIBC="default" 
MODULES="java.base java.compiler java.datatransfer java.xml java.prefs java.desktop java.instrument java.logging java.management java.security.sasl java.naming java.rmi java.management.rmi java.net.http java.scripting java.security.jgss java.transaction.xa java.sql java.sql.rowset java.xml.crypto java.se java.smartcardio jdk.accessibility jdk.internal.jvmstat jdk.attach jdk.charsets jdk.internal.opt jdk.zipfs jdk.compiler jdk.crypto.cryptoki jdk.crypto.ec jdk.crypto.mscapi jdk.dynalink jdk.internal.ed jdk.editpad jdk.internal.vm.ci jdk.graal.compiler jdk.graal.compiler.management jdk.hotspot.agent jdk.httpserver jdk.incubator.vector jdk.internal.le jdk.internal.md jdk.jartool jdk.javadoc jdk.jcmd jdk.management jdk.management.agent jdk.jconsole jdk.jdeps jdk.jdwp.agent jdk.jdi jdk.jfr jdk.jlink jdk.jpackage jdk.jshell jdk.jsobject jdk.jstatd jdk.localedata jdk.management.jfr jdk.naming.dns jdk.naming.rmi jdk.net jdk.nio.mapmode jdk.sctp jdk.security.auth jdk.security.jgss jdk.unsupported jdk.unsupported.desktop jdk.xml.dom" 
OS_ARCH="x86_64" 
OS_NAME="Windows" 
SOURCE=".:git:d5c355d21fdd open:git:2e8d1990fcae" 

Environment Variables:
PATH=C:\Program Files\Common Files\Oracle\Java\javapath;C:\Program Files (x86)\Siemens\Step7\S7bin;C:\Program Files\Common Files\Siemens\Automation\Simatic OAM\bin;C:\Windows\system32;C:\Windows;C:\Windows\System32\Wbem;C:\Windows\System32\WindowsPowerShell\v1.0\;C:\Windows\System32\OpenSSH\;C:\Program Files\Git\cmd;C:\Program Files\nodejs\;C:\ProgramData\UNIVALI\Portugol Studio;C:\Program Files\dotnet\;C:\Program Files (x86)\Windows Kits\10\Windows Performance Toolkit\;C:\Program Files\PKWARE\pkzipc;C:\Users\45708883804\AppData\Local\Microsoft\WindowsApps;
USERNAME=45708883804
OS=Windows_NT
PROCESSOR_IDENTIFIER=Intel64 Family 6 Model 191 Stepping 2, GenuineIntel
TMP=C:\Users\457088~1\AppData\Local\Temp
TEMP=C:\Users\457088~1\AppData\Local\Temp




Compilation memory statistics disabled.

Periodic native trim disabled

---------------  S Y S T E M  ---------------

OS:
 Windows 11 , 64 bit Build 26100 (10.0.26100.9444)
OS uptime: 0 days 8:27 hours
Hyper-V role detected

CPU: total 20 (initial active 20) (10 cores per cpu, 2 threads per core) family 6 model 191 stepping 2 microcode 0x3e, cx8, cmov, fxsr, ht, mmx, 3dnowpref, sse, sse2, sse3, ssse3, sse4.1, sse4.2, popcnt, lzcnt, tsc, tscinvbit, avx, avx2, aes, erms, clmul, bmi1, bmi2, adx, sha, fma, vzeroupper, clflush, clflushopt, clwb, hv, serialize, rdtscp, rdpid, fsrm, gfni, f16c, cet_ibt, cet_ss
Processor Information for the first 20 processors :
  Max Mhz: 2500, Current Mhz: 2500, Mhz Limit: 2500

Memory: 4k page, system-wide physical 16072M (714M free)
TotalPageFile size 24645M (AvailPageFile size 17M)
current process WorkingSet (physical memory assigned to process): 2530M, peak: 2530M
current process commit charge ("private bytes"): 3348M, peak: 3358M

vm_info: Java HotSpot(TM) 64-Bit Server VM (25.0.4.1+1-LTS-5) for windows-amd64 JRE (25.0.4.1+1-LTS-5), built on 2026-07-15T18:49:13Z with MS VC++ 17.13 (VS2022)

END.
