#
# There is insufficient memory for the Java Runtime Environment to continue.
# Native memory allocation (mmap) failed to map 2097152 bytes. Error detail: G1 virtual space
# Possible reasons:
#   The system is out of physical RAM or swap space
#   This process is running with CompressedOops enabled, and the Java Heap may be blocking the growth of the native heap
# Possible solutions:
#   Reduce memory load on the system
#   Increase physical memory or swap space
#   Check if swap backing store is full
#   Decrease Java heap size (-Xmx/-Xms)
#   Decrease number of Java threads
#   Decrease Java thread stack sizes (-Xss)
#   Set larger code cache with -XX:ReservedCodeCacheSize=
#   JVM is running with Zero Based Compressed Oops mode in which the Java heap is
#     placed in the first 32GB address space. The Java Heap base address is the
#     maximum limit for the native heap growth. Please use -XX:HeapBaseMinAddress
#     to set the Java Heap base and to place the Java Heap above 32GB virtual address.
# This output file may be truncated or incomplete.
#
#  Out of Memory Error (os_windows.cpp:3571), pid=20772, tid=27704
#
# JRE version: Java(TM) SE Runtime Environment (25.0.4.1+1) (build 25.0.4.1+1-LTS-5)
# Java VM: Java HotSpot(TM) 64-Bit Server VM (25.0.4.1+1-LTS-5, mixed mode, sharing, tiered, compressed oops, compressed class ptrs, g1 gc, windows-amd64)
# No core dump will be written. Minidumps are not enabled by default on client versions of Windows
#

---------------  S U M M A R Y ------------

Command Line: --module-path=C:\Users\Public\greenfoot\Greenfoot-windows-371\greenfoot\lib\javafx\lib --add-modules=javafx.controls,javafx.fxml -javaagent:C:\Program Files\JetBrains\IntelliJ IDEA 2025.3\lib\idea_rt.jar=52426 -Dfile.encoding=UTF-8 -Dsun.stdout.encoding=UTF-8 -Dsun.stderr.encoding=UTF-8 greenfoot.export.GreenfootScenarioApplication

Host: 13th Gen Intel(R) Core(TM) i5-13500, 20 cores, 15G,  Windows 11 , 64 bit Build 26100 (10.0.26100.9444)
Time: Sat Sep 26 16:46:23 2026 Hora oficial do Brasil elapsed time: 11.852247 seconds (0d 0h 0m 11s)

---------------  T H R E A D  ---------------

Current thread (0x000002056b4338e0):  JavaThread "JavaFX Application Thread"        [_thread_in_vm, id=27704, stack(0x0000001628a00000,0x0000001628b00000) (1024K)]

Stack: [0x0000001628a00000,0x0000001628b00000]
Native frames: (J=compiled Java code, j=interpreted, Vv=VM code, C=native code)
V  [jvm.dll+0x7a8819]  (no source info available)
V  [jvm.dll+0x7743dd]  (no source info available)
V  [jvm.dll+0x967693]  (no source info available)
V  [jvm.dll+0x969c91]  (no source info available)
V  [jvm.dll+0x96a3a3]  (no source info available)
V  [jvm.dll+0x2fd0b6]  (no source info available)
V  [jvm.dll+0x7a4a15]  (no source info available)
V  [jvm.dll+0x797da7]  (no source info available)
V  [jvm.dll+0x3f5618]  (no source info available)
V  [jvm.dll+0x3fd566]  (no source info available)
V  [jvm.dll+0x3e98e5]  (no source info available)
V  [jvm.dll+0x3e9fb1]  (no source info available)
V  [jvm.dll+0x3e9b12]  (no source info available)
V  [jvm.dll+0x3c115e]  (no source info available)
V  [jvm.dll+0x3bf293]  (no source info available)
V  [jvm.dll+0x728426]  (no source info available)
V  [jvm.dll+0x2b48a2]  (no source info available)
V  [jvm.dll+0x92ab33]  (no source info available)
V  [jvm.dll+0x21055a]  (no source info available)
C  0x00000205558f92d1  (no source info available)

The last pc belongs to C1 Runtime new_type_array_blob (printed below).
Java frames: (J=compiled Java code, j=interpreted, Vv=VM code)
v  ~RuntimeStub::C1 Runtime new_type_array_blob 0x00000205558f92d1
J 4040 c1 java.awt.image.SinglePixelPackedSampleModel.createDataBuffer()Ljava/awt/image/DataBuffer; java.desktop@25.0.4.1 (79 bytes) @ 0x000002054e90ae5d [0x000002054e90a580+0x00000000000008dd]
J 3997 c1 java.awt.image.Raster.createWritableRaster(Ljava/awt/image/SampleModel;Ljava/awt/Point;)Ljava/awt/image/WritableRaster; java.desktop@25.0.4.1 (24 bytes) @ 0x000002054e8f8a34 [0x000002054e8f8800+0x0000000000000234]
J 2976 c2 greenfoot.export.GreenfootScenarioViewer.bufferedImageToFX(Ljava/awt/image/BufferedImage;)Ljavafx/scene/image/Image; (89 bytes) @ 0x0000020556002c14 [0x0000020556002a20+0x00000000000001f4]
J 4146 c1 greenfoot.platforms.standalone.WorldHandlerDelegateStandAlone$1.handle(J)V (40 bytes) @ 0x000002054e95660c [0x000002054e955b00+0x0000000000000b0c]
J 3758 c1 javafx.animation.AnimationTimer$AnimationTimerReceiver$$Lambda+0x000000008c2c7580.run()Ljava/lang/Object; javafx.graphics (12 bytes) @ 0x000002054e86f05c [0x000002054e86ef00+0x000000000000015c]
J 3756 c1 javafx.animation.AnimationTimer$AnimationTimerReceiver.handle(J)V javafx.graphics (39 bytes) @ 0x000002054e86f764 [0x000002054e86f280+0x00000000000004e4]
J 3753 c1 com.sun.scenario.animation.AbstractPrimaryTimer.timePulseImpl(J)V javafx.graphics (157 bytes) @ 0x000002054e87023c [0x000002054e86fba0+0x000000000000069c]
J 3750 c1 com.sun.scenario.animation.AbstractPrimaryTimer$MainLoop.run()V javafx.graphics (61 bytes) @ 0x000002054e86d204 [0x000002054e86ce80+0x0000000000000384]
J 3749 c1 com.sun.javafx.tk.quantum.QuantumToolkit.pulse(Z)V javafx.graphics (152 bytes) @ 0x000002054e86db24 [0x000002054e86d700+0x0000000000000424]
J 3768 c1 com.sun.javafx.tk.quantum.QuantumToolkit$$Lambda+0x000000008c075118.run()V javafx.graphics (8 bytes) @ 0x000002054e8760c4 [0x000002054e875e00+0x00000000000002c4]
J 3417 c1 com.sun.glass.ui.InvokeLaterDispatcher$Future.run()V javafx.graphics (91 bytes) @ 0x000002054e7fbc14 [0x000002054e7fbb00+0x0000000000000114]
v  ~StubRoutines::call_stub 0x00000205557e12ed
j  com.sun.glass.ui.win.WinApplication._runLoop(Ljava/lang/Runnable;)V+0 javafx.graphics
j  com.sun.glass.ui.win.WinApplication.lambda$runLoop$3(ILjava/lang/Runnable;)V+8 javafx.graphics
j  com.sun.glass.ui.win.WinApplication$$Lambda+0x000000008c06b4a8.run()V+12 javafx.graphics
j  java.lang.Thread.runWith(Ljava/lang/Object;Ljava/lang/Runnable;)V+5 java.base@25.0.4.1
j  java.lang.Thread.run()V+19 java.base@25.0.4.1
v  ~StubRoutines::call_stub 0x00000205557e12ed
Lock stack of current Java thread (top to bottom):

--------------------------------------------------------------------------------
Decoding CodeBlob, name: C1 Runtime new_type_array_blob, at  [0x00000205558f91e0, 0x00000205558f93f0]  528 bytes
[MachCode]
  0x00000205558f91e0: 5548 8bec | 4881 ec80 | 0000 0048 | 8944 2478 | 4889 4c24 | 7048 8954 | 2468 4889 | 5c24 6048 
  0x00000205558f9200: 896c 2450 | 4889 7424 | 4848 897c | 2440 4c89 | 4424 384c | 894c 2430 | 4c89 5424 | 284c 895c 
  0x00000205558f9220: 2420 4c89 | 6424 184c | 896c 2410 | 4c89 7424 | 084c 893c | 2448 81ec | 1004 0000 | c5fb 1144 
  0x00000205558f9240: 2428 c5fb | 114c 2430 | c5fb 1154 | 2438 c5fb | 115c 2440 | c5fb 1164 | 2448 c5fb | 116c 2450 
  0x00000205558f9260: c5fb 1174 | 2458 c5fb | 117c 2460 | c57b 1144 | 2468 c57b | 114c 2470 | c57b 1154 | 2478 c57b 
  0x00000205558f9280: 119c 2480 | 0000 00c5 | 7b11 a424 | 8800 0000 | c57b 11ac | 2490 0000 | 00c5 7b11 | b424 9800 
  0x00000205558f92a0: 0000 c57b | 11bc 24a0 | 0000 0048 | 8bd2 4c8b | c349 8bcf | c5f8 7749 | 89af 3804 | 0000 4989 
  0x00000205558f92c0: a728 0400 | 0048 b830 | 058c e6fe | 7f00 00ff | d049 c787 | 2804 0000 | 0000 0000 | 49c7 8738 
  0x00000205558f92e0: 0400 0000 | 0000 0049 | c787 3004 | 0000 0000 | 0000 c5f8 | 7749 837f | 0800 0f84 | 1400 0000 
  0x00000205558f9300: 498b 4708 | 49c7 8780 | 0400 0000 | 0000 00e9 | 4cd9 ffff | 498b 8780 | 0400 0049 | c787 8004 
  0x00000205558f9320: 0000 0000 | 0000 c5fb | 1044 2428 | c5fb 104c | 2430 c5fb | 1054 2438 | c5fb 105c | 2440 c5fb 
  0x00000205558f9340: 1064 2448 | c5fb 106c | 2450 c5fb | 1074 2458 | c5fb 107c | 2460 c57b | 1044 2468 | c57b 104c 
  0x00000205558f9360: 2470 c57b | 1054 2478 | c57b 109c | 2480 0000 | 00c5 7b10 | a424 8800 | 0000 c57b | 10ac 2490 
  0x00000205558f9380: 0000 00c5 | 7b10 b424 | 9800 0000 | c57b 10bc | 24a0 0000 | 0048 81c4 | 1004 0000 | 4c8b 3c24 
  0x00000205558f93a0: 4c8b 7424 | 084c 8b6c | 2410 4c8b | 6424 184c | 8b5c 2420 | 4c8b 5424 | 284c 8b4c | 2430 4c8b 
  0x00000205558f93c0: 4424 3848 | 8b7c 2440 | 488b 7424 | 4848 8b6c | 2450 488b | 5c24 6048 | 8b54 2468 | 488b 4c24 
  0x00000205558f93e0: 7048 81c4 | 8000 0000 | c9c3 660f | 1f44 0000 
[/MachCode]
--------------------------------------------------------------------------------


Compiled method (c1) 14446 4040       3       java.awt.image.SinglePixelPackedSampleModel::createDataBuffer (79 bytes)
 total in heap  [0x000002054e90a488,0x000002054e90b100] = 3192
 main code      [0x000002054e90a580,0x000002054e90b098] = 2840
 stub code      [0x000002054e90b098,0x000002054e90b100] = 104
 mutable data [0x000002056b208b40,0x000002056b208c30] = 240
 relocation     [0x000002056b208b40,0x000002056b208c10] = 208
 metadata       [0x000002056b208c10,0x000002056b208c30] = 32
 immutable data [0x000002057e88d3b0,0x000002057e88d638] = 648
 dependencies   [0x000002057e88d3b0,0x000002057e88d3c0] = 16
 nul chk table  [0x000002057e88d3c0,0x000002057e88d3d8] = 24
 scopes pcs     [0x000002057e88d3d8,0x000002057e88d538] = 352
 scopes data    [0x000002057e88d538,0x000002057e88d638] = 256

[Constant Pool (empty)]

[MachCode]
[Instructions begin]
  0x000002054e90a580: 6666 660f | 1f84 0000 | 0000 0066 | 6666 9066 | 6690 448b | 5208 443b 

  0x000002054e90a598: ;   {runtime_call Shared Runtime ic_miss_blob}
  0x000002054e90a598: 5008 0f85 | 4045 f206 
[Verified Entry Point]
  0x000002054e90a5a0: 8984 2400 | 80ff ff55 | 4881 ec80 | 0000 0090 | 4181 7f20 | 0600 0000 

  0x000002054e90a5b8: ;   {runtime_call Stub::method_entry_barrier}
  0x000002054e90a5b8: 7405 e881 

  0x000002054e90a5bc: ;   {metadata(method data for {method} {0x0000020567378450} 'createDataBuffer' '()Ljava/awt/image/DataBuffer;' in 'java/awt/image/SinglePixelPackedSampleModel')}
  0x000002054e90a5bc: 9cf0 0648 | beb0 e3dd | 6705 0200 | 008b be90 | 0000 0083 | c702 89be | 9000 0000 | 81e7 fe07 
  0x000002054e90a5dc: 0000 85ff | 0f84 2308 | 0000 488b 

  0x000002054e90a5e8: ;   {metadata(method data for {method} {0x0000020567378450} 'createDataBuffer' '()Ljava/awt/image/DataBuffer;' in 'java/awt/image/SinglePixelPackedSampleModel')}
  0x000002054e90a5e8: f248 bfb0 | e3dd 6705 | 0200 0048 | 8387 d800 | 0000 0148 | 8bf2 488b | d648 8974 

  0x000002054e90a604: ;   {optimized virtual_call}
  0x000002054e90a604: 2448 90e8 

  0x000002054e90a608: ; ImmutableOopMap {[72]=Oop }
                      ;*invokevirtual getBufferSize {reexecute=0 rethrow=0 return_oop=0}
                      ; - java.awt.image.SinglePixelPackedSampleModel::createDataBuffer@3 (line 233)
  0x000002054e90a608: 94fc ffff 

  0x000002054e90a60c: ;   {post_call_nop}
  0x000002054e90a60c: 0f1f 8400 | 8401 0000 | 8bc0 8944 | 2450 488b | 5424 488b 

  0x000002054e90a620: ;   {metadata(method data for {method} {0x0000020567378450} 'createDataBuffer' '()Ljava/awt/image/DataBuffer;' in 'java/awt/image/SinglePixelPackedSampleModel')}
  0x000002054e90a620: 5218 48be | b0e3 dd67 | 0502 0000 | bf10 0100 | 0085 d248 | 8bcf bf20 | 0100 0048 | 0f45 f983 
  0x000002054e90a640: fa01 488b | cfbf 3001 | 0000 480f | 45f9 83fa | 0248 8bcf | bf40 0100 | 0048 0f45 | f983 fa03 
  0x000002054e90a660: 488b cfbf | 5001 0000 | 480f 45f9 | 488b 0c3e | 41ba 0100 | 0000 4903 | ca48 890c | 3e85 d20f 
  0x000002054e90a680: 84f1 0300 | 0083 fa01 | 0f84 8a03 | 0000 83fa | 030f 840f 

  0x000002054e90a694: ;   {oop(nullptr)}
  0x000002054e90a694: 0000 0048 | be00 0000 | 0000 0000 | 00e9 4d07 

  0x000002054e90a6a4: ;   {metadata('java/awt/image/DataBufferInt')}
  0x000002054e90a6a4: 0000 48ba | 5807 178c | 0000 0000 | 488b d849 | 8b87 c801 | 0000 488d | 7830 493b | bfd8 0100 
  0x000002054e90a6c4: 000f 875f | 0700 0049 | 89bf c801 | 0000 48c7 | 0001 0000 | 0048 8bca | 41ba 0000 | 008b 492b 
  0x000002054e90a6e4: ca89 4808 | 4833 c989 | 480c 4833 | c948 8948 | 1048 8948 | 1848 8948 | 2048 8948 | 284c 8bc0 
  0x000002054e90a704: ;   {metadata(method data for {method} {0x0000020567378450} 'createDataBuffer' '()Ljava/awt/image/DataBuffer;' in 'java/awt/image/SinglePixelPackedSampleModel')}
  0x000002054e90a704: 49b9 b0e3 | dd67 0502 | 0000 4983 | 81b8 0100 

  0x000002054e90a714: ;   {metadata(method data for {method} {0x00000205679ac308} '<init>' '(I)V' in 'java/awt/image/DataBufferInt')}
  0x000002054e90a714: 0001 49b8 | f030 dd67 | 0502 0000 | 458b 8890 | 0000 0041 | 83c1 0245 | 8988 9000 | 0000 4181 
  0x000002054e90a734: e1fe ff1f | 0045 85c9 | 0f84 f506 | 0000 4c8b 

  0x000002054e90a744: ;   {metadata(method data for {method} {0x00000205679ac308} '<init>' '(I)V' in 'java/awt/image/DataBufferInt')}
  0x000002054e90a744: c049 b9f0 | 30dd 6705 | 0200 0049 | 8381 d800 

  0x000002054e90a754: ;   {oop(a 'sun/java2d/StateTrackable$State'{0x0000000704e50c68})}
  0x000002054e90a754: 0000 0149 | b868 0ce5 | 0407 0000 | 0041 b903 | 0000 0048 | 8bfb 488b | d048 8944 | 2458 0f1f 
  0x000002054e90a774: ;   {optimized virtual_call}
  0x000002054e90a774: 4400 00e8 

  0x000002054e90a778: ; ImmutableOopMap {[88]=Oop }
                      ;*invokespecial <init> {reexecute=0 rethrow=0 return_oop=0}
                      ; - java.awt.image.DataBufferInt::<init>@6 (line 75)
                      ; - java.awt.image.SinglePixelPackedSampleModel::createDataBuffer@73 (line 242)
  0x000002054e90a778: a47e f9ff 

  0x000002054e90a77c: ;   {post_call_nop}
  0x000002054e90a77c: 0f1f 8400 | f402 0001 | 8b5c 2450 

  0x000002054e90a788: ;   {metadata({type array int})}
  0x000002054e90a788: 48ba 1859 | 188b 0000 | 0000 4863 | db48 8bfb | 4881 fbff | ffff 000f | 87b3 0600 | 00be 1700 
  0x000002054e90a7a8: 0000 488d | 349e 4883 | e6f8 498b | 87c8 0100 | 0048 8d34 | 3049 3bb7 | d801 0000 | 0f87 8e06 
  0x000002054e90a7c8: 0000 4989 | b7c8 0100 | 0048 2bf0 | 48c7 0001 | 0000 0048 | 8bca 41ba | 0000 008b | 492b ca89 
  0x000002054e90a7e8: 4808 8958 | 0c48 83ee | 1048 85f6 | 0f84 1100 | 0000 4833 | db48 c1ee | 0348 895c | f008 48ff 
  0x000002054e90a808: ce75 f64c | 8bc0 410f | be5f 4885 | db4c 8b4c | 2458 0f85 | 4206 0000 | 4d8b d049 | c1ea 0345 
  0x000002054e90a828: 8951 2449 | 8bc1 4933 | c048 c1e8 | 1548 83f8 | 000f 8543 | 0600 00bb | 0100 0000 

  0x000002054e90a844: ;   {metadata({type array int}[])}
  0x000002054e90a844: 48ba 1878 | 038c 0000 | 0000 4863 | db48 8bfb | 4881 fbff | ffff 000f | 8739 0600 | 00be 1700 
  0x000002054e90a864: 0000 488d | 349e 4883 | e6f8 498b | 87c8 0100 | 0048 8d34 | 3049 3bb7 | d801 0000 | 0f87 1406 
  0x000002054e90a884: 0000 4989 | b7c8 0100 | 0048 2bf0 | 48c7 0001 | 0000 0048 | 8bca 41ba | 0000 008b | 492b ca89 
  0x000002054e90a8a4: 4808 8958 | 0c48 83ee | 1048 85f6 | 0f84 1100 | 0000 4833 | db48 c1ee | 0348 895c | f008 48ff 
  0x000002054e90a8c4: ce75 f641 | 0fbe 5748 | 85d2 0f85 | d005 0000 | 4c8b d049 | c1ea 0345 | 8951 2849 | 8bd1 4833 
  0x000002054e90a8e4: d048 c1ea | 1548 83fa | 000f 85d1 | 0500 004d 

  0x000002054e90a8f4: ;   {metadata(method data for {method} {0x00000205679ac308} '<init>' '(I)V' in 'java/awt/image/DataBufferInt')}
  0x000002054e90a8f4: 85c0 48be | f030 dd67 | 0502 0000 | 750c 808e | e100 0000 | 01e9 d300 | 0000 418b | 5008 41ba 
  0x000002054e90a914: 0000 008b | 4903 d248 | 3b96 f000 | 0000 750d | 4883 86f8 | 0000 0001 | e960 0000 | 0048 3b96 
  0x000002054e90a934: 0001 0000 | 750d 4883 | 8608 0100 | 0001 e94a | 0000 0048 | 83be f000 | 0000 0075 | 1748 8996 
  0x000002054e90a954: f000 0000 | 48c7 86f8 | 0000 0001 | 0000 00e9 | 2900 0000 | 4883 be00 | 0100 0000 | 7517 4889 
  0x000002054e90a974: 9600 0100 | 0048 c786 | 0801 0000 | 0100 0000 | e908 0000 | 0048 8386 | e800 0000 | 018b 5008 
  0x000002054e90a994: 41ba 0000 | 008b 4903 | d241 8b70 | 0841 ba00 | 0000 8b49 | 03f2 488b | 92e0 0000 | 0048 3bf2 
  0x000002054e90a9b4: 0f84 2700 | 0000 8b7a | 1448 3b14 | 3e0f 841a | 0000 0083 | ff20 0f85 | 1105 0000 

  0x000002054e90a9d0: ;   {runtime_call C1 Runtime slow_subtype_check_blob}
  0x000002054e90a9d0: 5652 e809 | 03ff 065e | 5a85 d20f | 8400 0500 | 0048 8d50 | 1041 0fbe | 4748 85c0 | 0f85 f804 
  0x000002054e90a9f0: 0000 4d8b | d049 c1ea | 0344 8912 | 488b c249 | 33c0 48c1 | e815 4883 | f800 0f85 | f804 0000 
  0x000002054e90aa10: 498b f1e9 | db03 0000 

  0x000002054e90aa18: ;   {other}
  0x000002054e90aa18: e912 0500 | 0000 0000 | 0000 e912 | 0500 004c 

  0x000002054e90aa28: ;   {metadata(method data for {method} {0x0000020567378450} 'createDataBuffer' '()Ljava/awt/image/DataBuffer;' in 'java/awt/image/SinglePixelPackedSampleModel')}
  0x000002054e90aa28: 8bc0 48ba | b0e3 dd67 | 0502 0000 | 4883 8290 | 0100 0001 | 448b 4424 | 5048 8bd0 | 4889 4424 
  0x000002054e90aa48: 6066 0f1f 

  0x000002054e90aa4c: ;   {optimized virtual_call}
  0x000002054e90aa4c: 4400 00e8 

  0x000002054e90aa50: ; ImmutableOopMap {[96]=Oop }
                      ;*invokespecial <init> {reexecute=0 rethrow=0 return_oop=0}
                      ; - java.awt.image.SinglePixelPackedSampleModel::createDataBuffer@61 (line 239)
  0x000002054e90aa50: 8c43 f206 

  0x000002054e90aa54: ;   {post_call_nop}
  0x000002054e90aa54: 0f1f 8400 | cc05 0002 

  0x000002054e90aa5c: ;   {metadata(method data for {method} {0x0000020567378450} 'createDataBuffer' '()Ljava/awt/image/DataBuffer;' in 'java/awt/image/SinglePixelPackedSampleModel')}
  0x000002054e90aa5c: 48ba b0e3 | dd67 0502 | 0000 ff82 | a001 0000 | 488b 7424 | 60e9 7d03 | 0000 6690 

  0x000002054e90aa78: ;   {other}
  0x000002054e90aa78: e9d8 0400 | 0000 0000 | 0000 488b | d849 8b87 | c801 0000 | 488d 7830 | 493b bfd8 | 0100 000f 
  0x000002054e90aa98: 87c2 0400 | 0049 89bf | c801 0000 | 48c7 0001 | 0000 0048 | 8bca 41ba | 0000 008b | 492b ca89 
  0x000002054e90aab8: 4808 4833 | c989 480c | 4833 c948 | 8948 1048 | 8948 1848 | 8948 2048 | 8948 284c 

  0x000002054e90aad4: ;   {metadata(method data for {method} {0x0000020567378450} 'createDataBuffer' '()Ljava/awt/image/DataBuffer;' in 'java/awt/image/SinglePixelPackedSampleModel')}
  0x000002054e90aad4: 8bc0 49b9 | b0e3 dd67 | 0502 0000 | 4983 8168 | 0100 0001 

  0x000002054e90aae8: ;   {metadata(method data for {method} {0x0000020567383848} '<init>' '(I)V' in 'java/awt/image/DataBufferByte')}
  0x000002054e90aae8: 49b8 c0e6 | dd67 0502 | 0000 458b | 8890 0000 | 0041 83c1 | 0245 8988 | 9000 0000 | 4181 e1fe 
  0x000002054e90ab08: ff1f 0045 | 85c9 0f84 | 5804 0000 

  0x000002054e90ab14: ;   {metadata(method data for {method} {0x0000020567383848} '<init>' '(I)V' in 'java/awt/image/DataBufferByte')}
  0x000002054e90ab14: 4c8b c049 | b9c0 e6dd | 6705 0200 | 0049 8381 | d800 0000 

  0x000002054e90ab28: ;   {oop(a 'sun/java2d/StateTrackable$State'{0x0000000704e50c68})}
  0x000002054e90ab28: 0149 b868 | 0ce5 0407 | 0000 0041 | b900 0000 | 0048 8bfb | 488b d048 | 8944 2468 

  0x000002054e90ab44: ;   {optimized virtual_call}
  0x000002054e90ab44: 6666 90e8 

  0x000002054e90ab48: ; ImmutableOopMap {[104]=Oop }
                      ;*invokespecial <init> {reexecute=0 rethrow=0 return_oop=0}
                      ; - java.awt.image.DataBufferByte::<init>@6 (line 76)
                      ; - java.awt.image.SinglePixelPackedSampleModel::createDataBuffer@49 (line 236)
  0x000002054e90ab48: 9442 f206 

  0x000002054e90ab4c: ;   {post_call_nop}
  0x000002054e90ab4c: 0f1f 8400 | c406 0003 | 8b5c 2450 

  0x000002054e90ab58: ;   {metadata({type array byte})}
  0x000002054e90ab58: 48ba 1855 | 188b 0000 | 0000 4863 | db48 8bfb | 4881 fbff | ffff 000f | 8718 0400 | 00be 1700 
  0x000002054e90ab78: 0000 488d | 341e 4883 | e6f8 498b | 87c8 0100 | 0048 8d34 | 3049 3bb7 | d801 0000 | 0f87 f303 
  0x000002054e90ab98: 0000 4989 | b7c8 0100 | 0048 2bf0 | 48c7 0001 | 0000 0048 | 8bca 41ba | 0000 008b | 492b ca89 
  0x000002054e90abb8: 4808 8958 | 0c48 83ee | 1048 85f6 | 0f84 1100 | 0000 4833 | db48 c1ee | 0348 895c | f008 48ff 
  0x000002054e90abd8: ce75 f64c | 8bc0 410f | be5f 4885 | db4c 8b4c | 2468 0f85 | a703 0000 | 4d8b d049 | c1ea 0345 
  0x000002054e90abf8: 8951 2449 | 8bc1 4933 | c048 c1e8 | 1548 83f8 | 000f 85a8 | 0300 00bb | 0100 0000 

  0x000002054e90ac14: ;   {metadata({type array byte}[])}
  0x000002054e90ac14: 48ba 7894 | 148c 0000 | 0000 4863 | db48 8bfb | 4881 fbff | ffff 000f | 879e 0300 | 00be 1700 
  0x000002054e90ac34: 0000 488d | 349e 4883 | e6f8 498b | 87c8 0100 | 0048 8d34 | 3049 3bb7 | d801 0000 | 0f87 7903 
  0x000002054e90ac54: 0000 4989 | b7c8 0100 | 0048 2bf0 | 48c7 0001 | 0000 0048 | 8bca 41ba | 0000 008b | 492b ca89 
  0x000002054e90ac74: 4808 8958 | 0c48 83ee | 1048 85f6 | 0f84 1100 | 0000 4833 | db48 c1ee | 0348 895c | f008 48ff 
  0x000002054e90ac94: ce75 f641 | 0fbe 7748 | 85f6 0f85 | 3503 0000 | 4c8b d049 | c1ea 0345 | 8951 2849 | 8bf1 4833 
  0x000002054e90acb4: f048 c1ee | 1548 83fe | 000f 8536 | 0300 004d 

  0x000002054e90acc4: ;   {metadata(method data for {method} {0x0000020567383848} '<init>' '(I)V' in 'java/awt/image/DataBufferByte')}
  0x000002054e90acc4: 85c0 48bf | c0e6 dd67 | 0502 0000 | 750c 808f | e100 0000 | 01e9 d300 | 0000 418b | 7008 41ba 
  0x000002054e90ace4: 0000 008b | 4903 f248 | 3bb7 f000 | 0000 750d | 4883 87f8 | 0000 0001 | e960 0000 | 0048 3bb7 
  0x000002054e90ad04: 0001 0000 | 750d 4883 | 8708 0100 | 0001 e94a | 0000 0048 | 83bf f000 | 0000 0075 | 1748 89b7 
  0x000002054e90ad24: f000 0000 | 48c7 87f8 | 0000 0001 | 0000 00e9 | 2900 0000 | 4883 bf00 | 0100 0000 | 7517 4889 
  0x000002054e90ad44: b700 0100 | 0048 c787 | 0801 0000 | 0100 0000 | e908 0000 | 0048 8387 | e800 0000 | 018b 7008 
  0x000002054e90ad64: 41ba 0000 | 008b 4903 | f241 8b78 | 0841 ba00 | 0000 8b49 | 03fa 488b | b6e0 0000 | 0048 3bfe 
  0x000002054e90ad84: 0f84 2700 | 0000 8b5e | 1448 3b34 | 1f0f 841a | 0000 0083 | fb20 0f85 | 7602 0000 

  0x000002054e90ada0: ;   {runtime_call C1 Runtime slow_subtype_check_blob}
  0x000002054e90ada0: 5756 e839 | fffe 065f | 5e85 f60f | 8465 0200 | 0048 8d40 | 1041 0fbe | 7748 85f6 | 0f85 5d02 
  0x000002054e90adc0: 0000 4d8b | d049 c1ea | 0344 8910 | 488b f049 | 33f0 48c1 | ee15 4883 | fe00 0f85 | 5d02 0000 
  0x000002054e90ade0: ;   {metadata(method data for {method} {0x0000020567378450} 'createDataBuffer' '()Ljava/awt/image/DataBuffer;' in 'java/awt/image/SinglePixelPackedSampleModel')}
  0x000002054e90ade0: 48b8 b0e3 | dd67 0502 | 0000 ff80 | 7801 0000 | 498b f148 | 8bc6 4881 | c480 0000 

  0x000002054e90adfc: ;   {poll_return}
  0x000002054e90adfc: 005d 493b | 6728 0f87 | 4d02 0000 

  0x000002054e90ae08: ;   {metadata({method} {0x0000020567378450} 'createDataBuffer' '()Ljava/awt/image/DataBuffer;' in 'java/awt/image/SinglePixelPackedSampleModel')}
  0x000002054e90ae08: c349 ba48 | 8437 6705 | 0200 004c | 8954 2408 | 48c7 0424 | ffff ffff 

  0x000002054e90ae20: ;   {runtime_call C1 Runtime counter_overflow_blob}
  0x000002054e90ae20: e83b 2cff 

  0x000002054e90ae24: ; ImmutableOopMap {rdx=Oop }
                      ;*synchronization entry
                      ; - java.awt.image.SinglePixelPackedSampleModel::createDataBuffer@-1 (line 231)
  0x000002054e90ae24: 06e9 bcf7 | ffff 488b 

  0x000002054e90ae2c: ;   {runtime_call C1 Runtime fast_new_instance_blob}
  0x000002054e90ae2c: d2e8 aedd 

  0x000002054e90ae30: ; ImmutableOopMap {}
                      ;*new {reexecute=0 rethrow=0 return_oop=0}
                      ; - java.awt.image.SinglePixelPackedSampleModel::createDataBuffer@68 (line 242)
  0x000002054e90ae30: fe06 e9ca 

  0x000002054e90ae34: ;   {metadata({method} {0x00000205679ac308} '<init>' '(I)V' in 'java/awt/image/DataBufferInt')}
  0x000002054e90ae34: f8ff ff49 | ba00 c39a | 6705 0200 | 004c 8954 | 2408 48c7 | 0424 ffff 

  0x000002054e90ae4c: ;   {runtime_call C1 Runtime counter_overflow_blob}
  0x000002054e90ae4c: ffff e80d 

  0x000002054e90ae50: ; ImmutableOopMap {rax=Oop }
                      ;*synchronization entry
                      ; - java.awt.image.DataBufferInt::<init>@-1 (line 75)
                      ; - java.awt.image.SinglePixelPackedSampleModel::createDataBuffer@73 (line 242)
  0x000002054e90ae50: 2cff 06e9 | eaf8 ffff 

  0x000002054e90ae58: ;   {runtime_call C1 Runtime new_type_array_blob}
  0x000002054e90ae58: e883 e3fe 

  0x000002054e90ae5c: ; ImmutableOopMap {[88]=Oop }
                      ;*newarray {reexecute=0 rethrow=0 return_oop=0}
                      ; - java.awt.image.DataBufferInt::<init>@11 (line 76)
                      ; - java.awt.image.SinglePixelPackedSampleModel::createDataBuffer@73 (line 242)
  0x000002054e90ae5c: 06e9 a9f9 | ffff 418b | 5924 48c1 | e303 4883 | fb00 0f84 | acf9 ffff | 4889 1c24 

  0x000002054e90ae78: ;   {runtime_call g1_pre_barrier_slow}
  0x000002054e90ae78: e863 36ff | 06e9 9ef9 | ffff 4983 | f800 0f84 | b3f9 ffff | 4c89 0c24 

  0x000002054e90ae90: ;   {runtime_call g1_post_barrier_slow}
  0x000002054e90ae90: e84b 39ff | 06e9 a5f9 

  0x000002054e90ae98: ;   {runtime_call C1 Runtime new_object_array_blob}
  0x000002054e90ae98: ffff e841 

  0x000002054e90ae9c: ; ImmutableOopMap {r8=Oop r9=Oop }
                      ;*anewarray {reexecute=0 rethrow=0 return_oop=0}
                      ; - java.awt.image.DataBufferInt::<init>@18 (line 77)
                      ; - java.awt.image.SinglePixelPackedSampleModel::createDataBuffer@73 (line 242)
  0x000002054e90ae9c: e6fe 06e9 | 23fa ffff | 418b 5128 | 48c1 e203 | 4883 fa00 | 0f84 1efa | ffff 4889 

  0x000002054e90aeb8: ;   {runtime_call g1_pre_barrier_slow}
  0x000002054e90aeb8: 1424 e821 | 36ff 06e9 | 10fa ffff | 4883 f800 | 0f84 25fa | ffff 4c89 

  0x000002054e90aed0: ;   {runtime_call g1_post_barrier_slow}
  0x000002054e90aed0: 0c24 e809 | 39ff 06e9 | 17fa ffff 

  0x000002054e90aedc: ;   {runtime_call C1 Runtime throw_null_pointer_exception_blob}
  0x000002054e90aedc: e8ff ccfe 

  0x000002054e90aee0: ; ImmutableOopMap {r8=Oop r9=Oop rax=Oop }
                      ;*aastore {reexecute=1 rethrow=0 return_oop=0}
                      ; - (reexecute) java.awt.image.DataBufferInt::<init>@33 (line 78)
                      ; - java.awt.image.SinglePixelPackedSampleModel::createDataBuffer@73 (line 242)
  0x000002054e90aee0: 064c 8904 

  0x000002054e90aee4: ;   {runtime_call C1 Runtime throw_array_store_exception_blob}
  0x000002054e90aee4: 24e8 f6f4 

  0x000002054e90aee8: ; ImmutableOopMap {r8=Oop r9=Oop rax=Oop }
                      ;*aastore {reexecute=1 rethrow=0 return_oop=0}
                      ; - (reexecute) java.awt.image.DataBufferInt::<init>@33 (line 78)
                      ; - java.awt.image.SinglePixelPackedSampleModel::createDataBuffer@73 (line 242)
  0x000002054e90aee8: fe06 8b02 | 48c1 e003 | 4883 f800 | 0f84 f8fa | ffff 4889 

  0x000002054e90aefc: ;   {runtime_call g1_pre_barrier_slow}
  0x000002054e90aefc: 0424 e8dd | 35ff 06e9 | eafa ffff | 4983 f800 | 0f84 fefa | ffff 4889 

  0x000002054e90af14: ;   {runtime_call g1_post_barrier_slow}
  0x000002054e90af14: 1424 e8c5 | 38ff 06e9 | f0fa ffff 

  0x000002054e90af20: ;   {metadata(nullptr)}
  0x000002054e90af20: 48ba 0000 | 0000 0000 | 0000 b800 

  0x000002054e90af2c: ;   {runtime_call C1 Runtime load_klass_patching_blob}
  0x000002054e90af2c: 0f05 0ae8 

  0x000002054e90af30: ; ImmutableOopMap {}
                      ;*new {reexecute=1 rethrow=0 return_oop=0}
                      ; - (reexecute) java.awt.image.SinglePixelPackedSampleModel::createDataBuffer@56 (line 239)
  0x000002054e90af30: ac1a ff06 | e9df faff | ff48 8bd2 

  0x000002054e90af3c: ;   {runtime_call C1 Runtime new_instance_blob}
  0x000002054e90af3c: e89f d9fe 

  0x000002054e90af40: ; ImmutableOopMap {}
                      ;*new {reexecute=0 rethrow=0 return_oop=0}
                      ; - java.awt.image.SinglePixelPackedSampleModel::createDataBuffer@56 (line 239)
  0x000002054e90af40: 06e9 e1fa 

  0x000002054e90af44: ;   {metadata(nullptr)}
  0x000002054e90af44: ffff 48ba | 0000 0000 | 0000 0000 | b800 0f05 

  0x000002054e90af54: ;   {runtime_call C1 Runtime load_klass_patching_blob}
  0x000002054e90af54: 0ae8 861a 

  0x000002054e90af58: ; ImmutableOopMap {}
                      ;*new {reexecute=1 rethrow=0 return_oop=0}
                      ; - (reexecute) java.awt.image.SinglePixelPackedSampleModel::createDataBuffer@44 (line 236)
  0x000002054e90af58: ff06 e919 | fbff ff48 

  0x000002054e90af60: ;   {runtime_call C1 Runtime fast_new_instance_blob}
  0x000002054e90af60: 8bd2 e879 

  0x000002054e90af64: ; ImmutableOopMap {}
                      ;*new {reexecute=0 rethrow=0 return_oop=0}
                      ; - java.awt.image.SinglePixelPackedSampleModel::createDataBuffer@44 (line 236)
  0x000002054e90af64: dcfe 06e9 | 67fb ffff 

  0x000002054e90af6c: ;   {metadata({method} {0x0000020567383848} '<init>' '(I)V' in 'java/awt/image/DataBufferByte')}
  0x000002054e90af6c: 49ba 4038 | 3867 0502 | 0000 4c89 | 5424 0848 | c704 24ff 

  0x000002054e90af80: ;   {runtime_call C1 Runtime counter_overflow_blob}
  0x000002054e90af80: ffff ffe8 

  0x000002054e90af84: ; ImmutableOopMap {rax=Oop }
                      ;*synchronization entry
                      ; - java.awt.image.DataBufferByte::<init>@-1 (line 76)
                      ; - java.awt.image.SinglePixelPackedSampleModel::createDataBuffer@49 (line 236)
  0x000002054e90af84: d82a ff06 | e987 fbff 

  0x000002054e90af8c: ;   {runtime_call C1 Runtime new_type_array_blob}
  0x000002054e90af8c: ffe8 4ee2 

  0x000002054e90af90: ; ImmutableOopMap {[104]=Oop }
                      ;*newarray {reexecute=0 rethrow=0 return_oop=0}
                      ; - java.awt.image.DataBufferByte::<init>@11 (line 77)
                      ; - java.awt.image.SinglePixelPackedSampleModel::createDataBuffer@49 (line 236)
  0x000002054e90af90: fe06 e944 | fcff ff41 | 8b59 2448 | c1e3 0348 | 83fb 000f | 8447 fcff | ff48 891c 

  0x000002054e90afac: ;   {runtime_call g1_pre_barrier_slow}
  0x000002054e90afac: 24e8 2e35 | ff06 e939 | fcff ff49 | 83f8 000f | 844e fcff | ff4c 890c 

  0x000002054e90afc4: ;   {runtime_call g1_post_barrier_slow}
  0x000002054e90afc4: 24e8 1638 | ff06 e940 

  0x000002054e90afcc: ;   {runtime_call C1 Runtime new_object_array_blob}
  0x000002054e90afcc: fcff ffe8 

  0x000002054e90afd0: ; ImmutableOopMap {r8=Oop r9=Oop }
                      ;*anewarray {reexecute=0 rethrow=0 return_oop=0}
                      ; - java.awt.image.DataBufferByte::<init>@18 (line 78)
                      ; - java.awt.image.SinglePixelPackedSampleModel::createDataBuffer@49 (line 236)
  0x000002054e90afd0: 0ce5 fe06 | e9be fcff | ff41 8b71 | 2848 c1e6 | 0348 83fe | 000f 84b9 | fcff ff48 

  0x000002054e90afec: ;   {runtime_call g1_pre_barrier_slow}
  0x000002054e90afec: 8934 24e8 | ec34 ff06 | e9ab fcff | ff48 83f8 | 000f 84c0 | fcff ff4c 

  0x000002054e90b004: ;   {runtime_call g1_post_barrier_slow}
  0x000002054e90b004: 890c 24e8 | d437 ff06 | e9b2 fcff 

  0x000002054e90b010: ;   {runtime_call C1 Runtime throw_null_pointer_exception_blob}
  0x000002054e90b010: ffe8 cacb 

  0x000002054e90b014: ; ImmutableOopMap {r8=Oop r9=Oop rax=Oop }
                      ;*aastore {reexecute=1 rethrow=0 return_oop=0}
                      ; - (reexecute) java.awt.image.DataBufferByte::<init>@33 (line 79)
                      ; - java.awt.image.SinglePixelPackedSampleModel::createDataBuffer@49 (line 236)
  0x000002054e90b014: fe06 4c89 

  0x000002054e90b018: ;   {runtime_call C1 Runtime throw_array_store_exception_blob}
  0x000002054e90b018: 0424 e8c1 

  0x000002054e90b01c: ; ImmutableOopMap {r8=Oop r9=Oop rax=Oop }
                      ;*aastore {reexecute=1 rethrow=0 return_oop=0}
                      ; - (reexecute) java.awt.image.DataBufferByte::<init>@33 (line 79)
                      ; - java.awt.image.SinglePixelPackedSampleModel::createDataBuffer@49 (line 236)
  0x000002054e90b01c: f3fe 068b | 3048 c1e6 | 0348 83fe | 000f 8493 | fdff ff48 

  0x000002054e90b030: ;   {runtime_call g1_pre_barrier_slow}
  0x000002054e90b030: 8934 24e8 | a834 ff06 | e985 fdff | ff49 83f8 | 000f 8499 | fdff ff48 

  0x000002054e90b048: ;   {runtime_call g1_post_barrier_slow}
  0x000002054e90b048: 8904 24e8 | 9037 ff06 | e98b fdff 

  0x000002054e90b054: ;   {internal_word}
  0x000002054e90b054: ff49 bafe | ad90 4e05 | 0200 004d | 8997 e004 

  0x000002054e90b064: ;   {runtime_call SafepointBlob}
  0x000002054e90b064: 0000 e9f5 | 5ef2 0649 | 8b87 8805 | 0000 49c7 | 8788 0500 | 0000 0000 | 0049 c787 | 9005 0000 
  0x000002054e90b084: 0000 0000 | 4881 c480 | 0000 005d 

  0x000002054e90b090: ;   {runtime_call C1 Runtime unwind_exception_blob}
  0x000002054e90b090: e94b b5fe | 06f4 f4f4 
[Stub Code]
  0x000002054e90b098: ;   {other}
  0x000002054e90b098: 0f1f 4400 

  0x000002054e90b09c: ;   {static_stub}
  0x000002054e90b09c: 0048 bb00 | 0000 0000 

  0x000002054e90b0a4: ;   {runtime_call nmethod}
  0x000002054e90b0a4: 0000 00e9 | fbff ffff 

  0x000002054e90b0ac: ;   {static_stub}
  0x000002054e90b0ac: 48bb 0000 | 0000 0000 

  0x000002054e90b0b4: ;   {runtime_call nmethod}
  0x000002054e90b0b4: 0000 e9fb 

  0x000002054e90b0b8: ;   {static_stub}
  0x000002054e90b0b8: ffff ff48 | bb00 0000 | 0000 0000 

  0x000002054e90b0c4: ;   {runtime_call nmethod}
  0x000002054e90b0c4: 00e9 fbff 

  0x000002054e90b0c8: ;   {runtime_call C1 Runtime handle_exception_from_callee_blob}
  0x000002054e90b0c8: ffff e811 

  0x000002054e90b0cc: ;   {external_word}
  0x000002054e90b0cc: f0fe 0648 | b948 1916 | e7fe 7f00 | 0048 83e4 

  0x000002054e90b0dc: ;   {runtime_call}
  0x000002054e90b0dc: f048 b880 | a6d9 e6fe | 7f00 00ff 

  0x000002054e90b0e8: ;   {section_word}
  0x000002054e90b0e8: d0f4 49ba | eab0 904e | 0502 0000 

  0x000002054e90b0f4: ;   {runtime_call DeoptimizationBlob}
  0x000002054e90b0f4: 4152 e965 | 61f2 06f4 | f4f4 f4f4 
[/MachCode]


Compiled method (c1) 14464 3997       3       java.awt.image.Raster::createWritableRaster (24 bytes)
 total in heap  [0x000002054e8f8708,0x000002054e8f8ba8] = 1184
 main code      [0x000002054e8f8800,0x000002054e8f8b50] = 848
 stub code      [0x000002054e8f8b50,0x000002054e8f8ba8] = 88
 mutable data [0x000002056b11bc30,0x000002056b11bcc0] = 144
 relocation     [0x000002056b11bc30,0x000002056b11bca0] = 112
 metadata       [0x000002056b11bca0,0x000002056b11bcc0] = 32
 immutable data [0x000002057e739fd0,0x000002057e73a100] = 304
 dependencies   [0x000002057e739fd0,0x000002057e739fe0] = 16
 nul chk table  [0x000002057e739fe0,0x000002057e739ff0] = 16
 scopes pcs     [0x000002057e739ff0,0x000002057e73a090] = 160
 scopes data    [0x000002057e73a090,0x000002057e73a100] = 112

[Constant Pool (empty)]

[MachCode]
[Verified Entry Point]
  # {method} {0x0000020567354008} 'createWritableRaster' '(Ljava/awt/image/SampleModel;Ljava/awt/Point;)Ljava/awt/image/WritableRaster;' in 'java/awt/image/Raster'
  # parm0:    rdx:rdx   = 'java/awt/image/SampleModel'
  # parm1:    r8:r8     = 'java/awt/Point'
  #           [sp+0x80]  (sp of caller)
  0x000002054e8f8800: 8984 2400 | 80ff ff55 | 4883 ec70 | 4181 7f20 | 0600 0000 

  0x000002054e8f8814: ;   {runtime_call Stub::method_entry_barrier}
  0x000002054e8f8814: 7405 e825 

  0x000002054e8f8818: ;   {metadata(method data for {method} {0x0000020567354008} 'createWritableRaster' '(Ljava/awt/image/SampleModel;Ljava/awt/Point;)Ljava/awt/image/WritableRaster;' in 'java/awt/image/Raster')}
  0x000002054e8f8818: baf1 0648 | bed0 cbdd | 6705 0200 | 008b be90 | 0000 0083 | c702 89be | 9000 0000 | 81e7 fe07 
  0x000002054e8f8838: 0000 85ff | 0f84 3a02 | 0000 4d85 

  0x000002054e8f8844: ;   {metadata(method data for {method} {0x0000020567354008} 'createWritableRaster' '(Ljava/awt/image/SampleModel;Ljava/awt/Point;)Ljava/awt/image/WritableRaster;' in 'java/awt/image/Raster')}
  0x000002054e8f8844: c048 bed0 | cbdd 6705 | 0200 00bf | e800 0000 | 7405 bfd8 | 0000 0048 | 8b04 3e48 | 8d40 0148 
  0x000002054e8f8864: 8904 3e0f | 840d 0000 | 004c 8944 | 2460 488b | dae9 0b01 | 0000 488b 

  0x000002054e8f887c: ;   {metadata('java/awt/Point')}
  0x000002054e8f887c: da48 ba68 | c414 8c00 | 0000 0049 | 8b87 c801 | 0000 488d | 7818 493b | bfd8 0100 | 000f 87fe 
  0x000002054e8f889c: 0100 0049 | 89bf c801 | 0000 48c7 | 0001 0000 | 0048 8bca | 41ba 0000 | 008b 492b | ca89 4808 
  0x000002054e8f88bc: 4833 c989 | 480c 4833 | c948 8948 | 1048 8bd0 

  0x000002054e8f88cc: ;   {metadata(method data for {method} {0x0000020567354008} 'createWritableRaster' '(Ljava/awt/image/SampleModel;Ljava/awt/Point;)Ljava/awt/image/WritableRaster;' in 'java/awt/image/Raster')}
  0x000002054e8f88cc: 48be d0cb | dd67 0502 | 0000 4883 | 86f8 0000 

  0x000002054e8f88dc: ;   {metadata(method data for {method} {0x0000020567333ac8} '<init>' '(II)V' in 'java/awt/Point')}
  0x000002054e8f88dc: 0001 48ba | 60cd dd67 | 0502 0000 | 8bb2 9000 | 0000 83c6 | 0289 b290 | 0000 0081 | e6fe ff1f 
  0x000002054e8f88fc: 0085 f60f | 84a5 0100 | 0048 8bd0 

  0x000002054e8f8908: ;   {metadata(method data for {method} {0x0000020567333ac8} '<init>' '(II)V' in 'java/awt/Point')}
  0x000002054e8f8908: 48be 60cd | dd67 0502 | 0000 4883 | 86d8 0000 

  0x000002054e8f8918: ;   {metadata(method data for {method} {0x00000205673347f0} '<init>' '()V' in 'java/awt/geom/Point2D')}
  0x000002054e8f8918: 0001 48ba | 88ce dd67 | 0502 0000 | 8bb2 9000 | 0000 83c6 | 0289 b290 | 0000 0081 | e6fe ff1f 
  0x000002054e8f8938: 0085 f60f | 848a 0100 | 0048 8bd0 

  0x000002054e8f8944: ;   {metadata(method data for {method} {0x00000205673347f0} '<init>' '()V' in 'java/awt/geom/Point2D')}
  0x000002054e8f8944: 48be 88ce | dd67 0502 | 0000 4883 | 86d8 0000 

  0x000002054e8f8954: ;   {metadata(method data for {method} {0x000000008b4b60e0} '<init>' '()V' in 'java/lang/Object')}
  0x000002054e8f8954: 0001 48ba | 80c5 0067 | 0502 0000 | 8bb2 9000 | 0000 83c6 | 0289 b290 | 0000 0081 | e6fe ff1f 
  0x000002054e8f8974: 0085 f60f | 846f 0100 | 004c 8bc0 | 4c89 4424 | 6048 3b03 

  0x000002054e8f8988: ;   {metadata(method data for {method} {0x0000020567354008} 'createWritableRaster' '(Ljava/awt/image/SampleModel;Ljava/awt/Point;)Ljava/awt/image/WritableRaster;' in 'java/awt/image/Raster')}
  0x000002054e8f8988: 488b d348 | bed0 cbdd | 6705 0200 | 008b 5208 | 41ba 0000 | 008b 4903 | d248 3b96 | 1001 0000 
  0x000002054e8f89a8: 750d 4883 | 8618 0100 | 0001 e960 | 0000 0048 | 3b96 2001 | 0000 750d | 4883 8628 | 0100 0001 
  0x000002054e8f89c8: e94a 0000 | 0048 83be | 1001 0000 | 0075 1748 | 8996 1001 | 0000 48c7 | 8618 0100 | 0001 0000 
  0x000002054e8f89e8: 00e9 2900 | 0000 4883 | be20 0100 | 0000 7517 | 4889 9620 | 0100 0048 | c786 2801 | 0000 0100 
  0x000002054e8f8a08: 0000 e908 | 0000 0048 | 8386 0801 | 0000 0148 | 8bd3 4889 | 5c24 5866 | 0f1f 4400 | 0048 b890 
  0x000002054e8f8a28: 4179 7e05 

  0x000002054e8f8a2c: ;   {virtual_call}
  0x000002054e8f8a2c: 0200 00e8 

  0x000002054e8f8a30: ; ImmutableOopMap {[88]=Oop [96]=Oop }
                      ;*invokevirtual createDataBuffer {reexecute=0 rethrow=0 return_oop=0}
                      ; - java.awt.image.Raster::createWritableRaster@16 (line 1121)
  0x000002054e8f8a30: 5e1b 0100 

  0x000002054e8f8a34: ;   {post_call_nop}
  0x000002054e8f8a34: 0f1f 8400 | 2c03 0000 

  0x000002054e8f8a3c: ;   {metadata(method data for {method} {0x0000020567354008} 'createWritableRaster' '(Ljava/awt/image/SampleModel;Ljava/awt/Point;)Ljava/awt/image/WritableRaster;' in 'java/awt/image/Raster')}
  0x000002054e8f8a3c: 48ba d0cb | dd67 0502 | 0000 4883 | 8238 0100 | 0001 488b | 5424 584c | 8bc0 4c8b | 4c24 600f 
  0x000002054e8f8a5c: ;   {static_call}
  0x000002054e8f8a5c: 1f40 00e8 

  0x000002054e8f8a60: ; ImmutableOopMap {}
                      ;*invokestatic createWritableRaster {reexecute=0 rethrow=0 return_oop=0}
                      ; - java.awt.image.Raster::createWritableRaster@20 (line 1121)
  0x000002054e8f8a60: 1c21 0800 

  0x000002054e8f8a64: ;   {post_call_nop}
  0x000002054e8f8a64: 0f1f 8400 | 5c03 0001 | 4883 c470 

  0x000002054e8f8a70: ;   {poll_return}
  0x000002054e8f8a70: 5d49 3b67 | 280f 8797 | 0000 00c3 

  0x000002054e8f8a7c: ;   {metadata({method} {0x0000020567354008} 'createWritableRaster' '(Ljava/awt/image/SampleModel;Ljava/awt/Point;)Ljava/awt/image/WritableRaster;' in 'java/awt/image/Raster')}
  0x000002054e8f8a7c: 49ba 0040 | 3567 0502 | 0000 4c89 | 5424 0848 | c704 24ff 

  0x000002054e8f8a90: ;   {runtime_call C1 Runtime counter_overflow_blob}
  0x000002054e8f8a90: ffff ffe8 

  0x000002054e8f8a94: ; ImmutableOopMap {rdx=Oop r8=Oop }
                      ;*synchronization entry
                      ; - java.awt.image.Raster::createWritableRaster@-1 (line 1117)
  0x000002054e8f8a94: c84f 0007 | e9a5 fdff | ff48 8bd2 

  0x000002054e8f8aa0: ;   {runtime_call C1 Runtime fast_new_instance_blob}
  0x000002054e8f8aa0: e83b 0100 

  0x000002054e8f8aa4: ; ImmutableOopMap {rbx=Oop }
                      ;*new {reexecute=0 rethrow=0 return_oop=0}
                      ; - java.awt.image.Raster::createWritableRaster@4 (line 1118)
  0x000002054e8f8aa4: 07e9 1ffe 

  0x000002054e8f8aa8: ;   {metadata({method} {0x0000020567333ac8} '<init>' '(II)V' in 'java/awt/Point')}
  0x000002054e8f8aa8: ffff 49ba | c03a 3367 | 0502 0000 | 4c89 5424 | 0848 c704 | 24ff ffff 

  0x000002054e8f8ac0: ;   {runtime_call C1 Runtime counter_overflow_blob}
  0x000002054e8f8ac0: ffe8 9a4f 

  0x000002054e8f8ac4: ; ImmutableOopMap {rbx=Oop rax=Oop }
                      ;*synchronization entry
                      ; - java.awt.Point::<init>@-1 (line 94)
                      ; - java.awt.image.Raster::createWritableRaster@10 (line 1118)
  0x000002054e8f8ac4: 0007 e93a 

  0x000002054e8f8ac8: ;   {metadata({method} {0x00000205673347f0} '<init>' '()V' in 'java/awt/geom/Point2D')}
  0x000002054e8f8ac8: feff ff49 | bae8 4733 | 6705 0200 | 004c 8954 | 2408 48c7 | 0424 ffff 

  0x000002054e8f8ae0: ;   {runtime_call C1 Runtime counter_overflow_blob}
  0x000002054e8f8ae0: ffff e879 

  0x000002054e8f8ae4: ; ImmutableOopMap {rbx=Oop rax=Oop }
                      ;*synchronization entry
                      ; - java.awt.geom.Point2D::<init>@-1 (line 240)
                      ; - java.awt.Point::<init>@1 (line 94)
                      ; - java.awt.image.Raster::createWritableRaster@10 (line 1118)
  0x000002054e8f8ae4: 4f00 07e9 | 55fe ffff 

  0x000002054e8f8aec: ;   {metadata({method} {0x000000008b4b60e0} '<init>' '()V' in 'java/lang/Object')}
  0x000002054e8f8aec: 49ba d860 | 4b8b 0000 | 0000 4c89 | 5424 0848 | c704 24ff 

  0x000002054e8f8b00: ;   {runtime_call C1 Runtime counter_overflow_blob}
  0x000002054e8f8b00: ffff ffe8 

  0x000002054e8f8b04: ; ImmutableOopMap {rbx=Oop rax=Oop }
                      ;*synchronization entry
                      ; - java.lang.Object::<init>@-1 (line 44)
                      ; - java.awt.geom.Point2D::<init>@1 (line 240)
                      ; - java.awt.Point::<init>@1 (line 94)
                      ; - java.awt.image.Raster::createWritableRaster@10 (line 1118)
  0x000002054e8f8b04: 584f 0007 | e970 feff 

  0x000002054e8f8b0c: ;   {runtime_call C1 Runtime throw_null_pointer_exception_blob}
  0x000002054e8f8b0c: ffe8 cef0 

  0x000002054e8f8b10: ; ImmutableOopMap {rbx=Oop [96]=Oop }
                      ;*invokevirtual createDataBuffer {reexecute=0 rethrow=0 return_oop=0}
                      ; - java.awt.image.Raster::createWritableRaster@16 (line 1121)
                      ;   {internal_word}
  0x000002054e8f8b10: ff06 49ba | 718a 8f4e | 0502 0000 | 4d89 97e0 

  0x000002054e8f8b20: ;   {runtime_call SafepointBlob}
  0x000002054e8f8b20: 0400 00e9 | 3884 f306 | 498b 8788 | 0500 0049 | c787 8805 | 0000 0000 | 0000 49c7 | 8790 0500 
  0x000002054e8f8b40: 0000 0000 | 0048 83c4 

  0x000002054e8f8b48: ;   {runtime_call C1 Runtime unwind_exception_blob}
  0x000002054e8f8b48: 705d e991 | daff 06f4 
[Stub Code]
  0x000002054e8f8b50: ;   {other}
  0x000002054e8f8b50: 0f1f 4400 

  0x000002054e8f8b54: ;   {static_stub}
  0x000002054e8f8b54: 0048 bb00 | 0000 0000 

  0x000002054e8f8b5c: ;   {runtime_call nmethod}
  0x000002054e8f8b5c: 0000 00e9 | fbff ffff 

  0x000002054e8f8b64: ;   {static_stub}
  0x000002054e8f8b64: 48bb 0842 | 3567 0502 

  0x000002054e8f8b6c: ;   {runtime_call I2C/C2I adapters}
  0x000002054e8f8b6c: 0000 e9c7 

  0x000002054e8f8b70: ;   {runtime_call C1 Runtime handle_exception_from_callee_blob}
  0x000002054e8f8b70: 47f3 06e8 | 6815 0007 

  0x000002054e8f8b78: ;   {external_word}
  0x000002054e8f8b78: 48b9 4819 | 16e7 fe7f | 0000 4883 

  0x000002054e8f8b84: ;   {runtime_call}
  0x000002054e8f8b84: e4f0 48b8 | 80a6 d9e6 | fe7f 0000 

  0x000002054e8f8b90: ;   {section_word}
  0x000002054e8f8b90: ffd0 f449 | ba93 8b8f | 4e05 0200 

  0x000002054e8f8b9c: ;   {runtime_call DeoptimizationBlob}
  0x000002054e8f8b9c: 0041 52e9 | bc86 f306 | f4f4 f4f4 
[/MachCode]


---------------  P R O C E S S  ---------------

Threads class SMR info:
_java_thread_list=0x000002057e9fd160, length=22, elements={
0x0000020545b39970, 0x00000205630c6520, 0x00000205630cb9c0, 0x00000205630d1040,
0x00000205630d3010, 0x00000205660d8090, 0x00000205630de300, 0x00000205660dc450,
0x00000205660de740, 0x00000205661e4b20, 0x000002056bd4fb00, 0x000002056bd502c0,
0x0000020566be0e90, 0x000002056b4d3f90, 0x000002056b4338e0, 0x000002056bd8e9e0,
0x000002056bda3300, 0x000002056be973e0, 0x000002056be954a0, 0x000002056c951180,
0x000002056b263410, 0x000002056b267290
}

Java Threads: ( => current thread )
  0x0000020545b39970 JavaThread "main"                              [_thread_blocked, id=2560, stack(0x0000001627400000,0x0000001627500000) (1024K)]
  0x00000205630c6520 JavaThread "Reference Handler"          daemon [_thread_blocked, id=26676, stack(0x0000001627c00000,0x0000001627d00000) (1024K)]
  0x00000205630cb9c0 JavaThread "Finalizer"                  daemon [_thread_blocked, id=35060, stack(0x0000001627d00000,0x0000001627e00000) (1024K)]
  0x00000205630d1040 JavaThread "Signal Dispatcher"          daemon [_thread_blocked, id=32532, stack(0x0000001627e00000,0x0000001627f00000) (1024K)]
  0x00000205630d3010 JavaThread "Attach Listener"            daemon [_thread_blocked, id=37468, stack(0x0000001627f00000,0x0000001628000000) (1024K)]
  0x00000205660d8090 JavaThread "Service Thread"             daemon [_thread_blocked, id=35036, stack(0x0000001628000000,0x0000001628100000) (1024K)]
  0x00000205630de300 JavaThread "Monitor Deflation Thread"   daemon [_thread_blocked, id=18424, stack(0x0000001628100000,0x0000001628200000) (1024K)]
  0x00000205660dc450 JavaThread "C2 CompilerThread0"         daemon [_thread_in_native, id=6812, stack(0x0000001628200000,0x0000001628300000) (1024K)]
  0x00000205660de740 JavaThread "C1 CompilerThread0"         daemon [_thread_blocked, id=37188, stack(0x0000001628300000,0x0000001628400000) (1024K)]
  0x00000205661e4b20 JavaThread "Common-Cleaner"             daemon [_thread_blocked, id=16600, stack(0x0000001628400000,0x0000001628500000) (1024K)]
  0x000002056bd4fb00 JavaThread "Monitor Ctrl-Break"         daemon [_thread_in_native, id=19016, stack(0x0000001628d00000,0x0000001628e00000) (1024K)]
  0x000002056bd502c0 JavaThread "Notification Thread"        daemon [_thread_blocked, id=22484, stack(0x0000001628e00000,0x0000001628f00000) (1024K)]
  0x0000020566be0e90 JavaThread "QuantumRenderer-0"          daemon [_thread_blocked, id=37132, stack(0x0000001628800000,0x0000001628900000) (1024K)]
  0x000002056b4d3f90 JavaThread "InvokeLaterDispatcher"      daemon [_thread_blocked, id=21152, stack(0x0000001628900000,0x0000001628a00000) (1024K)]
=>0x000002056b4338e0 JavaThread "JavaFX Application Thread"         [_thread_in_vm, id=27704, stack(0x0000001628a00000,0x0000001628b00000) (1024K)]
  0x000002056bd8e9e0 JavaThread "JavaFX-Launcher"                   [_thread_blocked, id=37728, stack(0x000000162a200000,0x000000162a300000) (1024K)]
  0x000002056bda3300 JavaThread "Thread-2"                   daemon [_thread_in_native, id=37116, stack(0x000000162a100000,0x000000162a200000) (1024K)]
  0x000002056be973e0 JavaThread "Java2D Disposer"            daemon [_thread_blocked, id=34928, stack(0x000000162a500000,0x000000162a600000) (1024K)]
  0x000002056be954a0 JavaThread "AWT-Windows"                daemon [_thread_in_native, id=30140, stack(0x000000162a700000,0x000000162a800000) (1024K)]
  0x000002056c951180 JavaThread "SimulationThread"                  [_thread_blocked, id=35540, stack(0x000000162bb00000,0x000000162bc00000) (1024K)]
  0x000002056b263410 JavaThread "Prism Font Disposer"        daemon [_thread_blocked, id=1436, stack(0x000000162c700000,0x000000162c800000) (1024K)]
  0x000002056b267290 JavaThread "Cleaner-0"                  daemon [_thread_blocked, id=34904, stack(0x000000162cc00000,0x000000162cd00000) (1024K)]
Total: 22

Other Threads:
  0x00000205630b5970 VMThread "VM Thread"                           [id=27756, stack(0x0000001627b00000,0x0000001627c00000) (1024K)]
  0x0000020562f87690 WatcherThread "VM Periodic Task Thread"        [id=13920, stack(0x0000001627a00000,0x0000001627b00000) (1024K)]
  0x0000020545b87370 WorkerThread "GC Thread#0"                     [id=29244, stack(0x0000001627500000,0x0000001627600000) (1024K)]
  0x000002056c9e1100 WorkerThread "GC Thread#1"                     [id=37828, stack(0x000000162bc00000,0x000000162bd00000) (1024K)]
  0x000002056c9e3770 WorkerThread "GC Thread#2"                     [id=32840, stack(0x000000162bd00000,0x000000162be00000) (1024K)]
  0x000002056c9e47b0 WorkerThread "GC Thread#3"                     [id=1760, stack(0x000000162be00000,0x000000162bf00000) (1024K)]
  0x000002056c9e4be0 WorkerThread "GC Thread#4"                     [id=34660, stack(0x000000162bf00000,0x000000162c000000) (1024K)]
  0x000002056c9e5010 WorkerThread "GC Thread#5"                     [id=18812, stack(0x000000162c000000,0x000000162c100000) (1024K)]
  0x000002056caca2a0 WorkerThread "GC Thread#6"                     [id=33656, stack(0x000000162a400000,0x000000162a500000) (1024K)]
  0x000002056c809a30 WorkerThread "GC Thread#7"                     [id=36576, stack(0x000000162c100000,0x000000162c200000) (1024K)]
  0x000002056c809e80 WorkerThread "GC Thread#8"                     [id=37444, stack(0x000000162c200000,0x000000162c300000) (1024K)]
  0x000002056c806670 WorkerThread "GC Thread#9"                     [id=30416, stack(0x000000162c300000,0x000000162c400000) (1024K)]
  0x000002056cf6cd10 WorkerThread "GC Thread#10"                    [id=13796, stack(0x000000162a600000,0x000000162a700000) (1024K)]
  0x000002056cf6de50 WorkerThread "GC Thread#11"                    [id=9984, stack(0x000000162cb00000,0x000000162cc00000) (1024K)]
  0x000002056cf70520 WorkerThread "GC Thread#12"                    [id=7832, stack(0x000000162cd00000,0x000000162ce00000) (1024K)]
  0x000002056cf70970 WorkerThread "GC Thread#13"                    [id=9584, stack(0x000000162ce00000,0x000000162cf00000) (1024K)]
  0x000002056cf6d160 WorkerThread "GC Thread#14"                    [id=27672, stack(0x000000162cf00000,0x000000162d000000) (1024K)]
  0x0000020545b9fd20 ConcurrentGCThread "G1 Main Marker"            [id=15588, stack(0x0000001627600000,0x0000001627700000) (1024K)]
  0x0000020545ba1fd0 WorkerThread "G1 Conc#0"                       [id=29636, stack(0x0000001627700000,0x0000001627800000) (1024K)]
  0x000002056c808d40 WorkerThread "G1 Conc#1"                       [id=31748, stack(0x000000162c800000,0x000000162c900000) (1024K)]
  0x000002056c807360 WorkerThread "G1 Conc#2"                       [id=29112, stack(0x000000162c900000,0x000000162ca00000) (1024K)]
  0x000002056c8077b0 WorkerThread "G1 Conc#3"                       [id=25848, stack(0x000000162ca00000,0x000000162cb00000) (1024K)]
  0x0000020562f74c60 ConcurrentGCThread "G1 Refine#0"               [id=29692, stack(0x0000001627800000,0x0000001627900000) (1024K)]
  0x0000020562f77880 ConcurrentGCThread "G1 Service"                [id=360, stack(0x0000001627900000,0x0000001627a00000) (1024K)]
Total: 24

Threads with active compile tasks:
C2 CompilerThread0  14471 4308       4       sun.java2d.SunGraphics2D::drawImage (11 bytes)
Total: 1

VM state: not at safepoint (normal execution)

VM Mutex/Monitor currently owned by a thread:  ([mutex/lock_event])
[0x00007ffee742a848] Heap_lock - owner thread: 0x000002056b4338e0

Heap address: 0x0000000704c00000, size: 4020 MB, Compressed Oops mode: Zero based, Oop shift amount: 3

CDS archive(s) mapped at: [0x000000008b000000-0x000000008bdd0000-0x000000008bdd0000), size 14483456, SharedBaseAddress: 0x000000008b000000, ArchiveRelocationMode: 1.
Compressed class space mapped at: 0x000000008c000000-0x00000000cc000000, reserved size: 1073741824
UseCompressedClassPointers 1, UseCompactObjectHeaders 0
Narrow klass pointer bits 32, Max shift 3
Narrow klass base: 0x000000008b000000, Narrow klass shift: 0
Encoding Range: [0x000000008b000000 - 0x000000018b000000), (4294967296 bytes)
Klass Range:    [0x000000008b010000 - 0x00000000cc000000), (1090453504 bytes)
Klass ID Range:  [65536 - 1090519033) (1090453497)
Protection zone: [0x000000008b000000 - 0x000000008b010000), (65536 bytes)

GC Precious Log:
 CardTable entry size: 512
 Card Set container configuration: InlinePtr #cards 4 size 8 Array Of Cards #cards 16 size 48 Howl #buckets 8 coarsen threshold 3686 Howl Bitmap #cards 512 size 80 coarsen threshold 460 Card regions per heap region 1 cards per card region 4096
 CPUs: 20 total, 20 available
 Memory: 16072M
 Large Page Support: Disabled
 NUMA Support: Disabled
 Compressed Oops: Enabled (Zero based)
 Heap Region Size: 2M
 Heap Min Capacity: 8M
 Heap Initial Capacity: 252M
 Heap Max Capacity: 4020M
 Pre-touch: Disabled
 Parallel Workers: 15
 Concurrent Workers: 4
 Concurrent Refinement Workers: 15
 Periodic GC: Disabled

Heap:
 garbage-first heap   total reserved 4116480K, committed 2693120K, used 2687791K [0x0000000704c00000, 0x0000000800000000)
  region size 2048K, 5 young (10240K), 2 survivors (4096K)

Heap Regions: E=young(eden), S=young(survivor), O=old, HS=humongous(starts), HC=humongous(continues), CS=collection set, F=free, TAMS=top-at-mark-start, PB=parsable bottom
|   0|0x0000000704c00000, 0x0000000704dfffd0, 0x0000000704e00000| 99%| O|  |TAMS 0x0000000704c00000| PB 0x0000000704c00000| Untracked |  0
|   1|0x0000000704e00000, 0x0000000705000000, 0x0000000705000000|100%| O|  |TAMS 0x0000000704e00000| PB 0x0000000704e00000| Untracked |  1
|   2|0x0000000705000000, 0x00000007050be8a0, 0x0000000705200000| 37%| O|Cm|TAMS 0x0000000705000000| PB 0x0000000705000000| Complete |  0
|   3|0x0000000705200000, 0x00000007052fcb70, 0x0000000705400000| 49%| O|  |TAMS 0x0000000705200000| PB 0x0000000705200000| Untracked |  0
|   4|0x0000000705400000, 0x0000000705600000, 0x0000000705600000|100%|HS|  |TAMS 0x0000000705400000| PB 0x0000000705400000| Complete |  0
|   5|0x0000000705600000, 0x00000007057ffdd0, 0x0000000705800000| 99%| O|  |TAMS 0x0000000705600000| PB 0x0000000705600000| Untracked |  1
|   6|0x0000000705800000, 0x00000007058d5d28, 0x0000000705a00000| 41%| E|  |TAMS 0x0000000705800000| PB 0x0000000705800000| Complete |  0
|   7|0x0000000705a00000, 0x0000000705c00000, 0x0000000705c00000|100%|HS|  |TAMS 0x0000000705a00000| PB 0x0000000705a00000| Complete |  0
|   8|0x0000000705c00000, 0x0000000705e00000, 0x0000000705e00000|100%|HC|  |TAMS 0x0000000705c00000| PB 0x0000000705c00000| Complete |  0
|   9|0x0000000705e00000, 0x0000000706000000, 0x0000000706000000|100%|HS|  |TAMS 0x0000000705e00000| PB 0x0000000705e00000| Complete |  0
|  10|0x0000000706000000, 0x0000000706200000, 0x0000000706200000|100%|HC|  |TAMS 0x0000000706000000| PB 0x0000000706000000| Complete |  0
|  11|0x0000000706200000, 0x0000000706400000, 0x0000000706400000|100%|HS|  |TAMS 0x0000000706200000| PB 0x0000000706200000| Complete |  0
|  12|0x0000000706400000, 0x0000000706600000, 0x0000000706600000|100%|HC|  |TAMS 0x0000000706400000| PB 0x0000000706400000| Complete |  0
|  13|0x0000000706600000, 0x0000000706800000, 0x0000000706800000|100%|HS|  |TAMS 0x0000000706600000| PB 0x0000000706600000| Complete |  0
|  14|0x0000000706800000, 0x0000000706a00000, 0x0000000706a00000|100%|HC|  |TAMS 0x0000000706800000| PB 0x0000000706800000| Complete |  0
|  15|0x0000000706a00000, 0x0000000706c00000, 0x0000000706c00000|100%|HS|  |TAMS 0x0000000706a00000| PB 0x0000000706a00000| Complete |  0
|  16|0x0000000706c00000, 0x0000000706e00000, 0x0000000706e00000|100%|HC|  |TAMS 0x0000000706c00000| PB 0x0000000706c00000| Complete |  0
|  17|0x0000000706e00000, 0x0000000707000000, 0x0000000707000000|100%|HS|  |TAMS 0x0000000706e00000| PB 0x0000000706e00000| Complete |  0
|  18|0x0000000707000000, 0x0000000707200000, 0x0000000707200000|100%|HC|  |TAMS 0x0000000707000000| PB 0x0000000707000000| Complete |  0
|  19|0x0000000707200000, 0x0000000707400000, 0x0000000707400000|100%|HS|  |TAMS 0x0000000707200000| PB 0x0000000707200000| Complete |  0
|  20|0x0000000707400000, 0x0000000707600000, 0x0000000707600000|100%|HC|  |TAMS 0x0000000707400000| PB 0x0000000707400000| Complete |  0
|  21|0x0000000707600000, 0x0000000707800000, 0x0000000707800000|100%|HS|  |TAMS 0x0000000707600000| PB 0x0000000707600000| Complete |  0
|  22|0x0000000707800000, 0x0000000707a00000, 0x0000000707a00000|100%|HC|  |TAMS 0x0000000707800000| PB 0x0000000707800000| Complete |  0
|  23|0x0000000707a00000, 0x0000000707c00000, 0x0000000707c00000|100%|HS|  |TAMS 0x0000000707a00000| PB 0x0000000707a00000| Complete |  0
|  24|0x0000000707c00000, 0x0000000707e00000, 0x0000000707e00000|100%|HC|  |TAMS 0x0000000707c00000| PB 0x0000000707c00000| Complete |  0
|  25|0x0000000707e00000, 0x0000000708000000, 0x0000000708000000|100%|HS|  |TAMS 0x0000000707e00000| PB 0x0000000707e00000| Complete |  0
|  26|0x0000000708000000, 0x0000000708200000, 0x0000000708200000|100%|HC|  |TAMS 0x0000000708000000| PB 0x0000000708000000| Complete |  0
|  27|0x0000000708200000, 0x0000000708400000, 0x0000000708400000|100%|HS|  |TAMS 0x0000000708200000| PB 0x0000000708200000| Complete |  0
|  28|0x0000000708400000, 0x0000000708600000, 0x0000000708600000|100%|HC|  |TAMS 0x0000000708400000| PB 0x0000000708400000| Complete |  0
|  29|0x0000000708600000, 0x0000000708800000, 0x0000000708800000|100%|HS|  |TAMS 0x0000000708600000| PB 0x0000000708600000| Complete |  0
|  30|0x0000000708800000, 0x0000000708a00000, 0x0000000708a00000|100%|HC|  |TAMS 0x0000000708800000| PB 0x0000000708800000| Complete |  0
|  31|0x0000000708a00000, 0x0000000708c00000, 0x0000000708c00000|100%|HS|  |TAMS 0x0000000708a00000| PB 0x0000000708a00000| Complete |  0
|  32|0x0000000708c00000, 0x0000000708e00000, 0x0000000708e00000|100%|HC|  |TAMS 0x0000000708c00000| PB 0x0000000708c00000| Complete |  0
|  33|0x0000000708e00000, 0x0000000709000000, 0x0000000709000000|100%|HS|  |TAMS 0x0000000708e00000| PB 0x0000000708e00000| Complete |  0
|  34|0x0000000709000000, 0x0000000709200000, 0x0000000709200000|100%|HC|  |TAMS 0x0000000709000000| PB 0x0000000709000000| Complete |  0
|  35|0x0000000709200000, 0x0000000709400000, 0x0000000709400000|100%|HS|  |TAMS 0x0000000709200000| PB 0x0000000709200000| Complete |  0
|  36|0x0000000709400000, 0x0000000709600000, 0x0000000709600000|100%|HC|  |TAMS 0x0000000709400000| PB 0x0000000709400000| Complete |  0
|  37|0x0000000709600000, 0x0000000709800000, 0x0000000709800000|100%|HS|  |TAMS 0x0000000709600000| PB 0x0000000709600000| Complete |  0
|  38|0x0000000709800000, 0x0000000709a00000, 0x0000000709a00000|100%|HC|  |TAMS 0x0000000709800000| PB 0x0000000709800000| Complete |  0
|  39|0x0000000709a00000, 0x0000000709c00000, 0x0000000709c00000|100%|HS|  |TAMS 0x0000000709a00000| PB 0x0000000709a00000| Complete |  0
|  40|0x0000000709c00000, 0x0000000709e00000, 0x0000000709e00000|100%|HC|  |TAMS 0x0000000709c00000| PB 0x0000000709c00000| Complete |  0
|  41|0x0000000709e00000, 0x000000070a000000, 0x000000070a000000|100%|HS|  |TAMS 0x0000000709e00000| PB 0x0000000709e00000| Complete |  0
|  42|0x000000070a000000, 0x000000070a200000, 0x000000070a200000|100%|HC|  |TAMS 0x000000070a000000| PB 0x000000070a000000| Complete |  0
|  43|0x000000070a200000, 0x000000070a400000, 0x000000070a400000|100%|HS|  |TAMS 0x000000070a200000| PB 0x000000070a200000| Complete |  0
|  44|0x000000070a400000, 0x000000070a600000, 0x000000070a600000|100%|HC|  |TAMS 0x000000070a400000| PB 0x000000070a400000| Complete |  0
|  45|0x000000070a600000, 0x000000070a800000, 0x000000070a800000|100%|HS|  |TAMS 0x000000070a600000| PB 0x000000070a600000| Complete |  0
|  46|0x000000070a800000, 0x000000070aa00000, 0x000000070aa00000|100%|HC|  |TAMS 0x000000070a800000| PB 0x000000070a800000| Complete |  0
|  47|0x000000070aa00000, 0x000000070ac00000, 0x000000070ac00000|100%|HS|  |TAMS 0x000000070aa00000| PB 0x000000070aa00000| Complete |  0
|  48|0x000000070ac00000, 0x000000070ae00000, 0x000000070ae00000|100%|HC|  |TAMS 0x000000070ac00000| PB 0x000000070ac00000| Complete |  0
|  49|0x000000070ae00000, 0x000000070b000000, 0x000000070b000000|100%|HS|  |TAMS 0x000000070ae00000| PB 0x000000070ae00000| Complete |  0
|  50|0x000000070b000000, 0x000000070b200000, 0x000000070b200000|100%|HC|  |TAMS 0x000000070b000000| PB 0x000000070b000000| Complete |  0
|  51|0x000000070b200000, 0x000000070b400000, 0x000000070b400000|100%|HS|  |TAMS 0x000000070b200000| PB 0x000000070b200000| Complete |  0
|  52|0x000000070b400000, 0x000000070b600000, 0x000000070b600000|100%|HC|  |TAMS 0x000000070b400000| PB 0x000000070b400000| Complete |  0
|  53|0x000000070b600000, 0x000000070b800000, 0x000000070b800000|100%|HS|  |TAMS 0x000000070b600000| PB 0x000000070b600000| Complete |  0
|  54|0x000000070b800000, 0x000000070ba00000, 0x000000070ba00000|100%|HC|  |TAMS 0x000000070b800000| PB 0x000000070b800000| Complete |  0
|  55|0x000000070ba00000, 0x000000070bc00000, 0x000000070bc00000|100%|HS|  |TAMS 0x000000070ba00000| PB 0x000000070ba00000| Complete |  0
|  56|0x000000070bc00000, 0x000000070be00000, 0x000000070be00000|100%|HC|  |TAMS 0x000000070bc00000| PB 0x000000070bc00000| Complete |  0
|  57|0x000000070be00000, 0x000000070c000000, 0x000000070c000000|100%|HS|  |TAMS 0x000000070be00000| PB 0x000000070be00000| Complete |  0
|  58|0x000000070c000000, 0x000000070c200000, 0x000000070c200000|100%|HC|  |TAMS 0x000000070c000000| PB 0x000000070c000000| Complete |  0
|  59|0x000000070c200000, 0x000000070c400000, 0x000000070c400000|100%|HS|  |TAMS 0x000000070c200000| PB 0x000000070c200000| Complete |  0
|  60|0x000000070c400000, 0x000000070c600000, 0x000000070c600000|100%|HC|  |TAMS 0x000000070c400000| PB 0x000000070c400000| Complete |  0
|  61|0x000000070c600000, 0x000000070c800000, 0x000000070c800000|100%|HS|  |TAMS 0x000000070c600000| PB 0x000000070c600000| Complete |  0
|  62|0x000000070c800000, 0x000000070ca00000, 0x000000070ca00000|100%|HC|  |TAMS 0x000000070c800000| PB 0x000000070c800000| Complete |  0
|  63|0x000000070ca00000, 0x000000070cc00000, 0x000000070cc00000|100%|HS|  |TAMS 0x000000070ca00000| PB 0x000000070ca00000| Complete |  0
|  64|0x000000070cc00000, 0x000000070ce00000, 0x000000070ce00000|100%|HC|  |TAMS 0x000000070cc00000| PB 0x000000070cc00000| Complete |  0
|  65|0x000000070ce00000, 0x000000070d000000, 0x000000070d000000|100%|HS|  |TAMS 0x000000070ce00000| PB 0x000000070ce00000| Complete |  0
|  66|0x000000070d000000, 0x000000070d200000, 0x000000070d200000|100%|HC|  |TAMS 0x000000070d000000| PB 0x000000070d000000| Complete |  0
|  67|0x000000070d200000, 0x000000070d400000, 0x000000070d400000|100%|HS|  |TAMS 0x000000070d200000| PB 0x000000070d200000| Complete |  0
|  68|0x000000070d400000, 0x000000070d600000, 0x000000070d600000|100%|HC|  |TAMS 0x000000070d400000| PB 0x000000070d400000| Complete |  0
|  69|0x000000070d600000, 0x000000070d800000, 0x000000070d800000|100%|HS|  |TAMS 0x000000070d600000| PB 0x000000070d600000| Complete |  0
|  70|0x000000070d800000, 0x000000070da00000, 0x000000070da00000|100%|HC|  |TAMS 0x000000070d800000| PB 0x000000070d800000| Complete |  0
|  71|0x000000070da00000, 0x000000070dc00000, 0x000000070dc00000|100%|HS|  |TAMS 0x000000070da00000| PB 0x000000070da00000| Complete |  0
|  72|0x000000070dc00000, 0x000000070de00000, 0x000000070de00000|100%|HC|  |TAMS 0x000000070dc00000| PB 0x000000070dc00000| Complete |  0
|  73|0x000000070de00000, 0x000000070e000000, 0x000000070e000000|100%|HS|  |TAMS 0x000000070de00000| PB 0x000000070de00000| Complete |  0
|  74|0x000000070e000000, 0x000000070e200000, 0x000000070e200000|100%|HC|  |TAMS 0x000000070e000000| PB 0x000000070e000000| Complete |  0
|  75|0x000000070e200000, 0x000000070e400000, 0x000000070e400000|100%|HS|  |TAMS 0x000000070e200000| PB 0x000000070e200000| Complete |  0
|  76|0x000000070e400000, 0x000000070e600000, 0x000000070e600000|100%|HC|  |TAMS 0x000000070e400000| PB 0x000000070e400000| Complete |  0
|  77|0x000000070e600000, 0x000000070e800000, 0x000000070e800000|100%|HS|  |TAMS 0x000000070e600000| PB 0x000000070e600000| Complete |  0
|  78|0x000000070e800000, 0x000000070ea00000, 0x000000070ea00000|100%|HC|  |TAMS 0x000000070e800000| PB 0x000000070e800000| Complete |  0
|  79|0x000000070ea00000, 0x000000070ec00000, 0x000000070ec00000|100%|HS|  |TAMS 0x000000070ea00000| PB 0x000000070ea00000| Complete |  0
|  80|0x000000070ec00000, 0x000000070ee00000, 0x000000070ee00000|100%|HC|  |TAMS 0x000000070ec00000| PB 0x000000070ec00000| Complete |  0
|  81|0x000000070ee00000, 0x000000070f000000, 0x000000070f000000|100%|HS|  |TAMS 0x000000070ee00000| PB 0x000000070ee00000| Complete |  0
|  82|0x000000070f000000, 0x000000070f200000, 0x000000070f200000|100%|HC|  |TAMS 0x000000070f000000| PB 0x000000070f000000| Complete |  0
|  83|0x000000070f200000, 0x000000070f400000, 0x000000070f400000|100%|HS|  |TAMS 0x000000070f200000| PB 0x000000070f200000| Complete |  0
|  84|0x000000070f400000, 0x000000070f600000, 0x000000070f600000|100%|HC|  |TAMS 0x000000070f400000| PB 0x000000070f400000| Complete |  0
|  85|0x000000070f600000, 0x000000070f800000, 0x000000070f800000|100%|HS|  |TAMS 0x000000070f600000| PB 0x000000070f600000| Complete |  0
|  86|0x000000070f800000, 0x000000070fa00000, 0x000000070fa00000|100%|HC|  |TAMS 0x000000070f800000| PB 0x000000070f800000| Complete |  0
|  87|0x000000070fa00000, 0x000000070fc00000, 0x000000070fc00000|100%|HS|  |TAMS 0x000000070fa00000| PB 0x000000070fa00000| Complete |  0
|  88|0x000000070fc00000, 0x000000070fe00000, 0x000000070fe00000|100%|HC|  |TAMS 0x000000070fc00000| PB 0x000000070fc00000| Complete |  0
|  89|0x000000070fe00000, 0x0000000710000000, 0x0000000710000000|100%|HS|  |TAMS 0x000000070fe00000| PB 0x000000070fe00000| Complete |  0
|  90|0x0000000710000000, 0x0000000710200000, 0x0000000710200000|100%|HC|  |TAMS 0x0000000710000000| PB 0x0000000710000000| Complete |  0
|  91|0x0000000710200000, 0x0000000710400000, 0x0000000710400000|100%|HS|  |TAMS 0x0000000710200000| PB 0x0000000710200000| Complete |  0
|  92|0x0000000710400000, 0x0000000710600000, 0x0000000710600000|100%|HC|  |TAMS 0x0000000710400000| PB 0x0000000710400000| Complete |  0
|  93|0x0000000710600000, 0x0000000710800000, 0x0000000710800000|100%|HS|  |TAMS 0x0000000710600000| PB 0x0000000710600000| Complete |  0
|  94|0x0000000710800000, 0x0000000710a00000, 0x0000000710a00000|100%|HC|  |TAMS 0x0000000710800000| PB 0x0000000710800000| Complete |  0
|  95|0x0000000710a00000, 0x0000000710c00000, 0x0000000710c00000|100%|HS|  |TAMS 0x0000000710a00000| PB 0x0000000710a00000| Complete |  0
|  96|0x0000000710c00000, 0x0000000710e00000, 0x0000000710e00000|100%|HC|  |TAMS 0x0000000710c00000| PB 0x0000000710c00000| Complete |  0
|  97|0x0000000710e00000, 0x0000000711000000, 0x0000000711000000|100%|HS|  |TAMS 0x0000000710e00000| PB 0x0000000710e00000| Complete |  0
|  98|0x0000000711000000, 0x0000000711200000, 0x0000000711200000|100%|HC|  |TAMS 0x0000000711000000| PB 0x0000000711000000| Complete |  0
|  99|0x0000000711200000, 0x0000000711400000, 0x0000000711400000|100%|HS|  |TAMS 0x0000000711200000| PB 0x0000000711200000| Complete |  0
| 100|0x0000000711400000, 0x0000000711600000, 0x0000000711600000|100%|HC|  |TAMS 0x0000000711400000| PB 0x0000000711400000| Complete |  0
| 101|0x0000000711600000, 0x0000000711800000, 0x0000000711800000|100%|HS|  |TAMS 0x0000000711600000| PB 0x0000000711600000| Complete |  0
| 102|0x0000000711800000, 0x0000000711a00000, 0x0000000711a00000|100%|HC|  |TAMS 0x0000000711800000| PB 0x0000000711800000| Complete |  0
| 103|0x0000000711a00000, 0x0000000711c00000, 0x0000000711c00000|100%|HS|  |TAMS 0x0000000711a00000| PB 0x0000000711a00000| Complete |  0
| 104|0x0000000711c00000, 0x0000000711e00000, 0x0000000711e00000|100%|HC|  |TAMS 0x0000000711c00000| PB 0x0000000711c00000| Complete |  0
| 105|0x0000000711e00000, 0x0000000712000000, 0x0000000712000000|100%|HS|  |TAMS 0x0000000711e00000| PB 0x0000000711e00000| Complete |  0
| 106|0x0000000712000000, 0x0000000712200000, 0x0000000712200000|100%|HC|  |TAMS 0x0000000712000000| PB 0x0000000712000000| Complete |  0
| 107|0x0000000712200000, 0x0000000712400000, 0x0000000712400000|100%|HS|  |TAMS 0x0000000712200000| PB 0x0000000712200000| Complete |  0
| 108|0x0000000712400000, 0x0000000712600000, 0x0000000712600000|100%|HC|  |TAMS 0x0000000712400000| PB 0x0000000712400000| Complete |  0
| 109|0x0000000712600000, 0x0000000712800000, 0x0000000712800000|100%|HS|  |TAMS 0x0000000712600000| PB 0x0000000712600000| Complete |  0
| 110|0x0000000712800000, 0x0000000712a00000, 0x0000000712a00000|100%|HC|  |TAMS 0x0000000712800000| PB 0x0000000712800000| Complete |  0
| 111|0x0000000712a00000, 0x0000000712c00000, 0x0000000712c00000|100%|HS|  |TAMS 0x0000000712a00000| PB 0x0000000712a00000| Complete |  0
| 112|0x0000000712c00000, 0x0000000712e00000, 0x0000000712e00000|100%|HC|  |TAMS 0x0000000712c00000| PB 0x0000000712c00000| Complete |  0
| 113|0x0000000712e00000, 0x0000000713000000, 0x0000000713000000|100%|HS|  |TAMS 0x0000000712e00000| PB 0x0000000712e00000| Complete |  0
| 114|0x0000000713000000, 0x0000000713200000, 0x0000000713200000|100%|HC|  |TAMS 0x0000000713000000| PB 0x0000000713000000| Complete |  0
| 115|0x0000000713200000, 0x0000000713400000, 0x0000000713400000|100%|HS|  |TAMS 0x0000000713200000| PB 0x0000000713200000| Complete |  0
| 116|0x0000000713400000, 0x0000000713600000, 0x0000000713600000|100%|HC|  |TAMS 0x0000000713400000| PB 0x0000000713400000| Complete |  0
| 117|0x0000000713600000, 0x0000000713800000, 0x0000000713800000|100%|HS|  |TAMS 0x0000000713600000| PB 0x0000000713600000| Complete |  0
| 118|0x0000000713800000, 0x0000000713a00000, 0x0000000713a00000|100%|HC|  |TAMS 0x0000000713800000| PB 0x0000000713800000| Complete |  0
| 119|0x0000000713a00000, 0x0000000713c00000, 0x0000000713c00000|100%|HS|  |TAMS 0x0000000713a00000| PB 0x0000000713a00000| Complete |  0
| 120|0x0000000713c00000, 0x0000000713e00000, 0x0000000713e00000|100%|HC|  |TAMS 0x0000000713c00000| PB 0x0000000713c00000| Complete |  0
| 121|0x0000000713e00000, 0x0000000714000000, 0x0000000714000000|100%|HS|  |TAMS 0x0000000713e00000| PB 0x0000000713e00000| Complete |  0
| 122|0x0000000714000000, 0x0000000714200000, 0x0000000714200000|100%|HC|  |TAMS 0x0000000714000000| PB 0x0000000714000000| Complete |  0
| 123|0x0000000714200000, 0x0000000714400000, 0x0000000714400000|100%|HS|  |TAMS 0x0000000714200000| PB 0x0000000714200000| Complete |  0
| 124|0x0000000714400000, 0x0000000714600000, 0x0000000714600000|100%|HC|  |TAMS 0x0000000714400000| PB 0x0000000714400000| Complete |  0
| 125|0x0000000714600000, 0x0000000714800000, 0x0000000714800000|100%|HS|  |TAMS 0x0000000714600000| PB 0x0000000714600000| Complete |  0
| 126|0x0000000714800000, 0x0000000714a00000, 0x0000000714a00000|100%|HC|  |TAMS 0x0000000714800000| PB 0x0000000714800000| Complete |  0
| 127|0x0000000714a00000, 0x0000000714c00000, 0x0000000714c00000|100%|HS|  |TAMS 0x0000000714a00000| PB 0x0000000714a00000| Complete |  0
| 128|0x0000000714c00000, 0x0000000714e00000, 0x0000000714e00000|100%|HC|  |TAMS 0x0000000714c00000| PB 0x0000000714c00000| Complete |  0
| 129|0x0000000714e00000, 0x0000000715000000, 0x0000000715000000|100%|HS|  |TAMS 0x0000000714e00000| PB 0x0000000714e00000| Complete |  0
| 130|0x0000000715000000, 0x0000000715200000, 0x0000000715200000|100%|HC|  |TAMS 0x0000000715000000| PB 0x0000000715000000| Complete |  0
| 131|0x0000000715200000, 0x0000000715400000, 0x0000000715400000|100%|HS|  |TAMS 0x0000000715200000| PB 0x0000000715200000| Complete |  0
| 132|0x0000000715400000, 0x0000000715600000, 0x0000000715600000|100%|HC|  |TAMS 0x0000000715400000| PB 0x0000000715400000| Complete |  0
| 133|0x0000000715600000, 0x0000000715800000, 0x0000000715800000|100%|HS|  |TAMS 0x0000000715600000| PB 0x0000000715600000| Complete |  0
| 134|0x0000000715800000, 0x0000000715a00000, 0x0000000715a00000|100%|HC|  |TAMS 0x0000000715800000| PB 0x0000000715800000| Complete |  0
| 135|0x0000000715a00000, 0x0000000715c00000, 0x0000000715c00000|100%|HS|  |TAMS 0x0000000715a00000| PB 0x0000000715a00000| Complete |  0
| 136|0x0000000715c00000, 0x0000000715e00000, 0x0000000715e00000|100%|HC|  |TAMS 0x0000000715c00000| PB 0x0000000715c00000| Complete |  0
| 137|0x0000000715e00000, 0x0000000716000000, 0x0000000716000000|100%|HS|  |TAMS 0x0000000715e00000| PB 0x0000000715e00000| Complete |  0
| 138|0x0000000716000000, 0x0000000716200000, 0x0000000716200000|100%|HC|  |TAMS 0x0000000716000000| PB 0x0000000716000000| Complete |  0
| 139|0x0000000716200000, 0x0000000716400000, 0x0000000716400000|100%|HS|  |TAMS 0x0000000716200000| PB 0x0000000716200000| Complete |  0
| 140|0x0000000716400000, 0x0000000716600000, 0x0000000716600000|100%|HC|  |TAMS 0x0000000716400000| PB 0x0000000716400000| Complete |  0
| 141|0x0000000716600000, 0x0000000716800000, 0x0000000716800000|100%|HS|  |TAMS 0x0000000716600000| PB 0x0000000716600000| Complete |  0
| 142|0x0000000716800000, 0x0000000716a00000, 0x0000000716a00000|100%|HC|  |TAMS 0x0000000716800000| PB 0x0000000716800000| Complete |  0
| 143|0x0000000716a00000, 0x0000000716c00000, 0x0000000716c00000|100%|HS|  |TAMS 0x0000000716a00000| PB 0x0000000716a00000| Complete |  0
| 144|0x0000000716c00000, 0x0000000716e00000, 0x0000000716e00000|100%|HC|  |TAMS 0x0000000716c00000| PB 0x0000000716c00000| Complete |  0
| 145|0x0000000716e00000, 0x0000000717000000, 0x0000000717000000|100%|HS|  |TAMS 0x0000000716e00000| PB 0x0000000716e00000| Complete |  0
| 146|0x0000000717000000, 0x0000000717200000, 0x0000000717200000|100%|HC|  |TAMS 0x0000000717000000| PB 0x0000000717000000| Complete |  0
| 147|0x0000000717200000, 0x0000000717400000, 0x0000000717400000|100%|HS|  |TAMS 0x0000000717200000| PB 0x0000000717200000| Complete |  0
| 148|0x0000000717400000, 0x0000000717600000, 0x0000000717600000|100%|HC|  |TAMS 0x0000000717400000| PB 0x0000000717400000| Complete |  0
| 149|0x0000000717600000, 0x0000000717800000, 0x0000000717800000|100%|HS|  |TAMS 0x0000000717600000| PB 0x0000000717600000| Complete |  0
| 150|0x0000000717800000, 0x0000000717a00000, 0x0000000717a00000|100%|HC|  |TAMS 0x0000000717800000| PB 0x0000000717800000| Complete |  0
| 151|0x0000000717a00000, 0x0000000717c00000, 0x0000000717c00000|100%|HS|  |TAMS 0x0000000717a00000| PB 0x0000000717a00000| Complete |  0
| 152|0x0000000717c00000, 0x0000000717e00000, 0x0000000717e00000|100%|HC|  |TAMS 0x0000000717c00000| PB 0x0000000717c00000| Complete |  0
| 153|0x0000000717e00000, 0x0000000718000000, 0x0000000718000000|100%|HS|  |TAMS 0x0000000717e00000| PB 0x0000000717e00000| Complete |  0
| 154|0x0000000718000000, 0x0000000718200000, 0x0000000718200000|100%|HC|  |TAMS 0x0000000718000000| PB 0x0000000718000000| Complete |  0
| 155|0x0000000718200000, 0x0000000718400000, 0x0000000718400000|100%|HS|  |TAMS 0x0000000718200000| PB 0x0000000718200000| Complete |  0
| 156|0x0000000718400000, 0x0000000718600000, 0x0000000718600000|100%|HC|  |TAMS 0x0000000718400000| PB 0x0000000718400000| Complete |  0
| 157|0x0000000718600000, 0x0000000718800000, 0x0000000718800000|100%|HS|  |TAMS 0x0000000718600000| PB 0x0000000718600000| Complete |  0
| 158|0x0000000718800000, 0x0000000718a00000, 0x0000000718a00000|100%|HC|  |TAMS 0x0000000718800000| PB 0x0000000718800000| Complete |  0
| 159|0x0000000718a00000, 0x0000000718c00000, 0x0000000718c00000|100%|HS|  |TAMS 0x0000000718a00000| PB 0x0000000718a00000| Complete |  0
| 160|0x0000000718c00000, 0x0000000718e00000, 0x0000000718e00000|100%|HC|  |TAMS 0x0000000718c00000| PB 0x0000000718c00000| Complete |  0
| 161|0x0000000718e00000, 0x0000000719000000, 0x0000000719000000|100%|HS|  |TAMS 0x0000000718e00000| PB 0x0000000718e00000| Complete |  0
| 162|0x0000000719000000, 0x0000000719200000, 0x0000000719200000|100%|HC|  |TAMS 0x0000000719000000| PB 0x0000000719000000| Complete |  0
| 163|0x0000000719200000, 0x0000000719400000, 0x0000000719400000|100%|HS|  |TAMS 0x0000000719200000| PB 0x0000000719200000| Complete |  0
| 164|0x0000000719400000, 0x0000000719600000, 0x0000000719600000|100%|HC|  |TAMS 0x0000000719400000| PB 0x0000000719400000| Complete |  0
| 165|0x0000000719600000, 0x0000000719800000, 0x0000000719800000|100%|HS|  |TAMS 0x0000000719600000| PB 0x0000000719600000| Complete |  0
| 166|0x0000000719800000, 0x0000000719a00000, 0x0000000719a00000|100%|HC|  |TAMS 0x0000000719800000| PB 0x0000000719800000| Complete |  0
| 167|0x0000000719a00000, 0x0000000719c00000, 0x0000000719c00000|100%|HS|  |TAMS 0x0000000719a00000| PB 0x0000000719a00000| Complete |  0
| 168|0x0000000719c00000, 0x0000000719e00000, 0x0000000719e00000|100%|HC|  |TAMS 0x0000000719c00000| PB 0x0000000719c00000| Complete |  0
| 169|0x0000000719e00000, 0x000000071a000000, 0x000000071a000000|100%|HS|  |TAMS 0x0000000719e00000| PB 0x0000000719e00000| Complete |  0
| 170|0x000000071a000000, 0x000000071a200000, 0x000000071a200000|100%|HC|  |TAMS 0x000000071a000000| PB 0x000000071a000000| Complete |  0
| 171|0x000000071a200000, 0x000000071a400000, 0x000000071a400000|100%|HS|  |TAMS 0x000000071a200000| PB 0x000000071a200000| Complete |  0
| 172|0x000000071a400000, 0x000000071a600000, 0x000000071a600000|100%|HC|  |TAMS 0x000000071a400000| PB 0x000000071a400000| Complete |  0
| 173|0x000000071a600000, 0x000000071a800000, 0x000000071a800000|100%|HS|  |TAMS 0x000000071a600000| PB 0x000000071a600000| Complete |  0
| 174|0x000000071a800000, 0x000000071aa00000, 0x000000071aa00000|100%|HC|  |TAMS 0x000000071a800000| PB 0x000000071a800000| Complete |  0
| 175|0x000000071aa00000, 0x000000071ac00000, 0x000000071ac00000|100%|HS|  |TAMS 0x000000071aa00000| PB 0x000000071aa00000| Complete |  0
| 176|0x000000071ac00000, 0x000000071ae00000, 0x000000071ae00000|100%|HC|  |TAMS 0x000000071ac00000| PB 0x000000071ac00000| Complete |  0
| 177|0x000000071ae00000, 0x000000071b000000, 0x000000071b000000|100%|HS|  |TAMS 0x000000071ae00000| PB 0x000000071ae00000| Complete |  0
| 178|0x000000071b000000, 0x000000071b200000, 0x000000071b200000|100%|HC|  |TAMS 0x000000071b000000| PB 0x000000071b000000| Complete |  0
| 179|0x000000071b200000, 0x000000071b400000, 0x000000071b400000|100%|HS|  |TAMS 0x000000071b200000| PB 0x000000071b200000| Complete |  0
| 180|0x000000071b400000, 0x000000071b600000, 0x000000071b600000|100%|HC|  |TAMS 0x000000071b400000| PB 0x000000071b400000| Complete |  0
| 181|0x000000071b600000, 0x000000071b800000, 0x000000071b800000|100%|HS|  |TAMS 0x000000071b600000| PB 0x000000071b600000| Complete |  0
| 182|0x000000071b800000, 0x000000071ba00000, 0x000000071ba00000|100%|HC|  |TAMS 0x000000071b800000| PB 0x000000071b800000| Complete |  0
| 183|0x000000071ba00000, 0x000000071bc00000, 0x000000071bc00000|100%|HS|  |TAMS 0x000000071ba00000| PB 0x000000071ba00000| Complete |  0
| 184|0x000000071bc00000, 0x000000071be00000, 0x000000071be00000|100%|HC|  |TAMS 0x000000071bc00000| PB 0x000000071bc00000| Complete |  0
| 185|0x000000071be00000, 0x000000071c000000, 0x000000071c000000|100%|HS|  |TAMS 0x000000071be00000| PB 0x000000071be00000| Complete |  0
| 186|0x000000071c000000, 0x000000071c200000, 0x000000071c200000|100%|HC|  |TAMS 0x000000071c000000| PB 0x000000071c000000| Complete |  0
| 187|0x000000071c200000, 0x000000071c400000, 0x000000071c400000|100%|HS|  |TAMS 0x000000071c200000| PB 0x000000071c200000| Complete |  0
| 188|0x000000071c400000, 0x000000071c600000, 0x000000071c600000|100%|HC|  |TAMS 0x000000071c400000| PB 0x000000071c400000| Complete |  0
| 189|0x000000071c600000, 0x000000071c800000, 0x000000071c800000|100%|HS|  |TAMS 0x000000071c600000| PB 0x000000071c600000| Complete |  0
| 190|0x000000071c800000, 0x000000071ca00000, 0x000000071ca00000|100%|HC|  |TAMS 0x000000071c800000| PB 0x000000071c800000| Complete |  0
| 191|0x000000071ca00000, 0x000000071cc00000, 0x000000071cc00000|100%|HS|  |TAMS 0x000000071ca00000| PB 0x000000071ca00000| Complete |  0
| 192|0x000000071cc00000, 0x000000071ce00000, 0x000000071ce00000|100%|HC|  |TAMS 0x000000071cc00000| PB 0x000000071cc00000| Complete |  0
| 193|0x000000071ce00000, 0x000000071d000000, 0x000000071d000000|100%|HS|  |TAMS 0x000000071ce00000| PB 0x000000071ce00000| Complete |  0
| 194|0x000000071d000000, 0x000000071d200000, 0x000000071d200000|100%|HC|  |TAMS 0x000000071d000000| PB 0x000000071d000000| Complete |  0
| 195|0x000000071d200000, 0x000000071d400000, 0x000000071d400000|100%|HS|  |TAMS 0x000000071d200000| PB 0x000000071d200000| Complete |  0
| 196|0x000000071d400000, 0x000000071d600000, 0x000000071d600000|100%|HC|  |TAMS 0x000000071d400000| PB 0x000000071d400000| Complete |  0
| 197|0x000000071d600000, 0x000000071d800000, 0x000000071d800000|100%|HS|  |TAMS 0x000000071d600000| PB 0x000000071d600000| Complete |  0
| 198|0x000000071d800000, 0x000000071da00000, 0x000000071da00000|100%|HC|  |TAMS 0x000000071d800000| PB 0x000000071d800000| Complete |  0
| 199|0x000000071da00000, 0x000000071dc00000, 0x000000071dc00000|100%|HS|  |TAMS 0x000000071da00000| PB 0x000000071da00000| Complete |  0
| 200|0x000000071dc00000, 0x000000071de00000, 0x000000071de00000|100%|HC|  |TAMS 0x000000071dc00000| PB 0x000000071dc00000| Complete |  0
| 201|0x000000071de00000, 0x000000071e000000, 0x000000071e000000|100%|HS|  |TAMS 0x000000071de00000| PB 0x000000071de00000| Complete |  0
| 202|0x000000071e000000, 0x000000071e200000, 0x000000071e200000|100%|HC|  |TAMS 0x000000071e000000| PB 0x000000071e000000| Complete |  0
| 203|0x000000071e200000, 0x000000071e400000, 0x000000071e400000|100%|HS|  |TAMS 0x000000071e200000| PB 0x000000071e200000| Complete |  0
| 204|0x000000071e400000, 0x000000071e600000, 0x000000071e600000|100%|HC|  |TAMS 0x000000071e400000| PB 0x000000071e400000| Complete |  0
| 205|0x000000071e600000, 0x000000071e800000, 0x000000071e800000|100%|HS|  |TAMS 0x000000071e600000| PB 0x000000071e600000| Complete |  0
| 206|0x000000071e800000, 0x000000071ea00000, 0x000000071ea00000|100%|HC|  |TAMS 0x000000071e800000| PB 0x000000071e800000| Complete |  0
| 207|0x000000071ea00000, 0x000000071ec00000, 0x000000071ec00000|100%|HS|  |TAMS 0x000000071ea00000| PB 0x000000071ea00000| Complete |  0
| 208|0x000000071ec00000, 0x000000071ee00000, 0x000000071ee00000|100%|HC|  |TAMS 0x000000071ec00000| PB 0x000000071ec00000| Complete |  0
| 209|0x000000071ee00000, 0x000000071f000000, 0x000000071f000000|100%|HS|  |TAMS 0x000000071ee00000| PB 0x000000071ee00000| Complete |  0
| 210|0x000000071f000000, 0x000000071f200000, 0x000000071f200000|100%|HC|  |TAMS 0x000000071f000000| PB 0x000000071f000000| Complete |  0
| 211|0x000000071f200000, 0x000000071f400000, 0x000000071f400000|100%|HS|  |TAMS 0x000000071f200000| PB 0x000000071f200000| Complete |  0
| 212|0x000000071f400000, 0x000000071f600000, 0x000000071f600000|100%|HC|  |TAMS 0x000000071f400000| PB 0x000000071f400000| Complete |  0
| 213|0x000000071f600000, 0x000000071f800000, 0x000000071f800000|100%|HS|  |TAMS 0x000000071f600000| PB 0x000000071f600000| Complete |  0
| 214|0x000000071f800000, 0x000000071fa00000, 0x000000071fa00000|100%|HC|  |TAMS 0x000000071f800000| PB 0x000000071f800000| Complete |  0
| 215|0x000000071fa00000, 0x000000071fc00000, 0x000000071fc00000|100%|HS|  |TAMS 0x000000071fa00000| PB 0x000000071fa00000| Complete |  0
| 216|0x000000071fc00000, 0x000000071fe00000, 0x000000071fe00000|100%|HC|  |TAMS 0x000000071fc00000| PB 0x000000071fc00000| Complete |  0
| 217|0x000000071fe00000, 0x0000000720000000, 0x0000000720000000|100%|HS|  |TAMS 0x000000071fe00000| PB 0x000000071fe00000| Complete |  0
| 218|0x0000000720000000, 0x0000000720200000, 0x0000000720200000|100%|HC|  |TAMS 0x0000000720000000| PB 0x0000000720000000| Complete |  0
| 219|0x0000000720200000, 0x0000000720400000, 0x0000000720400000|100%|HS|  |TAMS 0x0000000720200000| PB 0x0000000720200000| Complete |  0
| 220|0x0000000720400000, 0x0000000720600000, 0x0000000720600000|100%|HC|  |TAMS 0x0000000720400000| PB 0x0000000720400000| Complete |  0
| 221|0x0000000720600000, 0x0000000720800000, 0x0000000720800000|100%|HS|  |TAMS 0x0000000720600000| PB 0x0000000720600000| Complete |  0
| 222|0x0000000720800000, 0x0000000720a00000, 0x0000000720a00000|100%|HC|  |TAMS 0x0000000720800000| PB 0x0000000720800000| Complete |  0
| 223|0x0000000720a00000, 0x0000000720c00000, 0x0000000720c00000|100%|HS|  |TAMS 0x0000000720a00000| PB 0x0000000720a00000| Complete |  0
| 224|0x0000000720c00000, 0x0000000720e00000, 0x0000000720e00000|100%|HC|  |TAMS 0x0000000720c00000| PB 0x0000000720c00000| Complete |  0
| 225|0x0000000720e00000, 0x0000000721000000, 0x0000000721000000|100%|HS|  |TAMS 0x0000000720e00000| PB 0x0000000720e00000| Complete |  0
| 226|0x0000000721000000, 0x0000000721200000, 0x0000000721200000|100%|HC|  |TAMS 0x0000000721000000| PB 0x0000000721000000| Complete |  0
| 227|0x0000000721200000, 0x0000000721400000, 0x0000000721400000|100%|HS|  |TAMS 0x0000000721200000| PB 0x0000000721200000| Complete |  0
| 228|0x0000000721400000, 0x0000000721600000, 0x0000000721600000|100%|HC|  |TAMS 0x0000000721400000| PB 0x0000000721400000| Complete |  0
| 229|0x0000000721600000, 0x0000000721800000, 0x0000000721800000|100%|HS|  |TAMS 0x0000000721600000| PB 0x0000000721600000| Complete |  0
| 230|0x0000000721800000, 0x0000000721a00000, 0x0000000721a00000|100%|HC|  |TAMS 0x0000000721800000| PB 0x0000000721800000| Complete |  0
| 231|0x0000000721a00000, 0x0000000721c00000, 0x0000000721c00000|100%|HS|  |TAMS 0x0000000721a00000| PB 0x0000000721a00000| Complete |  0
| 232|0x0000000721c00000, 0x0000000721e00000, 0x0000000721e00000|100%|HC|  |TAMS 0x0000000721c00000| PB 0x0000000721c00000| Complete |  0
| 233|0x0000000721e00000, 0x0000000722000000, 0x0000000722000000|100%|HS|  |TAMS 0x0000000721e00000| PB 0x0000000721e00000| Complete |  0
| 234|0x0000000722000000, 0x0000000722200000, 0x0000000722200000|100%|HC|  |TAMS 0x0000000722000000| PB 0x0000000722000000| Complete |  0
| 235|0x0000000722200000, 0x0000000722400000, 0x0000000722400000|100%|HS|  |TAMS 0x0000000722200000| PB 0x0000000722200000| Complete |  0
| 236|0x0000000722400000, 0x0000000722600000, 0x0000000722600000|100%|HC|  |TAMS 0x0000000722400000| PB 0x0000000722400000| Complete |  0
| 237|0x0000000722600000, 0x0000000722800000, 0x0000000722800000|100%|HS|  |TAMS 0x0000000722600000| PB 0x0000000722600000| Complete |  0
| 238|0x0000000722800000, 0x0000000722a00000, 0x0000000722a00000|100%|HC|  |TAMS 0x0000000722800000| PB 0x0000000722800000| Complete |  0
| 239|0x0000000722a00000, 0x0000000722c00000, 0x0000000722c00000|100%|HS|  |TAMS 0x0000000722a00000| PB 0x0000000722a00000| Complete |  0
| 240|0x0000000722c00000, 0x0000000722e00000, 0x0000000722e00000|100%|HC|  |TAMS 0x0000000722c00000| PB 0x0000000722c00000| Complete |  0
| 241|0x0000000722e00000, 0x0000000723000000, 0x0000000723000000|100%|HS|  |TAMS 0x0000000722e00000| PB 0x0000000722e00000| Complete |  0
| 242|0x0000000723000000, 0x0000000723200000, 0x0000000723200000|100%|HC|  |TAMS 0x0000000723000000| PB 0x0000000723000000| Complete |  0
| 243|0x0000000723200000, 0x0000000723400000, 0x0000000723400000|100%|HS|  |TAMS 0x0000000723200000| PB 0x0000000723200000| Complete |  0
| 244|0x0000000723400000, 0x0000000723600000, 0x0000000723600000|100%|HC|  |TAMS 0x0000000723400000| PB 0x0000000723400000| Complete |  0
| 245|0x0000000723600000, 0x0000000723800000, 0x0000000723800000|100%|HS|  |TAMS 0x0000000723600000| PB 0x0000000723600000| Complete |  0
| 246|0x0000000723800000, 0x0000000723a00000, 0x0000000723a00000|100%|HC|  |TAMS 0x0000000723800000| PB 0x0000000723800000| Complete |  0
| 247|0x0000000723a00000, 0x0000000723c00000, 0x0000000723c00000|100%|HS|  |TAMS 0x0000000723a00000| PB 0x0000000723a00000| Complete |  0
| 248|0x0000000723c00000, 0x0000000723e00000, 0x0000000723e00000|100%|HC|  |TAMS 0x0000000723c00000| PB 0x0000000723c00000| Complete |  0
| 249|0x0000000723e00000, 0x0000000724000000, 0x0000000724000000|100%|HS|  |TAMS 0x0000000723e00000| PB 0x0000000723e00000| Complete |  0
| 250|0x0000000724000000, 0x0000000724200000, 0x0000000724200000|100%|HC|  |TAMS 0x0000000724000000| PB 0x0000000724000000| Complete |  0
| 251|0x0000000724200000, 0x0000000724400000, 0x0000000724400000|100%|HS|  |TAMS 0x0000000724200000| PB 0x0000000724200000| Complete |  0
| 252|0x0000000724400000, 0x0000000724600000, 0x0000000724600000|100%|HC|  |TAMS 0x0000000724400000| PB 0x0000000724400000| Complete |  0
| 253|0x0000000724600000, 0x0000000724800000, 0x0000000724800000|100%|HS|  |TAMS 0x0000000724600000| PB 0x0000000724600000| Complete |  0
| 254|0x0000000724800000, 0x0000000724a00000, 0x0000000724a00000|100%|HC|  |TAMS 0x0000000724800000| PB 0x0000000724800000| Complete |  0
| 255|0x0000000724a00000, 0x0000000724c00000, 0x0000000724c00000|100%|HS|  |TAMS 0x0000000724a00000| PB 0x0000000724a00000| Complete |  0
| 256|0x0000000724c00000, 0x0000000724e00000, 0x0000000724e00000|100%|HC|  |TAMS 0x0000000724c00000| PB 0x0000000724c00000| Complete |  0
| 257|0x0000000724e00000, 0x0000000725000000, 0x0000000725000000|100%|HS|  |TAMS 0x0000000724e00000| PB 0x0000000724e00000| Complete |  0
| 258|0x0000000725000000, 0x0000000725200000, 0x0000000725200000|100%|HC|  |TAMS 0x0000000725000000| PB 0x0000000725000000| Complete |  0
| 259|0x0000000725200000, 0x0000000725400000, 0x0000000725400000|100%|HS|  |TAMS 0x0000000725200000| PB 0x0000000725200000| Complete |  0
| 260|0x0000000725400000, 0x0000000725600000, 0x0000000725600000|100%|HC|  |TAMS 0x0000000725400000| PB 0x0000000725400000| Complete |  0
| 261|0x0000000725600000, 0x0000000725800000, 0x0000000725800000|100%|HS|  |TAMS 0x0000000725600000| PB 0x0000000725600000| Complete |  0
| 262|0x0000000725800000, 0x0000000725a00000, 0x0000000725a00000|100%|HC|  |TAMS 0x0000000725800000| PB 0x0000000725800000| Complete |  0
| 263|0x0000000725a00000, 0x0000000725c00000, 0x0000000725c00000|100%|HS|  |TAMS 0x0000000725a00000| PB 0x0000000725a00000| Complete |  0
| 264|0x0000000725c00000, 0x0000000725e00000, 0x0000000725e00000|100%|HC|  |TAMS 0x0000000725c00000| PB 0x0000000725c00000| Complete |  0
| 265|0x0000000725e00000, 0x0000000726000000, 0x0000000726000000|100%|HS|  |TAMS 0x0000000725e00000| PB 0x0000000725e00000| Complete |  0
| 266|0x0000000726000000, 0x0000000726200000, 0x0000000726200000|100%|HC|  |TAMS 0x0000000726000000| PB 0x0000000726000000| Complete |  0
| 267|0x0000000726200000, 0x0000000726400000, 0x0000000726400000|100%|HS|  |TAMS 0x0000000726200000| PB 0x0000000726200000| Complete |  0
| 268|0x0000000726400000, 0x0000000726600000, 0x0000000726600000|100%|HC|  |TAMS 0x0000000726400000| PB 0x0000000726400000| Complete |  0
| 269|0x0000000726600000, 0x0000000726800000, 0x0000000726800000|100%|HS|  |TAMS 0x0000000726600000| PB 0x0000000726600000| Complete |  0
| 270|0x0000000726800000, 0x0000000726a00000, 0x0000000726a00000|100%|HC|  |TAMS 0x0000000726800000| PB 0x0000000726800000| Complete |  0
| 271|0x0000000726a00000, 0x0000000726c00000, 0x0000000726c00000|100%|HS|  |TAMS 0x0000000726a00000| PB 0x0000000726a00000| Complete |  0
| 272|0x0000000726c00000, 0x0000000726e00000, 0x0000000726e00000|100%|HC|  |TAMS 0x0000000726c00000| PB 0x0000000726c00000| Complete |  0
| 273|0x0000000726e00000, 0x0000000727000000, 0x0000000727000000|100%|HS|  |TAMS 0x0000000726e00000| PB 0x0000000726e00000| Complete |  0
| 274|0x0000000727000000, 0x0000000727200000, 0x0000000727200000|100%|HC|  |TAMS 0x0000000727000000| PB 0x0000000727000000| Complete |  0
| 275|0x0000000727200000, 0x0000000727400000, 0x0000000727400000|100%|HS|  |TAMS 0x0000000727200000| PB 0x0000000727200000| Complete |  0
| 276|0x0000000727400000, 0x0000000727600000, 0x0000000727600000|100%|HC|  |TAMS 0x0000000727400000| PB 0x0000000727400000| Complete |  0
| 277|0x0000000727600000, 0x0000000727800000, 0x0000000727800000|100%|HS|  |TAMS 0x0000000727600000| PB 0x0000000727600000| Complete |  0
| 278|0x0000000727800000, 0x0000000727a00000, 0x0000000727a00000|100%|HC|  |TAMS 0x0000000727800000| PB 0x0000000727800000| Complete |  0
| 279|0x0000000727a00000, 0x0000000727c00000, 0x0000000727c00000|100%|HS|  |TAMS 0x0000000727a00000| PB 0x0000000727a00000| Complete |  0
| 280|0x0000000727c00000, 0x0000000727e00000, 0x0000000727e00000|100%|HC|  |TAMS 0x0000000727c00000| PB 0x0000000727c00000| Complete |  0
| 281|0x0000000727e00000, 0x0000000728000000, 0x0000000728000000|100%|HS|  |TAMS 0x0000000727e00000| PB 0x0000000727e00000| Complete |  0
| 282|0x0000000728000000, 0x0000000728200000, 0x0000000728200000|100%|HC|  |TAMS 0x0000000728000000| PB 0x0000000728000000| Complete |  0
| 283|0x0000000728200000, 0x0000000728400000, 0x0000000728400000|100%|HS|  |TAMS 0x0000000728200000| PB 0x0000000728200000| Complete |  0
| 284|0x0000000728400000, 0x0000000728600000, 0x0000000728600000|100%|HC|  |TAMS 0x0000000728400000| PB 0x0000000728400000| Complete |  0
| 285|0x0000000728600000, 0x0000000728800000, 0x0000000728800000|100%|HS|  |TAMS 0x0000000728600000| PB 0x0000000728600000| Complete |  0
| 286|0x0000000728800000, 0x0000000728a00000, 0x0000000728a00000|100%|HC|  |TAMS 0x0000000728800000| PB 0x0000000728800000| Complete |  0
| 287|0x0000000728a00000, 0x0000000728c00000, 0x0000000728c00000|100%|HS|  |TAMS 0x0000000728a00000| PB 0x0000000728a00000| Complete |  0
| 288|0x0000000728c00000, 0x0000000728e00000, 0x0000000728e00000|100%|HC|  |TAMS 0x0000000728c00000| PB 0x0000000728c00000| Complete |  0
| 289|0x0000000728e00000, 0x0000000729000000, 0x0000000729000000|100%|HS|  |TAMS 0x0000000728e00000| PB 0x0000000728e00000| Complete |  0
| 290|0x0000000729000000, 0x0000000729200000, 0x0000000729200000|100%|HC|  |TAMS 0x0000000729000000| PB 0x0000000729000000| Complete |  0
| 291|0x0000000729200000, 0x0000000729400000, 0x0000000729400000|100%|HS|  |TAMS 0x0000000729200000| PB 0x0000000729200000| Complete |  0
| 292|0x0000000729400000, 0x0000000729600000, 0x0000000729600000|100%|HC|  |TAMS 0x0000000729400000| PB 0x0000000729400000| Complete |  0
| 293|0x0000000729600000, 0x0000000729800000, 0x0000000729800000|100%|HS|  |TAMS 0x0000000729600000| PB 0x0000000729600000| Complete |  0
| 294|0x0000000729800000, 0x0000000729a00000, 0x0000000729a00000|100%|HC|  |TAMS 0x0000000729800000| PB 0x0000000729800000| Complete |  0
| 295|0x0000000729a00000, 0x0000000729c00000, 0x0000000729c00000|100%|HS|  |TAMS 0x0000000729a00000| PB 0x0000000729a00000| Complete |  0
| 296|0x0000000729c00000, 0x0000000729e00000, 0x0000000729e00000|100%|HC|  |TAMS 0x0000000729c00000| PB 0x0000000729c00000| Complete |  0
| 297|0x0000000729e00000, 0x000000072a000000, 0x000000072a000000|100%|HS|  |TAMS 0x0000000729e00000| PB 0x0000000729e00000| Complete |  0
| 298|0x000000072a000000, 0x000000072a200000, 0x000000072a200000|100%|HC|  |TAMS 0x000000072a000000| PB 0x000000072a000000| Complete |  0
| 299|0x000000072a200000, 0x000000072a400000, 0x000000072a400000|100%|HS|  |TAMS 0x000000072a200000| PB 0x000000072a200000| Complete |  0
| 300|0x000000072a400000, 0x000000072a600000, 0x000000072a600000|100%|HC|  |TAMS 0x000000072a400000| PB 0x000000072a400000| Complete |  0
| 301|0x000000072a600000, 0x000000072a800000, 0x000000072a800000|100%|HS|  |TAMS 0x000000072a600000| PB 0x000000072a600000| Complete |  0
| 302|0x000000072a800000, 0x000000072aa00000, 0x000000072aa00000|100%|HC|  |TAMS 0x000000072a800000| PB 0x000000072a800000| Complete |  0
| 303|0x000000072aa00000, 0x000000072ac00000, 0x000000072ac00000|100%|HS|  |TAMS 0x000000072aa00000| PB 0x000000072aa00000| Complete |  0
| 304|0x000000072ac00000, 0x000000072ae00000, 0x000000072ae00000|100%|HC|  |TAMS 0x000000072ac00000| PB 0x000000072ac00000| Complete |  0
| 305|0x000000072ae00000, 0x000000072b000000, 0x000000072b000000|100%|HS|  |TAMS 0x000000072ae00000| PB 0x000000072ae00000| Complete |  0
| 306|0x000000072b000000, 0x000000072b200000, 0x000000072b200000|100%|HC|  |TAMS 0x000000072b000000| PB 0x000000072b000000| Complete |  0
| 307|0x000000072b200000, 0x000000072b400000, 0x000000072b400000|100%|HS|  |TAMS 0x000000072b200000| PB 0x000000072b200000| Complete |  0
| 308|0x000000072b400000, 0x000000072b600000, 0x000000072b600000|100%|HC|  |TAMS 0x000000072b400000| PB 0x000000072b400000| Complete |  0
| 309|0x000000072b600000, 0x000000072b800000, 0x000000072b800000|100%|HS|  |TAMS 0x000000072b600000| PB 0x000000072b600000| Complete |  0
| 310|0x000000072b800000, 0x000000072ba00000, 0x000000072ba00000|100%|HC|  |TAMS 0x000000072b800000| PB 0x000000072b800000| Complete |  0
| 311|0x000000072ba00000, 0x000000072bc00000, 0x000000072bc00000|100%|HS|  |TAMS 0x000000072ba00000| PB 0x000000072ba00000| Complete |  0
| 312|0x000000072bc00000, 0x000000072be00000, 0x000000072be00000|100%|HC|  |TAMS 0x000000072bc00000| PB 0x000000072bc00000| Complete |  0
| 313|0x000000072be00000, 0x000000072c000000, 0x000000072c000000|100%|HS|  |TAMS 0x000000072be00000| PB 0x000000072be00000| Complete |  0
| 314|0x000000072c000000, 0x000000072c200000, 0x000000072c200000|100%|HC|  |TAMS 0x000000072c000000| PB 0x000000072c000000| Complete |  0
| 315|0x000000072c200000, 0x000000072c400000, 0x000000072c400000|100%|HS|  |TAMS 0x000000072c200000| PB 0x000000072c200000| Complete |  0
| 316|0x000000072c400000, 0x000000072c600000, 0x000000072c600000|100%|HC|  |TAMS 0x000000072c400000| PB 0x000000072c400000| Complete |  0
| 317|0x000000072c600000, 0x000000072c800000, 0x000000072c800000|100%|HS|  |TAMS 0x000000072c600000| PB 0x000000072c600000| Complete |  0
| 318|0x000000072c800000, 0x000000072ca00000, 0x000000072ca00000|100%|HC|  |TAMS 0x000000072c800000| PB 0x000000072c800000| Complete |  0
| 319|0x000000072ca00000, 0x000000072cc00000, 0x000000072cc00000|100%|HS|  |TAMS 0x000000072ca00000| PB 0x000000072ca00000| Complete |  0
| 320|0x000000072cc00000, 0x000000072ce00000, 0x000000072ce00000|100%|HC|  |TAMS 0x000000072cc00000| PB 0x000000072cc00000| Complete |  0
| 321|0x000000072ce00000, 0x000000072d000000, 0x000000072d000000|100%|HS|  |TAMS 0x000000072ce00000| PB 0x000000072ce00000| Complete |  0
| 322|0x000000072d000000, 0x000000072d200000, 0x000000072d200000|100%|HC|  |TAMS 0x000000072d000000| PB 0x000000072d000000| Complete |  0
| 323|0x000000072d200000, 0x000000072d400000, 0x000000072d400000|100%|HS|  |TAMS 0x000000072d200000| PB 0x000000072d200000| Complete |  0
| 324|0x000000072d400000, 0x000000072d600000, 0x000000072d600000|100%|HC|  |TAMS 0x000000072d400000| PB 0x000000072d400000| Complete |  0
| 325|0x000000072d600000, 0x000000072d800000, 0x000000072d800000|100%|HS|  |TAMS 0x000000072d600000| PB 0x000000072d600000| Complete |  0
| 326|0x000000072d800000, 0x000000072da00000, 0x000000072da00000|100%|HC|  |TAMS 0x000000072d800000| PB 0x000000072d800000| Complete |  0
| 327|0x000000072da00000, 0x000000072dc00000, 0x000000072dc00000|100%|HS|  |TAMS 0x000000072da00000| PB 0x000000072da00000| Complete |  0
| 328|0x000000072dc00000, 0x000000072de00000, 0x000000072de00000|100%|HC|  |TAMS 0x000000072dc00000| PB 0x000000072dc00000| Complete |  0
| 329|0x000000072de00000, 0x000000072e000000, 0x000000072e000000|100%|HS|  |TAMS 0x000000072de00000| PB 0x000000072de00000| Complete |  0
| 330|0x000000072e000000, 0x000000072e200000, 0x000000072e200000|100%|HC|  |TAMS 0x000000072e000000| PB 0x000000072e000000| Complete |  0
| 331|0x000000072e200000, 0x000000072e400000, 0x000000072e400000|100%|HS|  |TAMS 0x000000072e200000| PB 0x000000072e200000| Complete |  0
| 332|0x000000072e400000, 0x000000072e600000, 0x000000072e600000|100%|HC|  |TAMS 0x000000072e400000| PB 0x000000072e400000| Complete |  0
| 333|0x000000072e600000, 0x000000072e800000, 0x000000072e800000|100%|HS|  |TAMS 0x000000072e600000| PB 0x000000072e600000| Complete |  0
| 334|0x000000072e800000, 0x000000072ea00000, 0x000000072ea00000|100%|HC|  |TAMS 0x000000072e800000| PB 0x000000072e800000| Complete |  0
| 335|0x000000072ea00000, 0x000000072ec00000, 0x000000072ec00000|100%|HS|  |TAMS 0x000000072ea00000| PB 0x000000072ea00000| Complete |  0
| 336|0x000000072ec00000, 0x000000072ee00000, 0x000000072ee00000|100%|HC|  |TAMS 0x000000072ec00000| PB 0x000000072ec00000| Complete |  0
| 337|0x000000072ee00000, 0x000000072f000000, 0x000000072f000000|100%|HS|  |TAMS 0x000000072ee00000| PB 0x000000072ee00000| Complete |  0
| 338|0x000000072f000000, 0x000000072f200000, 0x000000072f200000|100%|HC|  |TAMS 0x000000072f000000| PB 0x000000072f000000| Complete |  0
| 339|0x000000072f200000, 0x000000072f400000, 0x000000072f400000|100%|HS|  |TAMS 0x000000072f200000| PB 0x000000072f200000| Complete |  0
| 340|0x000000072f400000, 0x000000072f600000, 0x000000072f600000|100%|HC|  |TAMS 0x000000072f400000| PB 0x000000072f400000| Complete |  0
| 341|0x000000072f600000, 0x000000072f800000, 0x000000072f800000|100%|HS|  |TAMS 0x000000072f600000| PB 0x000000072f600000| Complete |  0
| 342|0x000000072f800000, 0x000000072fa00000, 0x000000072fa00000|100%|HC|  |TAMS 0x000000072f800000| PB 0x000000072f800000| Complete |  0
| 343|0x000000072fa00000, 0x000000072fc00000, 0x000000072fc00000|100%|HS|  |TAMS 0x000000072fa00000| PB 0x000000072fa00000| Complete |  0
| 344|0x000000072fc00000, 0x000000072fe00000, 0x000000072fe00000|100%|HC|  |TAMS 0x000000072fc00000| PB 0x000000072fc00000| Complete |  0
| 345|0x000000072fe00000, 0x0000000730000000, 0x0000000730000000|100%|HS|  |TAMS 0x000000072fe00000| PB 0x000000072fe00000| Complete |  0
| 346|0x0000000730000000, 0x0000000730200000, 0x0000000730200000|100%|HC|  |TAMS 0x0000000730000000| PB 0x0000000730000000| Complete |  0
| 347|0x0000000730200000, 0x0000000730400000, 0x0000000730400000|100%|HS|  |TAMS 0x0000000730200000| PB 0x0000000730200000| Complete |  0
| 348|0x0000000730400000, 0x0000000730600000, 0x0000000730600000|100%|HC|  |TAMS 0x0000000730400000| PB 0x0000000730400000| Complete |  0
| 349|0x0000000730600000, 0x0000000730800000, 0x0000000730800000|100%|HS|  |TAMS 0x0000000730600000| PB 0x0000000730600000| Complete |  0
| 350|0x0000000730800000, 0x0000000730a00000, 0x0000000730a00000|100%|HC|  |TAMS 0x0000000730800000| PB 0x0000000730800000| Complete |  0
| 351|0x0000000730a00000, 0x0000000730c00000, 0x0000000730c00000|100%|HS|  |TAMS 0x0000000730a00000| PB 0x0000000730a00000| Complete |  0
| 352|0x0000000730c00000, 0x0000000730e00000, 0x0000000730e00000|100%|HC|  |TAMS 0x0000000730c00000| PB 0x0000000730c00000| Complete |  0
| 353|0x0000000730e00000, 0x0000000731000000, 0x0000000731000000|100%|HS|  |TAMS 0x0000000730e00000| PB 0x0000000730e00000| Complete |  0
| 354|0x0000000731000000, 0x0000000731200000, 0x0000000731200000|100%|HC|  |TAMS 0x0000000731000000| PB 0x0000000731000000| Complete |  0
| 355|0x0000000731200000, 0x0000000731400000, 0x0000000731400000|100%|HS|  |TAMS 0x0000000731200000| PB 0x0000000731200000| Complete |  0
| 356|0x0000000731400000, 0x0000000731600000, 0x0000000731600000|100%|HC|  |TAMS 0x0000000731400000| PB 0x0000000731400000| Complete |  0
| 357|0x0000000731600000, 0x0000000731800000, 0x0000000731800000|100%|HS|  |TAMS 0x0000000731600000| PB 0x0000000731600000| Complete |  0
| 358|0x0000000731800000, 0x0000000731a00000, 0x0000000731a00000|100%|HC|  |TAMS 0x0000000731800000| PB 0x0000000731800000| Complete |  0
| 359|0x0000000731a00000, 0x0000000731c00000, 0x0000000731c00000|100%|HS|  |TAMS 0x0000000731a00000| PB 0x0000000731a00000| Complete |  0
| 360|0x0000000731c00000, 0x0000000731e00000, 0x0000000731e00000|100%|HC|  |TAMS 0x0000000731c00000| PB 0x0000000731c00000| Complete |  0
| 361|0x0000000731e00000, 0x0000000732000000, 0x0000000732000000|100%|HS|  |TAMS 0x0000000731e00000| PB 0x0000000731e00000| Complete |  0
| 362|0x0000000732000000, 0x0000000732200000, 0x0000000732200000|100%|HC|  |TAMS 0x0000000732000000| PB 0x0000000732000000| Complete |  0
| 363|0x0000000732200000, 0x0000000732400000, 0x0000000732400000|100%|HS|  |TAMS 0x0000000732200000| PB 0x0000000732200000| Complete |  0
| 364|0x0000000732400000, 0x0000000732600000, 0x0000000732600000|100%|HC|  |TAMS 0x0000000732400000| PB 0x0000000732400000| Complete |  0
| 365|0x0000000732600000, 0x0000000732800000, 0x0000000732800000|100%|HS|  |TAMS 0x0000000732600000| PB 0x0000000732600000| Complete |  0
| 366|0x0000000732800000, 0x0000000732a00000, 0x0000000732a00000|100%|HC|  |TAMS 0x0000000732800000| PB 0x0000000732800000| Complete |  0
| 367|0x0000000732a00000, 0x0000000732c00000, 0x0000000732c00000|100%|HS|  |TAMS 0x0000000732a00000| PB 0x0000000732a00000| Complete |  0
| 368|0x0000000732c00000, 0x0000000732e00000, 0x0000000732e00000|100%|HC|  |TAMS 0x0000000732c00000| PB 0x0000000732c00000| Complete |  0
| 369|0x0000000732e00000, 0x0000000733000000, 0x0000000733000000|100%|HS|  |TAMS 0x0000000732e00000| PB 0x0000000732e00000| Complete |  0
| 370|0x0000000733000000, 0x0000000733200000, 0x0000000733200000|100%|HC|  |TAMS 0x0000000733000000| PB 0x0000000733000000| Complete |  0
| 371|0x0000000733200000, 0x0000000733400000, 0x0000000733400000|100%|HS|  |TAMS 0x0000000733200000| PB 0x0000000733200000| Complete |  0
| 372|0x0000000733400000, 0x0000000733600000, 0x0000000733600000|100%|HC|  |TAMS 0x0000000733400000| PB 0x0000000733400000| Complete |  0
| 373|0x0000000733600000, 0x0000000733800000, 0x0000000733800000|100%|HS|  |TAMS 0x0000000733600000| PB 0x0000000733600000| Complete |  0
| 374|0x0000000733800000, 0x0000000733a00000, 0x0000000733a00000|100%|HC|  |TAMS 0x0000000733800000| PB 0x0000000733800000| Complete |  0
| 375|0x0000000733a00000, 0x0000000733c00000, 0x0000000733c00000|100%|HS|  |TAMS 0x0000000733a00000| PB 0x0000000733a00000| Complete |  0
| 376|0x0000000733c00000, 0x0000000733e00000, 0x0000000733e00000|100%|HC|  |TAMS 0x0000000733c00000| PB 0x0000000733c00000| Complete |  0
| 377|0x0000000733e00000, 0x0000000734000000, 0x0000000734000000|100%|HS|  |TAMS 0x0000000733e00000| PB 0x0000000733e00000| Complete |  0
| 378|0x0000000734000000, 0x0000000734200000, 0x0000000734200000|100%|HC|  |TAMS 0x0000000734000000| PB 0x0000000734000000| Complete |  0
| 379|0x0000000734200000, 0x0000000734400000, 0x0000000734400000|100%|HS|  |TAMS 0x0000000734200000| PB 0x0000000734200000| Complete |  0
| 380|0x0000000734400000, 0x0000000734600000, 0x0000000734600000|100%|HC|  |TAMS 0x0000000734400000| PB 0x0000000734400000| Complete |  0
| 381|0x0000000734600000, 0x0000000734800000, 0x0000000734800000|100%|HS|  |TAMS 0x0000000734600000| PB 0x0000000734600000| Complete |  0
| 382|0x0000000734800000, 0x0000000734a00000, 0x0000000734a00000|100%|HC|  |TAMS 0x0000000734800000| PB 0x0000000734800000| Complete |  0
| 383|0x0000000734a00000, 0x0000000734c00000, 0x0000000734c00000|100%|HS|  |TAMS 0x0000000734a00000| PB 0x0000000734a00000| Complete |  0
| 384|0x0000000734c00000, 0x0000000734e00000, 0x0000000734e00000|100%|HC|  |TAMS 0x0000000734c00000| PB 0x0000000734c00000| Complete |  0
| 385|0x0000000734e00000, 0x0000000735000000, 0x0000000735000000|100%|HS|  |TAMS 0x0000000734e00000| PB 0x0000000734e00000| Complete |  0
| 386|0x0000000735000000, 0x0000000735200000, 0x0000000735200000|100%|HC|  |TAMS 0x0000000735000000| PB 0x0000000735000000| Complete |  0
| 387|0x0000000735200000, 0x0000000735400000, 0x0000000735400000|100%|HS|  |TAMS 0x0000000735200000| PB 0x0000000735200000| Complete |  0
| 388|0x0000000735400000, 0x0000000735600000, 0x0000000735600000|100%|HC|  |TAMS 0x0000000735400000| PB 0x0000000735400000| Complete |  0
| 389|0x0000000735600000, 0x0000000735800000, 0x0000000735800000|100%|HS|  |TAMS 0x0000000735600000| PB 0x0000000735600000| Complete |  0
| 390|0x0000000735800000, 0x0000000735a00000, 0x0000000735a00000|100%|HC|  |TAMS 0x0000000735800000| PB 0x0000000735800000| Complete |  0
| 391|0x0000000735a00000, 0x0000000735c00000, 0x0000000735c00000|100%|HS|  |TAMS 0x0000000735a00000| PB 0x0000000735a00000| Complete |  0
| 392|0x0000000735c00000, 0x0000000735e00000, 0x0000000735e00000|100%|HC|  |TAMS 0x0000000735c00000| PB 0x0000000735c00000| Complete |  0
| 393|0x0000000735e00000, 0x0000000736000000, 0x0000000736000000|100%|HS|  |TAMS 0x0000000735e00000| PB 0x0000000735e00000| Complete |  0
| 394|0x0000000736000000, 0x0000000736200000, 0x0000000736200000|100%|HC|  |TAMS 0x0000000736000000| PB 0x0000000736000000| Complete |  0
| 395|0x0000000736200000, 0x0000000736400000, 0x0000000736400000|100%|HS|  |TAMS 0x0000000736200000| PB 0x0000000736200000| Complete |  0
| 396|0x0000000736400000, 0x0000000736600000, 0x0000000736600000|100%|HC|  |TAMS 0x0000000736400000| PB 0x0000000736400000| Complete |  0
| 397|0x0000000736600000, 0x0000000736800000, 0x0000000736800000|100%|HS|  |TAMS 0x0000000736600000| PB 0x0000000736600000| Complete |  0
| 398|0x0000000736800000, 0x0000000736a00000, 0x0000000736a00000|100%|HC|  |TAMS 0x0000000736800000| PB 0x0000000736800000| Complete |  0
| 399|0x0000000736a00000, 0x0000000736c00000, 0x0000000736c00000|100%|HS|  |TAMS 0x0000000736a00000| PB 0x0000000736a00000| Complete |  0
| 400|0x0000000736c00000, 0x0000000736e00000, 0x0000000736e00000|100%|HC|  |TAMS 0x0000000736c00000| PB 0x0000000736c00000| Complete |  0
| 401|0x0000000736e00000, 0x0000000737000000, 0x0000000737000000|100%|HS|  |TAMS 0x0000000736e00000| PB 0x0000000736e00000| Complete |  0
| 402|0x0000000737000000, 0x0000000737200000, 0x0000000737200000|100%|HC|  |TAMS 0x0000000737000000| PB 0x0000000737000000| Complete |  0
| 403|0x0000000737200000, 0x0000000737400000, 0x0000000737400000|100%|HS|  |TAMS 0x0000000737200000| PB 0x0000000737200000| Complete |  0
| 404|0x0000000737400000, 0x0000000737600000, 0x0000000737600000|100%|HC|  |TAMS 0x0000000737400000| PB 0x0000000737400000| Complete |  0
| 405|0x0000000737600000, 0x0000000737800000, 0x0000000737800000|100%|HS|  |TAMS 0x0000000737600000| PB 0x0000000737600000| Complete |  0
| 406|0x0000000737800000, 0x0000000737a00000, 0x0000000737a00000|100%|HC|  |TAMS 0x0000000737800000| PB 0x0000000737800000| Complete |  0
| 407|0x0000000737a00000, 0x0000000737c00000, 0x0000000737c00000|100%|HS|  |TAMS 0x0000000737a00000| PB 0x0000000737a00000| Complete |  0
| 408|0x0000000737c00000, 0x0000000737e00000, 0x0000000737e00000|100%|HC|  |TAMS 0x0000000737c00000| PB 0x0000000737c00000| Complete |  0
| 409|0x0000000737e00000, 0x0000000738000000, 0x0000000738000000|100%|HS|  |TAMS 0x0000000737e00000| PB 0x0000000737e00000| Complete |  0
| 410|0x0000000738000000, 0x0000000738200000, 0x0000000738200000|100%|HC|  |TAMS 0x0000000738000000| PB 0x0000000738000000| Complete |  0
| 411|0x0000000738200000, 0x0000000738400000, 0x0000000738400000|100%|HS|  |TAMS 0x0000000738200000| PB 0x0000000738200000| Complete |  0
| 412|0x0000000738400000, 0x0000000738600000, 0x0000000738600000|100%|HC|  |TAMS 0x0000000738400000| PB 0x0000000738400000| Complete |  0
| 413|0x0000000738600000, 0x0000000738800000, 0x0000000738800000|100%|HS|  |TAMS 0x0000000738600000| PB 0x0000000738600000| Complete |  0
| 414|0x0000000738800000, 0x0000000738a00000, 0x0000000738a00000|100%|HC|  |TAMS 0x0000000738800000| PB 0x0000000738800000| Complete |  0
| 415|0x0000000738a00000, 0x0000000738c00000, 0x0000000738c00000|100%|HS|  |TAMS 0x0000000738a00000| PB 0x0000000738a00000| Complete |  0
| 416|0x0000000738c00000, 0x0000000738e00000, 0x0000000738e00000|100%|HC|  |TAMS 0x0000000738c00000| PB 0x0000000738c00000| Complete |  0
| 417|0x0000000738e00000, 0x0000000739000000, 0x0000000739000000|100%|HS|  |TAMS 0x0000000738e00000| PB 0x0000000738e00000| Complete |  0
| 418|0x0000000739000000, 0x0000000739200000, 0x0000000739200000|100%|HC|  |TAMS 0x0000000739000000| PB 0x0000000739000000| Complete |  0
| 419|0x0000000739200000, 0x0000000739400000, 0x0000000739400000|100%|HS|  |TAMS 0x0000000739200000| PB 0x0000000739200000| Complete |  0
| 420|0x0000000739400000, 0x0000000739600000, 0x0000000739600000|100%|HC|  |TAMS 0x0000000739400000| PB 0x0000000739400000| Complete |  0
| 421|0x0000000739600000, 0x0000000739800000, 0x0000000739800000|100%|HS|  |TAMS 0x0000000739600000| PB 0x0000000739600000| Complete |  0
| 422|0x0000000739800000, 0x0000000739a00000, 0x0000000739a00000|100%|HC|  |TAMS 0x0000000739800000| PB 0x0000000739800000| Complete |  0
| 423|0x0000000739a00000, 0x0000000739c00000, 0x0000000739c00000|100%|HS|  |TAMS 0x0000000739a00000| PB 0x0000000739a00000| Complete |  0
| 424|0x0000000739c00000, 0x0000000739e00000, 0x0000000739e00000|100%|HC|  |TAMS 0x0000000739c00000| PB 0x0000000739c00000| Complete |  0
| 425|0x0000000739e00000, 0x000000073a000000, 0x000000073a000000|100%|HS|  |TAMS 0x0000000739e00000| PB 0x0000000739e00000| Complete |  0
| 426|0x000000073a000000, 0x000000073a200000, 0x000000073a200000|100%|HC|  |TAMS 0x000000073a000000| PB 0x000000073a000000| Complete |  0
| 427|0x000000073a200000, 0x000000073a400000, 0x000000073a400000|100%|HS|  |TAMS 0x000000073a200000| PB 0x000000073a200000| Complete |  0
| 428|0x000000073a400000, 0x000000073a600000, 0x000000073a600000|100%|HC|  |TAMS 0x000000073a400000| PB 0x000000073a400000| Complete |  0
| 429|0x000000073a600000, 0x000000073a800000, 0x000000073a800000|100%|HS|  |TAMS 0x000000073a600000| PB 0x000000073a600000| Complete |  0
| 430|0x000000073a800000, 0x000000073aa00000, 0x000000073aa00000|100%|HC|  |TAMS 0x000000073a800000| PB 0x000000073a800000| Complete |  0
| 431|0x000000073aa00000, 0x000000073ac00000, 0x000000073ac00000|100%|HS|  |TAMS 0x000000073aa00000| PB 0x000000073aa00000| Complete |  0
| 432|0x000000073ac00000, 0x000000073ae00000, 0x000000073ae00000|100%|HC|  |TAMS 0x000000073ac00000| PB 0x000000073ac00000| Complete |  0
| 433|0x000000073ae00000, 0x000000073b000000, 0x000000073b000000|100%|HS|  |TAMS 0x000000073ae00000| PB 0x000000073ae00000| Complete |  0
| 434|0x000000073b000000, 0x000000073b200000, 0x000000073b200000|100%|HC|  |TAMS 0x000000073b000000| PB 0x000000073b000000| Complete |  0
| 435|0x000000073b200000, 0x000000073b400000, 0x000000073b400000|100%|HS|  |TAMS 0x000000073b200000| PB 0x000000073b200000| Complete |  0
| 436|0x000000073b400000, 0x000000073b600000, 0x000000073b600000|100%|HC|  |TAMS 0x000000073b400000| PB 0x000000073b400000| Complete |  0
| 437|0x000000073b600000, 0x000000073b800000, 0x000000073b800000|100%|HS|  |TAMS 0x000000073b600000| PB 0x000000073b600000| Complete |  0
| 438|0x000000073b800000, 0x000000073ba00000, 0x000000073ba00000|100%|HC|  |TAMS 0x000000073b800000| PB 0x000000073b800000| Complete |  0
| 439|0x000000073ba00000, 0x000000073bc00000, 0x000000073bc00000|100%|HS|  |TAMS 0x000000073ba00000| PB 0x000000073ba00000| Complete |  0
| 440|0x000000073bc00000, 0x000000073be00000, 0x000000073be00000|100%|HC|  |TAMS 0x000000073bc00000| PB 0x000000073bc00000| Complete |  0
| 441|0x000000073be00000, 0x000000073c000000, 0x000000073c000000|100%|HS|  |TAMS 0x000000073be00000| PB 0x000000073be00000| Complete |  0
| 442|0x000000073c000000, 0x000000073c200000, 0x000000073c200000|100%|HC|  |TAMS 0x000000073c000000| PB 0x000000073c000000| Complete |  0
| 443|0x000000073c200000, 0x000000073c400000, 0x000000073c400000|100%|HS|  |TAMS 0x000000073c200000| PB 0x000000073c200000| Complete |  0
| 444|0x000000073c400000, 0x000000073c600000, 0x000000073c600000|100%|HC|  |TAMS 0x000000073c400000| PB 0x000000073c400000| Complete |  0
| 445|0x000000073c600000, 0x000000073c800000, 0x000000073c800000|100%|HS|  |TAMS 0x000000073c600000| PB 0x000000073c600000| Complete |  0
| 446|0x000000073c800000, 0x000000073ca00000, 0x000000073ca00000|100%|HC|  |TAMS 0x000000073c800000| PB 0x000000073c800000| Complete |  0
| 447|0x000000073ca00000, 0x000000073cc00000, 0x000000073cc00000|100%|HS|  |TAMS 0x000000073ca00000| PB 0x000000073ca00000| Complete |  0
| 448|0x000000073cc00000, 0x000000073ce00000, 0x000000073ce00000|100%|HC|  |TAMS 0x000000073cc00000| PB 0x000000073cc00000| Complete |  0
| 449|0x000000073ce00000, 0x000000073d000000, 0x000000073d000000|100%|HS|  |TAMS 0x000000073ce00000| PB 0x000000073ce00000| Complete |  0
| 450|0x000000073d000000, 0x000000073d200000, 0x000000073d200000|100%|HC|  |TAMS 0x000000073d000000| PB 0x000000073d000000| Complete |  0
| 451|0x000000073d200000, 0x000000073d400000, 0x000000073d400000|100%|HS|  |TAMS 0x000000073d200000| PB 0x000000073d200000| Complete |  0
| 452|0x000000073d400000, 0x000000073d600000, 0x000000073d600000|100%|HC|  |TAMS 0x000000073d400000| PB 0x000000073d400000| Complete |  0
| 453|0x000000073d600000, 0x000000073d800000, 0x000000073d800000|100%|HS|  |TAMS 0x000000073d600000| PB 0x000000073d600000| Complete |  0
| 454|0x000000073d800000, 0x000000073da00000, 0x000000073da00000|100%|HC|  |TAMS 0x000000073d800000| PB 0x000000073d800000| Complete |  0
| 455|0x000000073da00000, 0x000000073dc00000, 0x000000073dc00000|100%|HS|  |TAMS 0x000000073da00000| PB 0x000000073da00000| Complete |  0
| 456|0x000000073dc00000, 0x000000073de00000, 0x000000073de00000|100%|HC|  |TAMS 0x000000073dc00000| PB 0x000000073dc00000| Complete |  0
| 457|0x000000073de00000, 0x000000073e000000, 0x000000073e000000|100%|HS|  |TAMS 0x000000073de00000| PB 0x000000073de00000| Complete |  0
| 458|0x000000073e000000, 0x000000073e200000, 0x000000073e200000|100%|HC|  |TAMS 0x000000073e000000| PB 0x000000073e000000| Complete |  0
| 459|0x000000073e200000, 0x000000073e400000, 0x000000073e400000|100%|HS|  |TAMS 0x000000073e200000| PB 0x000000073e200000| Complete |  0
| 460|0x000000073e400000, 0x000000073e600000, 0x000000073e600000|100%|HC|  |TAMS 0x000000073e400000| PB 0x000000073e400000| Complete |  0
| 461|0x000000073e600000, 0x000000073e800000, 0x000000073e800000|100%|HS|  |TAMS 0x000000073e600000| PB 0x000000073e600000| Complete |  0
| 462|0x000000073e800000, 0x000000073ea00000, 0x000000073ea00000|100%|HC|  |TAMS 0x000000073e800000| PB 0x000000073e800000| Complete |  0
| 463|0x000000073ea00000, 0x000000073ec00000, 0x000000073ec00000|100%|HS|  |TAMS 0x000000073ea00000| PB 0x000000073ea00000| Complete |  0
| 464|0x000000073ec00000, 0x000000073ee00000, 0x000000073ee00000|100%|HC|  |TAMS 0x000000073ec00000| PB 0x000000073ec00000| Complete |  0
| 465|0x000000073ee00000, 0x000000073f000000, 0x000000073f000000|100%|HS|  |TAMS 0x000000073ee00000| PB 0x000000073ee00000| Complete |  0
| 466|0x000000073f000000, 0x000000073f200000, 0x000000073f200000|100%|HC|  |TAMS 0x000000073f000000| PB 0x000000073f000000| Complete |  0
| 467|0x000000073f200000, 0x000000073f400000, 0x000000073f400000|100%|HS|  |TAMS 0x000000073f200000| PB 0x000000073f200000| Complete |  0
| 468|0x000000073f400000, 0x000000073f600000, 0x000000073f600000|100%|HC|  |TAMS 0x000000073f400000| PB 0x000000073f400000| Complete |  0
| 469|0x000000073f600000, 0x000000073f800000, 0x000000073f800000|100%|HS|  |TAMS 0x000000073f600000| PB 0x000000073f600000| Complete |  0
| 470|0x000000073f800000, 0x000000073fa00000, 0x000000073fa00000|100%|HC|  |TAMS 0x000000073f800000| PB 0x000000073f800000| Complete |  0
| 471|0x000000073fa00000, 0x000000073fc00000, 0x000000073fc00000|100%|HS|  |TAMS 0x000000073fa00000| PB 0x000000073fa00000| Complete |  0
| 472|0x000000073fc00000, 0x000000073fe00000, 0x000000073fe00000|100%|HC|  |TAMS 0x000000073fc00000| PB 0x000000073fc00000| Complete |  0
| 473|0x000000073fe00000, 0x0000000740000000, 0x0000000740000000|100%|HS|  |TAMS 0x000000073fe00000| PB 0x000000073fe00000| Complete |  0
| 474|0x0000000740000000, 0x0000000740200000, 0x0000000740200000|100%|HC|  |TAMS 0x0000000740000000| PB 0x0000000740000000| Complete |  0
| 475|0x0000000740200000, 0x0000000740400000, 0x0000000740400000|100%|HS|  |TAMS 0x0000000740200000| PB 0x0000000740200000| Complete |  0
| 476|0x0000000740400000, 0x0000000740600000, 0x0000000740600000|100%|HC|  |TAMS 0x0000000740400000| PB 0x0000000740400000| Complete |  0
| 477|0x0000000740600000, 0x0000000740800000, 0x0000000740800000|100%|HS|  |TAMS 0x0000000740600000| PB 0x0000000740600000| Complete |  0
| 478|0x0000000740800000, 0x0000000740a00000, 0x0000000740a00000|100%|HC|  |TAMS 0x0000000740800000| PB 0x0000000740800000| Complete |  0
| 479|0x0000000740a00000, 0x0000000740c00000, 0x0000000740c00000|100%|HS|  |TAMS 0x0000000740a00000| PB 0x0000000740a00000| Complete |  0
| 480|0x0000000740c00000, 0x0000000740e00000, 0x0000000740e00000|100%|HC|  |TAMS 0x0000000740c00000| PB 0x0000000740c00000| Complete |  0
| 481|0x0000000740e00000, 0x0000000741000000, 0x0000000741000000|100%|HS|  |TAMS 0x0000000740e00000| PB 0x0000000740e00000| Complete |  0
| 482|0x0000000741000000, 0x0000000741200000, 0x0000000741200000|100%|HC|  |TAMS 0x0000000741000000| PB 0x0000000741000000| Complete |  0
| 483|0x0000000741200000, 0x0000000741400000, 0x0000000741400000|100%|HS|  |TAMS 0x0000000741200000| PB 0x0000000741200000| Complete |  0
| 484|0x0000000741400000, 0x0000000741600000, 0x0000000741600000|100%|HC|  |TAMS 0x0000000741400000| PB 0x0000000741400000| Complete |  0
| 485|0x0000000741600000, 0x0000000741800000, 0x0000000741800000|100%|HS|  |TAMS 0x0000000741600000| PB 0x0000000741600000| Complete |  0
| 486|0x0000000741800000, 0x0000000741a00000, 0x0000000741a00000|100%|HC|  |TAMS 0x0000000741800000| PB 0x0000000741800000| Complete |  0
| 487|0x0000000741a00000, 0x0000000741c00000, 0x0000000741c00000|100%|HS|  |TAMS 0x0000000741a00000| PB 0x0000000741a00000| Complete |  0
| 488|0x0000000741c00000, 0x0000000741e00000, 0x0000000741e00000|100%|HC|  |TAMS 0x0000000741c00000| PB 0x0000000741c00000| Complete |  0
| 489|0x0000000741e00000, 0x0000000742000000, 0x0000000742000000|100%|HS|  |TAMS 0x0000000741e00000| PB 0x0000000741e00000| Complete |  0
| 490|0x0000000742000000, 0x0000000742200000, 0x0000000742200000|100%|HC|  |TAMS 0x0000000742000000| PB 0x0000000742000000| Complete |  0
| 491|0x0000000742200000, 0x0000000742400000, 0x0000000742400000|100%|HS|  |TAMS 0x0000000742200000| PB 0x0000000742200000| Complete |  0
| 492|0x0000000742400000, 0x0000000742600000, 0x0000000742600000|100%|HC|  |TAMS 0x0000000742400000| PB 0x0000000742400000| Complete |  0
| 493|0x0000000742600000, 0x0000000742800000, 0x0000000742800000|100%|HS|  |TAMS 0x0000000742600000| PB 0x0000000742600000| Complete |  0
| 494|0x0000000742800000, 0x0000000742a00000, 0x0000000742a00000|100%|HC|  |TAMS 0x0000000742800000| PB 0x0000000742800000| Complete |  0
| 495|0x0000000742a00000, 0x0000000742c00000, 0x0000000742c00000|100%|HS|  |TAMS 0x0000000742a00000| PB 0x0000000742a00000| Complete |  0
| 496|0x0000000742c00000, 0x0000000742e00000, 0x0000000742e00000|100%|HC|  |TAMS 0x0000000742c00000| PB 0x0000000742c00000| Complete |  0
| 497|0x0000000742e00000, 0x0000000743000000, 0x0000000743000000|100%|HS|  |TAMS 0x0000000742e00000| PB 0x0000000742e00000| Complete |  0
| 498|0x0000000743000000, 0x0000000743200000, 0x0000000743200000|100%|HC|  |TAMS 0x0000000743000000| PB 0x0000000743000000| Complete |  0
| 499|0x0000000743200000, 0x0000000743400000, 0x0000000743400000|100%|HS|  |TAMS 0x0000000743200000| PB 0x0000000743200000| Complete |  0
| 500|0x0000000743400000, 0x0000000743600000, 0x0000000743600000|100%|HC|  |TAMS 0x0000000743400000| PB 0x0000000743400000| Complete |  0
| 501|0x0000000743600000, 0x0000000743800000, 0x0000000743800000|100%|HS|  |TAMS 0x0000000743600000| PB 0x0000000743600000| Complete |  0
| 502|0x0000000743800000, 0x0000000743a00000, 0x0000000743a00000|100%|HC|  |TAMS 0x0000000743800000| PB 0x0000000743800000| Complete |  0
| 503|0x0000000743a00000, 0x0000000743c00000, 0x0000000743c00000|100%|HS|  |TAMS 0x0000000743a00000| PB 0x0000000743a00000| Complete |  0
| 504|0x0000000743c00000, 0x0000000743e00000, 0x0000000743e00000|100%|HC|  |TAMS 0x0000000743c00000| PB 0x0000000743c00000| Complete |  0
| 505|0x0000000743e00000, 0x0000000744000000, 0x0000000744000000|100%|HS|  |TAMS 0x0000000743e00000| PB 0x0000000743e00000| Complete |  0
| 506|0x0000000744000000, 0x0000000744200000, 0x0000000744200000|100%|HC|  |TAMS 0x0000000744000000| PB 0x0000000744000000| Complete |  0
| 507|0x0000000744200000, 0x0000000744400000, 0x0000000744400000|100%|HS|  |TAMS 0x0000000744200000| PB 0x0000000744200000| Complete |  0
| 508|0x0000000744400000, 0x0000000744600000, 0x0000000744600000|100%|HC|  |TAMS 0x0000000744400000| PB 0x0000000744400000| Complete |  0
| 509|0x0000000744600000, 0x0000000744800000, 0x0000000744800000|100%|HS|  |TAMS 0x0000000744600000| PB 0x0000000744600000| Complete |  0
| 510|0x0000000744800000, 0x0000000744a00000, 0x0000000744a00000|100%|HC|  |TAMS 0x0000000744800000| PB 0x0000000744800000| Complete |  0
| 511|0x0000000744a00000, 0x0000000744c00000, 0x0000000744c00000|100%|HS|  |TAMS 0x0000000744a00000| PB 0x0000000744a00000| Complete |  0
| 512|0x0000000744c00000, 0x0000000744e00000, 0x0000000744e00000|100%|HC|  |TAMS 0x0000000744c00000| PB 0x0000000744c00000| Complete |  0
| 513|0x0000000744e00000, 0x0000000745000000, 0x0000000745000000|100%|HS|  |TAMS 0x0000000744e00000| PB 0x0000000744e00000| Complete |  0
| 514|0x0000000745000000, 0x0000000745200000, 0x0000000745200000|100%|HC|  |TAMS 0x0000000745000000| PB 0x0000000745000000| Complete |  0
| 515|0x0000000745200000, 0x0000000745400000, 0x0000000745400000|100%|HS|  |TAMS 0x0000000745200000| PB 0x0000000745200000| Complete |  0
| 516|0x0000000745400000, 0x0000000745600000, 0x0000000745600000|100%|HC|  |TAMS 0x0000000745400000| PB 0x0000000745400000| Complete |  0
| 517|0x0000000745600000, 0x0000000745800000, 0x0000000745800000|100%|HS|  |TAMS 0x0000000745600000| PB 0x0000000745600000| Complete |  0
| 518|0x0000000745800000, 0x0000000745a00000, 0x0000000745a00000|100%|HC|  |TAMS 0x0000000745800000| PB 0x0000000745800000| Complete |  0
| 519|0x0000000745a00000, 0x0000000745c00000, 0x0000000745c00000|100%|HS|  |TAMS 0x0000000745a00000| PB 0x0000000745a00000| Complete |  0
| 520|0x0000000745c00000, 0x0000000745e00000, 0x0000000745e00000|100%|HC|  |TAMS 0x0000000745c00000| PB 0x0000000745c00000| Complete |  0
| 521|0x0000000745e00000, 0x0000000746000000, 0x0000000746000000|100%|HS|  |TAMS 0x0000000745e00000| PB 0x0000000745e00000| Complete |  0
| 522|0x0000000746000000, 0x0000000746200000, 0x0000000746200000|100%|HC|  |TAMS 0x0000000746000000| PB 0x0000000746000000| Complete |  0
| 523|0x0000000746200000, 0x0000000746400000, 0x0000000746400000|100%|HS|  |TAMS 0x0000000746200000| PB 0x0000000746200000| Complete |  0
| 524|0x0000000746400000, 0x0000000746600000, 0x0000000746600000|100%|HC|  |TAMS 0x0000000746400000| PB 0x0000000746400000| Complete |  0
| 525|0x0000000746600000, 0x0000000746800000, 0x0000000746800000|100%|HS|  |TAMS 0x0000000746600000| PB 0x0000000746600000| Complete |  0
| 526|0x0000000746800000, 0x0000000746a00000, 0x0000000746a00000|100%|HC|  |TAMS 0x0000000746800000| PB 0x0000000746800000| Complete |  0
| 527|0x0000000746a00000, 0x0000000746c00000, 0x0000000746c00000|100%|HS|  |TAMS 0x0000000746a00000| PB 0x0000000746a00000| Complete |  0
| 528|0x0000000746c00000, 0x0000000746e00000, 0x0000000746e00000|100%|HC|  |TAMS 0x0000000746c00000| PB 0x0000000746c00000| Complete |  0
| 529|0x0000000746e00000, 0x0000000747000000, 0x0000000747000000|100%|HS|  |TAMS 0x0000000746e00000| PB 0x0000000746e00000| Complete |  0
| 530|0x0000000747000000, 0x0000000747200000, 0x0000000747200000|100%|HC|  |TAMS 0x0000000747000000| PB 0x0000000747000000| Complete |  0
| 531|0x0000000747200000, 0x0000000747400000, 0x0000000747400000|100%|HS|  |TAMS 0x0000000747200000| PB 0x0000000747200000| Complete |  0
| 532|0x0000000747400000, 0x0000000747600000, 0x0000000747600000|100%|HC|  |TAMS 0x0000000747400000| PB 0x0000000747400000| Complete |  0
| 533|0x0000000747600000, 0x0000000747800000, 0x0000000747800000|100%|HS|  |TAMS 0x0000000747600000| PB 0x0000000747600000| Complete |  0
| 534|0x0000000747800000, 0x0000000747a00000, 0x0000000747a00000|100%|HC|  |TAMS 0x0000000747800000| PB 0x0000000747800000| Complete |  0
| 535|0x0000000747a00000, 0x0000000747c00000, 0x0000000747c00000|100%|HS|  |TAMS 0x0000000747a00000| PB 0x0000000747a00000| Complete |  0
| 536|0x0000000747c00000, 0x0000000747e00000, 0x0000000747e00000|100%|HC|  |TAMS 0x0000000747c00000| PB 0x0000000747c00000| Complete |  0
| 537|0x0000000747e00000, 0x0000000748000000, 0x0000000748000000|100%|HS|  |TAMS 0x0000000747e00000| PB 0x0000000747e00000| Complete |  0
| 538|0x0000000748000000, 0x0000000748200000, 0x0000000748200000|100%|HC|  |TAMS 0x0000000748000000| PB 0x0000000748000000| Complete |  0
| 539|0x0000000748200000, 0x0000000748400000, 0x0000000748400000|100%|HS|  |TAMS 0x0000000748200000| PB 0x0000000748200000| Complete |  0
| 540|0x0000000748400000, 0x0000000748600000, 0x0000000748600000|100%|HC|  |TAMS 0x0000000748400000| PB 0x0000000748400000| Complete |  0
| 541|0x0000000748600000, 0x0000000748800000, 0x0000000748800000|100%|HS|  |TAMS 0x0000000748600000| PB 0x0000000748600000| Complete |  0
| 542|0x0000000748800000, 0x0000000748a00000, 0x0000000748a00000|100%|HC|  |TAMS 0x0000000748800000| PB 0x0000000748800000| Complete |  0
| 543|0x0000000748a00000, 0x0000000748c00000, 0x0000000748c00000|100%|HS|  |TAMS 0x0000000748a00000| PB 0x0000000748a00000| Complete |  0
| 544|0x0000000748c00000, 0x0000000748e00000, 0x0000000748e00000|100%|HC|  |TAMS 0x0000000748c00000| PB 0x0000000748c00000| Complete |  0
| 545|0x0000000748e00000, 0x0000000749000000, 0x0000000749000000|100%|HS|  |TAMS 0x0000000748e00000| PB 0x0000000748e00000| Complete |  0
| 546|0x0000000749000000, 0x0000000749200000, 0x0000000749200000|100%|HC|  |TAMS 0x0000000749000000| PB 0x0000000749000000| Complete |  0
| 547|0x0000000749200000, 0x0000000749400000, 0x0000000749400000|100%|HS|  |TAMS 0x0000000749200000| PB 0x0000000749200000| Complete |  0
| 548|0x0000000749400000, 0x0000000749600000, 0x0000000749600000|100%|HC|  |TAMS 0x0000000749400000| PB 0x0000000749400000| Complete |  0
| 549|0x0000000749600000, 0x0000000749800000, 0x0000000749800000|100%|HS|  |TAMS 0x0000000749600000| PB 0x0000000749600000| Complete |  0
| 550|0x0000000749800000, 0x0000000749a00000, 0x0000000749a00000|100%|HC|  |TAMS 0x0000000749800000| PB 0x0000000749800000| Complete |  0
| 551|0x0000000749a00000, 0x0000000749c00000, 0x0000000749c00000|100%|HS|  |TAMS 0x0000000749a00000| PB 0x0000000749a00000| Complete |  0
| 552|0x0000000749c00000, 0x0000000749e00000, 0x0000000749e00000|100%|HC|  |TAMS 0x0000000749c00000| PB 0x0000000749c00000| Complete |  0
| 553|0x0000000749e00000, 0x000000074a000000, 0x000000074a000000|100%|HS|  |TAMS 0x0000000749e00000| PB 0x0000000749e00000| Complete |  0
| 554|0x000000074a000000, 0x000000074a200000, 0x000000074a200000|100%|HC|  |TAMS 0x000000074a000000| PB 0x000000074a000000| Complete |  0
| 555|0x000000074a200000, 0x000000074a400000, 0x000000074a400000|100%|HS|  |TAMS 0x000000074a200000| PB 0x000000074a200000| Complete |  0
| 556|0x000000074a400000, 0x000000074a600000, 0x000000074a600000|100%|HC|  |TAMS 0x000000074a400000| PB 0x000000074a400000| Complete |  0
| 557|0x000000074a600000, 0x000000074a800000, 0x000000074a800000|100%|HS|  |TAMS 0x000000074a600000| PB 0x000000074a600000| Complete |  0
| 558|0x000000074a800000, 0x000000074aa00000, 0x000000074aa00000|100%|HC|  |TAMS 0x000000074a800000| PB 0x000000074a800000| Complete |  0
| 559|0x000000074aa00000, 0x000000074ac00000, 0x000000074ac00000|100%|HS|  |TAMS 0x000000074aa00000| PB 0x000000074aa00000| Complete |  0
| 560|0x000000074ac00000, 0x000000074ae00000, 0x000000074ae00000|100%|HC|  |TAMS 0x000000074ac00000| PB 0x000000074ac00000| Complete |  0
| 561|0x000000074ae00000, 0x000000074b000000, 0x000000074b000000|100%|HS|  |TAMS 0x000000074ae00000| PB 0x000000074ae00000| Complete |  0
| 562|0x000000074b000000, 0x000000074b200000, 0x000000074b200000|100%|HC|  |TAMS 0x000000074b000000| PB 0x000000074b000000| Complete |  0
| 563|0x000000074b200000, 0x000000074b400000, 0x000000074b400000|100%|HS|  |TAMS 0x000000074b200000| PB 0x000000074b200000| Complete |  0
| 564|0x000000074b400000, 0x000000074b600000, 0x000000074b600000|100%|HC|  |TAMS 0x000000074b400000| PB 0x000000074b400000| Complete |  0
| 565|0x000000074b600000, 0x000000074b800000, 0x000000074b800000|100%|HS|  |TAMS 0x000000074b600000| PB 0x000000074b600000| Complete |  0
| 566|0x000000074b800000, 0x000000074ba00000, 0x000000074ba00000|100%|HC|  |TAMS 0x000000074b800000| PB 0x000000074b800000| Complete |  0
| 567|0x000000074ba00000, 0x000000074bc00000, 0x000000074bc00000|100%|HS|  |TAMS 0x000000074ba00000| PB 0x000000074ba00000| Complete |  0
| 568|0x000000074bc00000, 0x000000074be00000, 0x000000074be00000|100%|HC|  |TAMS 0x000000074bc00000| PB 0x000000074bc00000| Complete |  0
| 569|0x000000074be00000, 0x000000074c000000, 0x000000074c000000|100%|HS|  |TAMS 0x000000074be00000| PB 0x000000074be00000| Complete |  0
| 570|0x000000074c000000, 0x000000074c200000, 0x000000074c200000|100%|HC|  |TAMS 0x000000074c000000| PB 0x000000074c000000| Complete |  0
| 571|0x000000074c200000, 0x000000074c400000, 0x000000074c400000|100%|HS|  |TAMS 0x000000074c200000| PB 0x000000074c200000| Complete |  0
| 572|0x000000074c400000, 0x000000074c600000, 0x000000074c600000|100%|HC|  |TAMS 0x000000074c400000| PB 0x000000074c400000| Complete |  0
| 573|0x000000074c600000, 0x000000074c800000, 0x000000074c800000|100%|HS|  |TAMS 0x000000074c600000| PB 0x000000074c600000| Complete |  0
| 574|0x000000074c800000, 0x000000074ca00000, 0x000000074ca00000|100%|HC|  |TAMS 0x000000074c800000| PB 0x000000074c800000| Complete |  0
| 575|0x000000074ca00000, 0x000000074cc00000, 0x000000074cc00000|100%|HS|  |TAMS 0x000000074ca00000| PB 0x000000074ca00000| Complete |  0
| 576|0x000000074cc00000, 0x000000074ce00000, 0x000000074ce00000|100%|HC|  |TAMS 0x000000074cc00000| PB 0x000000074cc00000| Complete |  0
| 577|0x000000074ce00000, 0x000000074d000000, 0x000000074d000000|100%|HS|  |TAMS 0x000000074ce00000| PB 0x000000074ce00000| Complete |  0
| 578|0x000000074d000000, 0x000000074d200000, 0x000000074d200000|100%|HC|  |TAMS 0x000000074d000000| PB 0x000000074d000000| Complete |  0
| 579|0x000000074d200000, 0x000000074d400000, 0x000000074d400000|100%|HS|  |TAMS 0x000000074d200000| PB 0x000000074d200000| Complete |  0
| 580|0x000000074d400000, 0x000000074d600000, 0x000000074d600000|100%|HC|  |TAMS 0x000000074d400000| PB 0x000000074d400000| Complete |  0
| 581|0x000000074d600000, 0x000000074d800000, 0x000000074d800000|100%|HS|  |TAMS 0x000000074d600000| PB 0x000000074d600000| Complete |  0
| 582|0x000000074d800000, 0x000000074da00000, 0x000000074da00000|100%|HC|  |TAMS 0x000000074d800000| PB 0x000000074d800000| Complete |  0
| 583|0x000000074da00000, 0x000000074dc00000, 0x000000074dc00000|100%|HS|  |TAMS 0x000000074da00000| PB 0x000000074da00000| Complete |  0
| 584|0x000000074dc00000, 0x000000074de00000, 0x000000074de00000|100%|HC|  |TAMS 0x000000074dc00000| PB 0x000000074dc00000| Complete |  0
| 585|0x000000074de00000, 0x000000074e000000, 0x000000074e000000|100%|HS|  |TAMS 0x000000074de00000| PB 0x000000074de00000| Complete |  0
| 586|0x000000074e000000, 0x000000074e200000, 0x000000074e200000|100%|HC|  |TAMS 0x000000074e000000| PB 0x000000074e000000| Complete |  0
| 587|0x000000074e200000, 0x000000074e400000, 0x000000074e400000|100%|HS|  |TAMS 0x000000074e200000| PB 0x000000074e200000| Complete |  0
| 588|0x000000074e400000, 0x000000074e600000, 0x000000074e600000|100%|HC|  |TAMS 0x000000074e400000| PB 0x000000074e400000| Complete |  0
| 589|0x000000074e600000, 0x000000074e800000, 0x000000074e800000|100%|HS|  |TAMS 0x000000074e600000| PB 0x000000074e600000| Complete |  0
| 590|0x000000074e800000, 0x000000074ea00000, 0x000000074ea00000|100%|HC|  |TAMS 0x000000074e800000| PB 0x000000074e800000| Complete |  0
| 591|0x000000074ea00000, 0x000000074ec00000, 0x000000074ec00000|100%|HS|  |TAMS 0x000000074ea00000| PB 0x000000074ea00000| Complete |  0
| 592|0x000000074ec00000, 0x000000074ee00000, 0x000000074ee00000|100%|HC|  |TAMS 0x000000074ec00000| PB 0x000000074ec00000| Complete |  0
| 593|0x000000074ee00000, 0x000000074f000000, 0x000000074f000000|100%|HS|  |TAMS 0x000000074ee00000| PB 0x000000074ee00000| Complete |  0
| 594|0x000000074f000000, 0x000000074f200000, 0x000000074f200000|100%|HC|  |TAMS 0x000000074f000000| PB 0x000000074f000000| Complete |  0
| 595|0x000000074f200000, 0x000000074f400000, 0x000000074f400000|100%|HS|  |TAMS 0x000000074f200000| PB 0x000000074f200000| Complete |  0
| 596|0x000000074f400000, 0x000000074f600000, 0x000000074f600000|100%|HC|  |TAMS 0x000000074f400000| PB 0x000000074f400000| Complete |  0
| 597|0x000000074f600000, 0x000000074f800000, 0x000000074f800000|100%|HS|  |TAMS 0x000000074f600000| PB 0x000000074f600000| Complete |  0
| 598|0x000000074f800000, 0x000000074fa00000, 0x000000074fa00000|100%|HC|  |TAMS 0x000000074f800000| PB 0x000000074f800000| Complete |  0
| 599|0x000000074fa00000, 0x000000074fc00000, 0x000000074fc00000|100%|HS|  |TAMS 0x000000074fa00000| PB 0x000000074fa00000| Complete |  0
| 600|0x000000074fc00000, 0x000000074fe00000, 0x000000074fe00000|100%|HC|  |TAMS 0x000000074fc00000| PB 0x000000074fc00000| Complete |  0
| 601|0x000000074fe00000, 0x0000000750000000, 0x0000000750000000|100%|HS|  |TAMS 0x000000074fe00000| PB 0x000000074fe00000| Complete |  0
| 602|0x0000000750000000, 0x0000000750200000, 0x0000000750200000|100%|HC|  |TAMS 0x0000000750000000| PB 0x0000000750000000| Complete |  0
| 603|0x0000000750200000, 0x0000000750400000, 0x0000000750400000|100%|HS|  |TAMS 0x0000000750200000| PB 0x0000000750200000| Complete |  0
| 604|0x0000000750400000, 0x0000000750600000, 0x0000000750600000|100%|HC|  |TAMS 0x0000000750400000| PB 0x0000000750400000| Complete |  0
| 605|0x0000000750600000, 0x0000000750800000, 0x0000000750800000|100%|HS|  |TAMS 0x0000000750600000| PB 0x0000000750600000| Complete |  0
| 606|0x0000000750800000, 0x0000000750a00000, 0x0000000750a00000|100%|HC|  |TAMS 0x0000000750800000| PB 0x0000000750800000| Complete |  0
| 607|0x0000000750a00000, 0x0000000750c00000, 0x0000000750c00000|100%|HS|  |TAMS 0x0000000750a00000| PB 0x0000000750a00000| Complete |  0
| 608|0x0000000750c00000, 0x0000000750e00000, 0x0000000750e00000|100%|HC|  |TAMS 0x0000000750c00000| PB 0x0000000750c00000| Complete |  0
| 609|0x0000000750e00000, 0x0000000751000000, 0x0000000751000000|100%|HS|  |TAMS 0x0000000750e00000| PB 0x0000000750e00000| Complete |  0
| 610|0x0000000751000000, 0x0000000751200000, 0x0000000751200000|100%|HC|  |TAMS 0x0000000751000000| PB 0x0000000751000000| Complete |  0
| 611|0x0000000751200000, 0x0000000751400000, 0x0000000751400000|100%|HS|  |TAMS 0x0000000751200000| PB 0x0000000751200000| Complete |  0
| 612|0x0000000751400000, 0x0000000751600000, 0x0000000751600000|100%|HC|  |TAMS 0x0000000751400000| PB 0x0000000751400000| Complete |  0
| 613|0x0000000751600000, 0x0000000751800000, 0x0000000751800000|100%|HS|  |TAMS 0x0000000751600000| PB 0x0000000751600000| Complete |  0
| 614|0x0000000751800000, 0x0000000751a00000, 0x0000000751a00000|100%|HC|  |TAMS 0x0000000751800000| PB 0x0000000751800000| Complete |  0
| 615|0x0000000751a00000, 0x0000000751c00000, 0x0000000751c00000|100%|HS|  |TAMS 0x0000000751a00000| PB 0x0000000751a00000| Complete |  0
| 616|0x0000000751c00000, 0x0000000751e00000, 0x0000000751e00000|100%|HC|  |TAMS 0x0000000751c00000| PB 0x0000000751c00000| Complete |  0
| 617|0x0000000751e00000, 0x0000000752000000, 0x0000000752000000|100%|HS|  |TAMS 0x0000000751e00000| PB 0x0000000751e00000| Complete |  0
| 618|0x0000000752000000, 0x0000000752200000, 0x0000000752200000|100%|HC|  |TAMS 0x0000000752000000| PB 0x0000000752000000| Complete |  0
| 619|0x0000000752200000, 0x0000000752400000, 0x0000000752400000|100%|HS|  |TAMS 0x0000000752200000| PB 0x0000000752200000| Complete |  0
| 620|0x0000000752400000, 0x0000000752600000, 0x0000000752600000|100%|HC|  |TAMS 0x0000000752400000| PB 0x0000000752400000| Complete |  0
| 621|0x0000000752600000, 0x0000000752800000, 0x0000000752800000|100%|HS|  |TAMS 0x0000000752600000| PB 0x0000000752600000| Complete |  0
| 622|0x0000000752800000, 0x0000000752a00000, 0x0000000752a00000|100%|HC|  |TAMS 0x0000000752800000| PB 0x0000000752800000| Complete |  0
| 623|0x0000000752a00000, 0x0000000752c00000, 0x0000000752c00000|100%|HS|  |TAMS 0x0000000752a00000| PB 0x0000000752a00000| Complete |  0
| 624|0x0000000752c00000, 0x0000000752e00000, 0x0000000752e00000|100%|HC|  |TAMS 0x0000000752c00000| PB 0x0000000752c00000| Complete |  0
| 625|0x0000000752e00000, 0x0000000753000000, 0x0000000753000000|100%|HS|  |TAMS 0x0000000752e00000| PB 0x0000000752e00000| Complete |  0
| 626|0x0000000753000000, 0x0000000753200000, 0x0000000753200000|100%|HC|  |TAMS 0x0000000753000000| PB 0x0000000753000000| Complete |  0
| 627|0x0000000753200000, 0x0000000753400000, 0x0000000753400000|100%|HS|  |TAMS 0x0000000753200000| PB 0x0000000753200000| Complete |  0
| 628|0x0000000753400000, 0x0000000753600000, 0x0000000753600000|100%|HC|  |TAMS 0x0000000753400000| PB 0x0000000753400000| Complete |  0
| 629|0x0000000753600000, 0x0000000753800000, 0x0000000753800000|100%|HS|  |TAMS 0x0000000753600000| PB 0x0000000753600000| Complete |  0
| 630|0x0000000753800000, 0x0000000753a00000, 0x0000000753a00000|100%|HC|  |TAMS 0x0000000753800000| PB 0x0000000753800000| Complete |  0
| 631|0x0000000753a00000, 0x0000000753c00000, 0x0000000753c00000|100%|HS|  |TAMS 0x0000000753a00000| PB 0x0000000753a00000| Complete |  0
| 632|0x0000000753c00000, 0x0000000753e00000, 0x0000000753e00000|100%|HC|  |TAMS 0x0000000753c00000| PB 0x0000000753c00000| Complete |  0
| 633|0x0000000753e00000, 0x0000000754000000, 0x0000000754000000|100%|HS|  |TAMS 0x0000000753e00000| PB 0x0000000753e00000| Complete |  0
| 634|0x0000000754000000, 0x0000000754200000, 0x0000000754200000|100%|HC|  |TAMS 0x0000000754000000| PB 0x0000000754000000| Complete |  0
| 635|0x0000000754200000, 0x0000000754400000, 0x0000000754400000|100%|HS|  |TAMS 0x0000000754200000| PB 0x0000000754200000| Complete |  0
| 636|0x0000000754400000, 0x0000000754600000, 0x0000000754600000|100%|HC|  |TAMS 0x0000000754400000| PB 0x0000000754400000| Complete |  0
| 637|0x0000000754600000, 0x0000000754800000, 0x0000000754800000|100%|HS|  |TAMS 0x0000000754600000| PB 0x0000000754600000| Complete |  0
| 638|0x0000000754800000, 0x0000000754a00000, 0x0000000754a00000|100%|HC|  |TAMS 0x0000000754800000| PB 0x0000000754800000| Complete |  0
| 639|0x0000000754a00000, 0x0000000754c00000, 0x0000000754c00000|100%|HS|  |TAMS 0x0000000754a00000| PB 0x0000000754a00000| Complete |  0
| 640|0x0000000754c00000, 0x0000000754e00000, 0x0000000754e00000|100%|HC|  |TAMS 0x0000000754c00000| PB 0x0000000754c00000| Complete |  0
| 641|0x0000000754e00000, 0x0000000755000000, 0x0000000755000000|100%|HS|  |TAMS 0x0000000754e00000| PB 0x0000000754e00000| Complete |  0
| 642|0x0000000755000000, 0x0000000755200000, 0x0000000755200000|100%|HC|  |TAMS 0x0000000755000000| PB 0x0000000755000000| Complete |  0
| 643|0x0000000755200000, 0x0000000755400000, 0x0000000755400000|100%|HS|  |TAMS 0x0000000755200000| PB 0x0000000755200000| Complete |  0
| 644|0x0000000755400000, 0x0000000755600000, 0x0000000755600000|100%|HC|  |TAMS 0x0000000755400000| PB 0x0000000755400000| Complete |  0
| 645|0x0000000755600000, 0x0000000755800000, 0x0000000755800000|100%|HS|  |TAMS 0x0000000755600000| PB 0x0000000755600000| Complete |  0
| 646|0x0000000755800000, 0x0000000755a00000, 0x0000000755a00000|100%|HC|  |TAMS 0x0000000755800000| PB 0x0000000755800000| Complete |  0
| 647|0x0000000755a00000, 0x0000000755c00000, 0x0000000755c00000|100%|HS|  |TAMS 0x0000000755a00000| PB 0x0000000755a00000| Complete |  0
| 648|0x0000000755c00000, 0x0000000755e00000, 0x0000000755e00000|100%|HC|  |TAMS 0x0000000755c00000| PB 0x0000000755c00000| Complete |  0
| 649|0x0000000755e00000, 0x0000000756000000, 0x0000000756000000|100%|HS|  |TAMS 0x0000000755e00000| PB 0x0000000755e00000| Complete |  0
| 650|0x0000000756000000, 0x0000000756200000, 0x0000000756200000|100%|HC|  |TAMS 0x0000000756000000| PB 0x0000000756000000| Complete |  0
| 651|0x0000000756200000, 0x0000000756400000, 0x0000000756400000|100%|HS|  |TAMS 0x0000000756200000| PB 0x0000000756200000| Complete |  0
| 652|0x0000000756400000, 0x0000000756600000, 0x0000000756600000|100%|HC|  |TAMS 0x0000000756400000| PB 0x0000000756400000| Complete |  0
| 653|0x0000000756600000, 0x0000000756800000, 0x0000000756800000|100%|HS|  |TAMS 0x0000000756600000| PB 0x0000000756600000| Complete |  0
| 654|0x0000000756800000, 0x0000000756a00000, 0x0000000756a00000|100%|HC|  |TAMS 0x0000000756800000| PB 0x0000000756800000| Complete |  0
| 655|0x0000000756a00000, 0x0000000756c00000, 0x0000000756c00000|100%|HS|  |TAMS 0x0000000756a00000| PB 0x0000000756a00000| Complete |  0
| 656|0x0000000756c00000, 0x0000000756e00000, 0x0000000756e00000|100%|HC|  |TAMS 0x0000000756c00000| PB 0x0000000756c00000| Complete |  0
| 657|0x0000000756e00000, 0x0000000757000000, 0x0000000757000000|100%|HS|  |TAMS 0x0000000756e00000| PB 0x0000000756e00000| Complete |  0
| 658|0x0000000757000000, 0x0000000757200000, 0x0000000757200000|100%|HC|  |TAMS 0x0000000757000000| PB 0x0000000757000000| Complete |  0
| 659|0x0000000757200000, 0x0000000757400000, 0x0000000757400000|100%|HS|  |TAMS 0x0000000757200000| PB 0x0000000757200000| Complete |  0
| 660|0x0000000757400000, 0x0000000757600000, 0x0000000757600000|100%|HC|  |TAMS 0x0000000757400000| PB 0x0000000757400000| Complete |  0
| 661|0x0000000757600000, 0x0000000757800000, 0x0000000757800000|100%|HS|  |TAMS 0x0000000757600000| PB 0x0000000757600000| Complete |  0
| 662|0x0000000757800000, 0x0000000757a00000, 0x0000000757a00000|100%|HC|  |TAMS 0x0000000757800000| PB 0x0000000757800000| Complete |  0
| 663|0x0000000757a00000, 0x0000000757c00000, 0x0000000757c00000|100%|HS|  |TAMS 0x0000000757a00000| PB 0x0000000757a00000| Complete |  0
| 664|0x0000000757c00000, 0x0000000757e00000, 0x0000000757e00000|100%|HC|  |TAMS 0x0000000757c00000| PB 0x0000000757c00000| Complete |  0
| 665|0x0000000757e00000, 0x0000000758000000, 0x0000000758000000|100%|HS|  |TAMS 0x0000000757e00000| PB 0x0000000757e00000| Complete |  0
| 666|0x0000000758000000, 0x0000000758200000, 0x0000000758200000|100%|HC|  |TAMS 0x0000000758000000| PB 0x0000000758000000| Complete |  0
| 667|0x0000000758200000, 0x0000000758400000, 0x0000000758400000|100%|HS|  |TAMS 0x0000000758200000| PB 0x0000000758200000| Complete |  0
| 668|0x0000000758400000, 0x0000000758600000, 0x0000000758600000|100%|HC|  |TAMS 0x0000000758400000| PB 0x0000000758400000| Complete |  0
| 669|0x0000000758600000, 0x0000000758800000, 0x0000000758800000|100%|HS|  |TAMS 0x0000000758600000| PB 0x0000000758600000| Complete |  0
| 670|0x0000000758800000, 0x0000000758a00000, 0x0000000758a00000|100%|HC|  |TAMS 0x0000000758800000| PB 0x0000000758800000| Complete |  0
| 671|0x0000000758a00000, 0x0000000758c00000, 0x0000000758c00000|100%|HS|  |TAMS 0x0000000758a00000| PB 0x0000000758a00000| Complete |  0
| 672|0x0000000758c00000, 0x0000000758e00000, 0x0000000758e00000|100%|HC|  |TAMS 0x0000000758c00000| PB 0x0000000758c00000| Complete |  0
| 673|0x0000000758e00000, 0x0000000759000000, 0x0000000759000000|100%|HS|  |TAMS 0x0000000758e00000| PB 0x0000000758e00000| Complete |  0
| 674|0x0000000759000000, 0x0000000759200000, 0x0000000759200000|100%|HC|  |TAMS 0x0000000759000000| PB 0x0000000759000000| Complete |  0
| 675|0x0000000759200000, 0x0000000759400000, 0x0000000759400000|100%|HS|  |TAMS 0x0000000759200000| PB 0x0000000759200000| Complete |  0
| 676|0x0000000759400000, 0x0000000759600000, 0x0000000759600000|100%|HC|  |TAMS 0x0000000759400000| PB 0x0000000759400000| Complete |  0
| 677|0x0000000759600000, 0x0000000759800000, 0x0000000759800000|100%|HS|  |TAMS 0x0000000759600000| PB 0x0000000759600000| Complete |  0
| 678|0x0000000759800000, 0x0000000759a00000, 0x0000000759a00000|100%|HC|  |TAMS 0x0000000759800000| PB 0x0000000759800000| Complete |  0
| 679|0x0000000759a00000, 0x0000000759c00000, 0x0000000759c00000|100%|HS|  |TAMS 0x0000000759a00000| PB 0x0000000759a00000| Complete |  0
| 680|0x0000000759c00000, 0x0000000759e00000, 0x0000000759e00000|100%|HC|  |TAMS 0x0000000759c00000| PB 0x0000000759c00000| Complete |  0
| 681|0x0000000759e00000, 0x000000075a000000, 0x000000075a000000|100%|HS|  |TAMS 0x0000000759e00000| PB 0x0000000759e00000| Complete |  0
| 682|0x000000075a000000, 0x000000075a200000, 0x000000075a200000|100%|HC|  |TAMS 0x000000075a000000| PB 0x000000075a000000| Complete |  0
| 683|0x000000075a200000, 0x000000075a400000, 0x000000075a400000|100%|HS|  |TAMS 0x000000075a200000| PB 0x000000075a200000| Complete |  0
| 684|0x000000075a400000, 0x000000075a600000, 0x000000075a600000|100%|HC|  |TAMS 0x000000075a400000| PB 0x000000075a400000| Complete |  0
| 685|0x000000075a600000, 0x000000075a800000, 0x000000075a800000|100%|HS|  |TAMS 0x000000075a600000| PB 0x000000075a600000| Complete |  0
| 686|0x000000075a800000, 0x000000075aa00000, 0x000000075aa00000|100%|HC|  |TAMS 0x000000075a800000| PB 0x000000075a800000| Complete |  0
| 687|0x000000075aa00000, 0x000000075ac00000, 0x000000075ac00000|100%|HS|  |TAMS 0x000000075aa00000| PB 0x000000075aa00000| Complete |  0
| 688|0x000000075ac00000, 0x000000075ae00000, 0x000000075ae00000|100%|HC|  |TAMS 0x000000075ac00000| PB 0x000000075ac00000| Complete |  0
| 689|0x000000075ae00000, 0x000000075b000000, 0x000000075b000000|100%|HS|  |TAMS 0x000000075ae00000| PB 0x000000075ae00000| Complete |  0
| 690|0x000000075b000000, 0x000000075b200000, 0x000000075b200000|100%|HC|  |TAMS 0x000000075b000000| PB 0x000000075b000000| Complete |  0
| 691|0x000000075b200000, 0x000000075b400000, 0x000000075b400000|100%|HS|  |TAMS 0x000000075b200000| PB 0x000000075b200000| Complete |  0
| 692|0x000000075b400000, 0x000000075b600000, 0x000000075b600000|100%|HC|  |TAMS 0x000000075b400000| PB 0x000000075b400000| Complete |  0
| 693|0x000000075b600000, 0x000000075b800000, 0x000000075b800000|100%|HS|  |TAMS 0x000000075b600000| PB 0x000000075b600000| Complete |  0
| 694|0x000000075b800000, 0x000000075ba00000, 0x000000075ba00000|100%|HC|  |TAMS 0x000000075b800000| PB 0x000000075b800000| Complete |  0
| 695|0x000000075ba00000, 0x000000075bc00000, 0x000000075bc00000|100%|HS|  |TAMS 0x000000075ba00000| PB 0x000000075ba00000| Complete |  0
| 696|0x000000075bc00000, 0x000000075be00000, 0x000000075be00000|100%|HC|  |TAMS 0x000000075bc00000| PB 0x000000075bc00000| Complete |  0
| 697|0x000000075be00000, 0x000000075c000000, 0x000000075c000000|100%|HS|  |TAMS 0x000000075be00000| PB 0x000000075be00000| Complete |  0
| 698|0x000000075c000000, 0x000000075c200000, 0x000000075c200000|100%|HC|  |TAMS 0x000000075c000000| PB 0x000000075c000000| Complete |  0
| 699|0x000000075c200000, 0x000000075c400000, 0x000000075c400000|100%|HS|  |TAMS 0x000000075c200000| PB 0x000000075c200000| Complete |  0
| 700|0x000000075c400000, 0x000000075c600000, 0x000000075c600000|100%|HC|  |TAMS 0x000000075c400000| PB 0x000000075c400000| Complete |  0
| 701|0x000000075c600000, 0x000000075c800000, 0x000000075c800000|100%|HS|  |TAMS 0x000000075c600000| PB 0x000000075c600000| Complete |  0
| 702|0x000000075c800000, 0x000000075ca00000, 0x000000075ca00000|100%|HC|  |TAMS 0x000000075c800000| PB 0x000000075c800000| Complete |  0
| 703|0x000000075ca00000, 0x000000075cc00000, 0x000000075cc00000|100%|HS|  |TAMS 0x000000075ca00000| PB 0x000000075ca00000| Complete |  0
| 704|0x000000075cc00000, 0x000000075ce00000, 0x000000075ce00000|100%|HC|  |TAMS 0x000000075cc00000| PB 0x000000075cc00000| Complete |  0
| 705|0x000000075ce00000, 0x000000075d000000, 0x000000075d000000|100%|HS|  |TAMS 0x000000075ce00000| PB 0x000000075ce00000| Complete |  0
| 706|0x000000075d000000, 0x000000075d200000, 0x000000075d200000|100%|HC|  |TAMS 0x000000075d000000| PB 0x000000075d000000| Complete |  0
| 707|0x000000075d200000, 0x000000075d400000, 0x000000075d400000|100%|HS|  |TAMS 0x000000075d200000| PB 0x000000075d200000| Complete |  0
| 708|0x000000075d400000, 0x000000075d600000, 0x000000075d600000|100%|HC|  |TAMS 0x000000075d400000| PB 0x000000075d400000| Complete |  0
| 709|0x000000075d600000, 0x000000075d800000, 0x000000075d800000|100%|HS|  |TAMS 0x000000075d600000| PB 0x000000075d600000| Complete |  0
| 710|0x000000075d800000, 0x000000075da00000, 0x000000075da00000|100%|HC|  |TAMS 0x000000075d800000| PB 0x000000075d800000| Complete |  0
| 711|0x000000075da00000, 0x000000075dc00000, 0x000000075dc00000|100%|HS|  |TAMS 0x000000075da00000| PB 0x000000075da00000| Complete |  0
| 712|0x000000075dc00000, 0x000000075de00000, 0x000000075de00000|100%|HC|  |TAMS 0x000000075dc00000| PB 0x000000075dc00000| Complete |  0
| 713|0x000000075de00000, 0x000000075e000000, 0x000000075e000000|100%|HS|  |TAMS 0x000000075de00000| PB 0x000000075de00000| Complete |  0
| 714|0x000000075e000000, 0x000000075e200000, 0x000000075e200000|100%|HC|  |TAMS 0x000000075e000000| PB 0x000000075e000000| Complete |  0
| 715|0x000000075e200000, 0x000000075e400000, 0x000000075e400000|100%|HS|  |TAMS 0x000000075e200000| PB 0x000000075e200000| Complete |  0
| 716|0x000000075e400000, 0x000000075e600000, 0x000000075e600000|100%|HC|  |TAMS 0x000000075e400000| PB 0x000000075e400000| Complete |  0
| 717|0x000000075e600000, 0x000000075e800000, 0x000000075e800000|100%|HS|  |TAMS 0x000000075e600000| PB 0x000000075e600000| Complete |  0
| 718|0x000000075e800000, 0x000000075ea00000, 0x000000075ea00000|100%|HC|  |TAMS 0x000000075e800000| PB 0x000000075e800000| Complete |  0
| 719|0x000000075ea00000, 0x000000075ec00000, 0x000000075ec00000|100%|HS|  |TAMS 0x000000075ea00000| PB 0x000000075ea00000| Complete |  0
| 720|0x000000075ec00000, 0x000000075ee00000, 0x000000075ee00000|100%|HC|  |TAMS 0x000000075ec00000| PB 0x000000075ec00000| Complete |  0
| 721|0x000000075ee00000, 0x000000075f000000, 0x000000075f000000|100%|HS|  |TAMS 0x000000075ee00000| PB 0x000000075ee00000| Complete |  0
| 722|0x000000075f000000, 0x000000075f200000, 0x000000075f200000|100%|HC|  |TAMS 0x000000075f000000| PB 0x000000075f000000| Complete |  0
| 723|0x000000075f200000, 0x000000075f400000, 0x000000075f400000|100%|HS|  |TAMS 0x000000075f200000| PB 0x000000075f200000| Complete |  0
| 724|0x000000075f400000, 0x000000075f600000, 0x000000075f600000|100%|HC|  |TAMS 0x000000075f400000| PB 0x000000075f400000| Complete |  0
| 725|0x000000075f600000, 0x000000075f800000, 0x000000075f800000|100%|HS|  |TAMS 0x000000075f600000| PB 0x000000075f600000| Complete |  0
| 726|0x000000075f800000, 0x000000075fa00000, 0x000000075fa00000|100%|HC|  |TAMS 0x000000075f800000| PB 0x000000075f800000| Complete |  0
| 727|0x000000075fa00000, 0x000000075fc00000, 0x000000075fc00000|100%|HS|  |TAMS 0x000000075fa00000| PB 0x000000075fa00000| Complete |  0
| 728|0x000000075fc00000, 0x000000075fe00000, 0x000000075fe00000|100%|HC|  |TAMS 0x000000075fc00000| PB 0x000000075fc00000| Complete |  0
| 729|0x000000075fe00000, 0x0000000760000000, 0x0000000760000000|100%|HS|  |TAMS 0x000000075fe00000| PB 0x000000075fe00000| Complete |  0
| 730|0x0000000760000000, 0x0000000760200000, 0x0000000760200000|100%|HC|  |TAMS 0x0000000760000000| PB 0x0000000760000000| Complete |  0
| 731|0x0000000760200000, 0x0000000760400000, 0x0000000760400000|100%|HS|  |TAMS 0x0000000760200000| PB 0x0000000760200000| Complete |  0
| 732|0x0000000760400000, 0x0000000760600000, 0x0000000760600000|100%|HC|  |TAMS 0x0000000760400000| PB 0x0000000760400000| Complete |  0
| 733|0x0000000760600000, 0x0000000760800000, 0x0000000760800000|100%|HS|  |TAMS 0x0000000760600000| PB 0x0000000760600000| Complete |  0
| 734|0x0000000760800000, 0x0000000760a00000, 0x0000000760a00000|100%|HC|  |TAMS 0x0000000760800000| PB 0x0000000760800000| Complete |  0
| 735|0x0000000760a00000, 0x0000000760c00000, 0x0000000760c00000|100%|HS|  |TAMS 0x0000000760a00000| PB 0x0000000760a00000| Complete |  0
| 736|0x0000000760c00000, 0x0000000760e00000, 0x0000000760e00000|100%|HC|  |TAMS 0x0000000760c00000| PB 0x0000000760c00000| Complete |  0
| 737|0x0000000760e00000, 0x0000000761000000, 0x0000000761000000|100%|HS|  |TAMS 0x0000000760e00000| PB 0x0000000760e00000| Complete |  0
| 738|0x0000000761000000, 0x0000000761200000, 0x0000000761200000|100%|HC|  |TAMS 0x0000000761000000| PB 0x0000000761000000| Complete |  0
| 739|0x0000000761200000, 0x0000000761400000, 0x0000000761400000|100%|HS|  |TAMS 0x0000000761200000| PB 0x0000000761200000| Complete |  0
| 740|0x0000000761400000, 0x0000000761600000, 0x0000000761600000|100%|HC|  |TAMS 0x0000000761400000| PB 0x0000000761400000| Complete |  0
| 741|0x0000000761600000, 0x0000000761800000, 0x0000000761800000|100%|HS|  |TAMS 0x0000000761600000| PB 0x0000000761600000| Complete |  0
| 742|0x0000000761800000, 0x0000000761a00000, 0x0000000761a00000|100%|HC|  |TAMS 0x0000000761800000| PB 0x0000000761800000| Complete |  0
| 743|0x0000000761a00000, 0x0000000761c00000, 0x0000000761c00000|100%|HS|  |TAMS 0x0000000761a00000| PB 0x0000000761a00000| Complete |  0
| 744|0x0000000761c00000, 0x0000000761e00000, 0x0000000761e00000|100%|HC|  |TAMS 0x0000000761c00000| PB 0x0000000761c00000| Complete |  0
| 745|0x0000000761e00000, 0x0000000762000000, 0x0000000762000000|100%|HS|  |TAMS 0x0000000761e00000| PB 0x0000000761e00000| Complete |  0
| 746|0x0000000762000000, 0x0000000762200000, 0x0000000762200000|100%|HC|  |TAMS 0x0000000762000000| PB 0x0000000762000000| Complete |  0
| 747|0x0000000762200000, 0x0000000762400000, 0x0000000762400000|100%|HS|  |TAMS 0x0000000762200000| PB 0x0000000762200000| Complete |  0
| 748|0x0000000762400000, 0x0000000762600000, 0x0000000762600000|100%|HC|  |TAMS 0x0000000762400000| PB 0x0000000762400000| Complete |  0
| 749|0x0000000762600000, 0x0000000762800000, 0x0000000762800000|100%|HS|  |TAMS 0x0000000762600000| PB 0x0000000762600000| Complete |  0
| 750|0x0000000762800000, 0x0000000762a00000, 0x0000000762a00000|100%|HC|  |TAMS 0x0000000762800000| PB 0x0000000762800000| Complete |  0
| 751|0x0000000762a00000, 0x0000000762c00000, 0x0000000762c00000|100%|HS|  |TAMS 0x0000000762a00000| PB 0x0000000762a00000| Complete |  0
| 752|0x0000000762c00000, 0x0000000762e00000, 0x0000000762e00000|100%|HC|  |TAMS 0x0000000762c00000| PB 0x0000000762c00000| Complete |  0
| 753|0x0000000762e00000, 0x0000000763000000, 0x0000000763000000|100%|HS|  |TAMS 0x0000000762e00000| PB 0x0000000762e00000| Complete |  0
| 754|0x0000000763000000, 0x0000000763200000, 0x0000000763200000|100%|HC|  |TAMS 0x0000000763000000| PB 0x0000000763000000| Complete |  0
| 755|0x0000000763200000, 0x0000000763400000, 0x0000000763400000|100%|HS|  |TAMS 0x0000000763200000| PB 0x0000000763200000| Complete |  0
| 756|0x0000000763400000, 0x0000000763600000, 0x0000000763600000|100%|HC|  |TAMS 0x0000000763400000| PB 0x0000000763400000| Complete |  0
| 757|0x0000000763600000, 0x0000000763800000, 0x0000000763800000|100%|HS|  |TAMS 0x0000000763600000| PB 0x0000000763600000| Complete |  0
| 758|0x0000000763800000, 0x0000000763a00000, 0x0000000763a00000|100%|HC|  |TAMS 0x0000000763800000| PB 0x0000000763800000| Complete |  0
| 759|0x0000000763a00000, 0x0000000763c00000, 0x0000000763c00000|100%|HS|  |TAMS 0x0000000763a00000| PB 0x0000000763a00000| Complete |  0
| 760|0x0000000763c00000, 0x0000000763e00000, 0x0000000763e00000|100%|HC|  |TAMS 0x0000000763c00000| PB 0x0000000763c00000| Complete |  0
| 761|0x0000000763e00000, 0x0000000764000000, 0x0000000764000000|100%|HS|  |TAMS 0x0000000763e00000| PB 0x0000000763e00000| Complete |  0
| 762|0x0000000764000000, 0x0000000764200000, 0x0000000764200000|100%|HC|  |TAMS 0x0000000764000000| PB 0x0000000764000000| Complete |  0
| 763|0x0000000764200000, 0x0000000764400000, 0x0000000764400000|100%|HS|  |TAMS 0x0000000764200000| PB 0x0000000764200000| Complete |  0
| 764|0x0000000764400000, 0x0000000764600000, 0x0000000764600000|100%|HC|  |TAMS 0x0000000764400000| PB 0x0000000764400000| Complete |  0
| 765|0x0000000764600000, 0x0000000764800000, 0x0000000764800000|100%|HS|  |TAMS 0x0000000764600000| PB 0x0000000764600000| Complete |  0
| 766|0x0000000764800000, 0x0000000764a00000, 0x0000000764a00000|100%|HC|  |TAMS 0x0000000764800000| PB 0x0000000764800000| Complete |  0
| 767|0x0000000764a00000, 0x0000000764c00000, 0x0000000764c00000|100%|HS|  |TAMS 0x0000000764a00000| PB 0x0000000764a00000| Complete |  0
| 768|0x0000000764c00000, 0x0000000764e00000, 0x0000000764e00000|100%|HC|  |TAMS 0x0000000764c00000| PB 0x0000000764c00000| Complete |  0
| 769|0x0000000764e00000, 0x0000000765000000, 0x0000000765000000|100%|HS|  |TAMS 0x0000000764e00000| PB 0x0000000764e00000| Complete |  0
| 770|0x0000000765000000, 0x0000000765200000, 0x0000000765200000|100%|HC|  |TAMS 0x0000000765000000| PB 0x0000000765000000| Complete |  0
| 771|0x0000000765200000, 0x0000000765400000, 0x0000000765400000|100%|HS|  |TAMS 0x0000000765200000| PB 0x0000000765200000| Complete |  0
| 772|0x0000000765400000, 0x0000000765600000, 0x0000000765600000|100%|HC|  |TAMS 0x0000000765400000| PB 0x0000000765400000| Complete |  0
| 773|0x0000000765600000, 0x0000000765800000, 0x0000000765800000|100%|HS|  |TAMS 0x0000000765600000| PB 0x0000000765600000| Complete |  0
| 774|0x0000000765800000, 0x0000000765a00000, 0x0000000765a00000|100%|HC|  |TAMS 0x0000000765800000| PB 0x0000000765800000| Complete |  0
| 775|0x0000000765a00000, 0x0000000765c00000, 0x0000000765c00000|100%|HS|  |TAMS 0x0000000765a00000| PB 0x0000000765a00000| Complete |  0
| 776|0x0000000765c00000, 0x0000000765e00000, 0x0000000765e00000|100%|HC|  |TAMS 0x0000000765c00000| PB 0x0000000765c00000| Complete |  0
| 777|0x0000000765e00000, 0x0000000766000000, 0x0000000766000000|100%|HS|  |TAMS 0x0000000765e00000| PB 0x0000000765e00000| Complete |  0
| 778|0x0000000766000000, 0x0000000766200000, 0x0000000766200000|100%|HC|  |TAMS 0x0000000766000000| PB 0x0000000766000000| Complete |  0
| 779|0x0000000766200000, 0x0000000766400000, 0x0000000766400000|100%|HS|  |TAMS 0x0000000766200000| PB 0x0000000766200000| Complete |  0
| 780|0x0000000766400000, 0x0000000766600000, 0x0000000766600000|100%|HC|  |TAMS 0x0000000766400000| PB 0x0000000766400000| Complete |  0
| 781|0x0000000766600000, 0x0000000766800000, 0x0000000766800000|100%|HS|  |TAMS 0x0000000766600000| PB 0x0000000766600000| Complete |  0
| 782|0x0000000766800000, 0x0000000766a00000, 0x0000000766a00000|100%|HC|  |TAMS 0x0000000766800000| PB 0x0000000766800000| Complete |  0
| 783|0x0000000766a00000, 0x0000000766c00000, 0x0000000766c00000|100%|HS|  |TAMS 0x0000000766a00000| PB 0x0000000766a00000| Complete |  0
| 784|0x0000000766c00000, 0x0000000766e00000, 0x0000000766e00000|100%|HC|  |TAMS 0x0000000766c00000| PB 0x0000000766c00000| Complete |  0
| 785|0x0000000766e00000, 0x0000000767000000, 0x0000000767000000|100%|HS|  |TAMS 0x0000000766e00000| PB 0x0000000766e00000| Complete |  0
| 786|0x0000000767000000, 0x0000000767200000, 0x0000000767200000|100%|HC|  |TAMS 0x0000000767000000| PB 0x0000000767000000| Complete |  0
| 787|0x0000000767200000, 0x0000000767400000, 0x0000000767400000|100%|HS|  |TAMS 0x0000000767200000| PB 0x0000000767200000| Complete |  0
| 788|0x0000000767400000, 0x0000000767600000, 0x0000000767600000|100%|HC|  |TAMS 0x0000000767400000| PB 0x0000000767400000| Complete |  0
| 789|0x0000000767600000, 0x0000000767800000, 0x0000000767800000|100%|HS|  |TAMS 0x0000000767600000| PB 0x0000000767600000| Complete |  0
| 790|0x0000000767800000, 0x0000000767a00000, 0x0000000767a00000|100%|HC|  |TAMS 0x0000000767800000| PB 0x0000000767800000| Complete |  0
| 791|0x0000000767a00000, 0x0000000767c00000, 0x0000000767c00000|100%|HS|  |TAMS 0x0000000767a00000| PB 0x0000000767a00000| Complete |  0
| 792|0x0000000767c00000, 0x0000000767e00000, 0x0000000767e00000|100%|HC|  |TAMS 0x0000000767c00000| PB 0x0000000767c00000| Complete |  0
| 793|0x0000000767e00000, 0x0000000768000000, 0x0000000768000000|100%|HS|  |TAMS 0x0000000767e00000| PB 0x0000000767e00000| Complete |  0
| 794|0x0000000768000000, 0x0000000768200000, 0x0000000768200000|100%|HC|  |TAMS 0x0000000768000000| PB 0x0000000768000000| Complete |  0
| 795|0x0000000768200000, 0x0000000768400000, 0x0000000768400000|100%|HS|  |TAMS 0x0000000768200000| PB 0x0000000768200000| Complete |  0
| 796|0x0000000768400000, 0x0000000768600000, 0x0000000768600000|100%|HC|  |TAMS 0x0000000768400000| PB 0x0000000768400000| Complete |  0
| 797|0x0000000768600000, 0x0000000768800000, 0x0000000768800000|100%|HS|  |TAMS 0x0000000768600000| PB 0x0000000768600000| Complete |  0
| 798|0x0000000768800000, 0x0000000768a00000, 0x0000000768a00000|100%|HC|  |TAMS 0x0000000768800000| PB 0x0000000768800000| Complete |  0
| 799|0x0000000768a00000, 0x0000000768c00000, 0x0000000768c00000|100%|HS|  |TAMS 0x0000000768a00000| PB 0x0000000768a00000| Complete |  0
| 800|0x0000000768c00000, 0x0000000768e00000, 0x0000000768e00000|100%|HC|  |TAMS 0x0000000768c00000| PB 0x0000000768c00000| Complete |  0
| 801|0x0000000768e00000, 0x0000000769000000, 0x0000000769000000|100%|HS|  |TAMS 0x0000000768e00000| PB 0x0000000768e00000| Complete |  0
| 802|0x0000000769000000, 0x0000000769200000, 0x0000000769200000|100%|HC|  |TAMS 0x0000000769000000| PB 0x0000000769000000| Complete |  0
| 803|0x0000000769200000, 0x0000000769400000, 0x0000000769400000|100%|HS|  |TAMS 0x0000000769200000| PB 0x0000000769200000| Complete |  0
| 804|0x0000000769400000, 0x0000000769600000, 0x0000000769600000|100%|HC|  |TAMS 0x0000000769400000| PB 0x0000000769400000| Complete |  0
| 805|0x0000000769600000, 0x0000000769800000, 0x0000000769800000|100%|HS|  |TAMS 0x0000000769600000| PB 0x0000000769600000| Complete |  0
| 806|0x0000000769800000, 0x0000000769a00000, 0x0000000769a00000|100%|HC|  |TAMS 0x0000000769800000| PB 0x0000000769800000| Complete |  0
| 807|0x0000000769a00000, 0x0000000769c00000, 0x0000000769c00000|100%|HS|  |TAMS 0x0000000769a00000| PB 0x0000000769a00000| Complete |  0
| 808|0x0000000769c00000, 0x0000000769e00000, 0x0000000769e00000|100%|HC|  |TAMS 0x0000000769c00000| PB 0x0000000769c00000| Complete |  0
| 809|0x0000000769e00000, 0x000000076a000000, 0x000000076a000000|100%|HS|  |TAMS 0x0000000769e00000| PB 0x0000000769e00000| Complete |  0
| 810|0x000000076a000000, 0x000000076a200000, 0x000000076a200000|100%|HC|  |TAMS 0x000000076a000000| PB 0x000000076a000000| Complete |  0
| 811|0x000000076a200000, 0x000000076a400000, 0x000000076a400000|100%|HS|  |TAMS 0x000000076a200000| PB 0x000000076a200000| Complete |  0
| 812|0x000000076a400000, 0x000000076a600000, 0x000000076a600000|100%|HC|  |TAMS 0x000000076a400000| PB 0x000000076a400000| Complete |  0
| 813|0x000000076a600000, 0x000000076a800000, 0x000000076a800000|100%|HS|  |TAMS 0x000000076a600000| PB 0x000000076a600000| Complete |  0
| 814|0x000000076a800000, 0x000000076aa00000, 0x000000076aa00000|100%|HC|  |TAMS 0x000000076a800000| PB 0x000000076a800000| Complete |  0
| 815|0x000000076aa00000, 0x000000076ac00000, 0x000000076ac00000|100%|HS|  |TAMS 0x000000076aa00000| PB 0x000000076aa00000| Complete |  0
| 816|0x000000076ac00000, 0x000000076ae00000, 0x000000076ae00000|100%|HC|  |TAMS 0x000000076ac00000| PB 0x000000076ac00000| Complete |  0
| 817|0x000000076ae00000, 0x000000076b000000, 0x000000076b000000|100%|HS|  |TAMS 0x000000076ae00000| PB 0x000000076ae00000| Complete |  0
| 818|0x000000076b000000, 0x000000076b200000, 0x000000076b200000|100%|HC|  |TAMS 0x000000076b000000| PB 0x000000076b000000| Complete |  0
| 819|0x000000076b200000, 0x000000076b400000, 0x000000076b400000|100%|HS|  |TAMS 0x000000076b200000| PB 0x000000076b200000| Complete |  0
| 820|0x000000076b400000, 0x000000076b600000, 0x000000076b600000|100%|HC|  |TAMS 0x000000076b400000| PB 0x000000076b400000| Complete |  0
| 821|0x000000076b600000, 0x000000076b800000, 0x000000076b800000|100%|HS|  |TAMS 0x000000076b600000| PB 0x000000076b600000| Complete |  0
| 822|0x000000076b800000, 0x000000076ba00000, 0x000000076ba00000|100%|HC|  |TAMS 0x000000076b800000| PB 0x000000076b800000| Complete |  0
| 823|0x000000076ba00000, 0x000000076bc00000, 0x000000076bc00000|100%|HS|  |TAMS 0x000000076ba00000| PB 0x000000076ba00000| Complete |  0
| 824|0x000000076bc00000, 0x000000076be00000, 0x000000076be00000|100%|HC|  |TAMS 0x000000076bc00000| PB 0x000000076bc00000| Complete |  0
| 825|0x000000076be00000, 0x000000076c000000, 0x000000076c000000|100%|HS|  |TAMS 0x000000076be00000| PB 0x000000076be00000| Complete |  0
| 826|0x000000076c000000, 0x000000076c200000, 0x000000076c200000|100%|HC|  |TAMS 0x000000076c000000| PB 0x000000076c000000| Complete |  0
| 827|0x000000076c200000, 0x000000076c400000, 0x000000076c400000|100%|HS|  |TAMS 0x000000076c200000| PB 0x000000076c200000| Complete |  0
| 828|0x000000076c400000, 0x000000076c600000, 0x000000076c600000|100%|HC|  |TAMS 0x000000076c400000| PB 0x000000076c400000| Complete |  0
| 829|0x000000076c600000, 0x000000076c800000, 0x000000076c800000|100%|HS|  |TAMS 0x000000076c600000| PB 0x000000076c600000| Complete |  0
| 830|0x000000076c800000, 0x000000076ca00000, 0x000000076ca00000|100%|HC|  |TAMS 0x000000076c800000| PB 0x000000076c800000| Complete |  0
| 831|0x000000076ca00000, 0x000000076cc00000, 0x000000076cc00000|100%|HS|  |TAMS 0x000000076ca00000| PB 0x000000076ca00000| Complete |  0
| 832|0x000000076cc00000, 0x000000076ce00000, 0x000000076ce00000|100%|HC|  |TAMS 0x000000076cc00000| PB 0x000000076cc00000| Complete |  0
| 833|0x000000076ce00000, 0x000000076d000000, 0x000000076d000000|100%|HS|  |TAMS 0x000000076ce00000| PB 0x000000076ce00000| Complete |  0
| 834|0x000000076d000000, 0x000000076d200000, 0x000000076d200000|100%|HC|  |TAMS 0x000000076d000000| PB 0x000000076d000000| Complete |  0
| 835|0x000000076d200000, 0x000000076d400000, 0x000000076d400000|100%|HS|  |TAMS 0x000000076d200000| PB 0x000000076d200000| Complete |  0
| 836|0x000000076d400000, 0x000000076d600000, 0x000000076d600000|100%|HC|  |TAMS 0x000000076d400000| PB 0x000000076d400000| Complete |  0
| 837|0x000000076d600000, 0x000000076d800000, 0x000000076d800000|100%|HS|  |TAMS 0x000000076d600000| PB 0x000000076d600000| Complete |  0
| 838|0x000000076d800000, 0x000000076da00000, 0x000000076da00000|100%|HC|  |TAMS 0x000000076d800000| PB 0x000000076d800000| Complete |  0
| 839|0x000000076da00000, 0x000000076dc00000, 0x000000076dc00000|100%|HS|  |TAMS 0x000000076da00000| PB 0x000000076da00000| Complete |  0
| 840|0x000000076dc00000, 0x000000076de00000, 0x000000076de00000|100%|HC|  |TAMS 0x000000076dc00000| PB 0x000000076dc00000| Complete |  0
| 841|0x000000076de00000, 0x000000076e000000, 0x000000076e000000|100%|HS|  |TAMS 0x000000076de00000| PB 0x000000076de00000| Complete |  0
| 842|0x000000076e000000, 0x000000076e200000, 0x000000076e200000|100%|HC|  |TAMS 0x000000076e000000| PB 0x000000076e000000| Complete |  0
| 843|0x000000076e200000, 0x000000076e400000, 0x000000076e400000|100%|HS|  |TAMS 0x000000076e200000| PB 0x000000076e200000| Complete |  0
| 844|0x000000076e400000, 0x000000076e600000, 0x000000076e600000|100%|HC|  |TAMS 0x000000076e400000| PB 0x000000076e400000| Complete |  0
| 845|0x000000076e600000, 0x000000076e800000, 0x000000076e800000|100%|HS|  |TAMS 0x000000076e600000| PB 0x000000076e600000| Complete |  0
| 846|0x000000076e800000, 0x000000076ea00000, 0x000000076ea00000|100%|HC|  |TAMS 0x000000076e800000| PB 0x000000076e800000| Complete |  0
| 847|0x000000076ea00000, 0x000000076ec00000, 0x000000076ec00000|100%|HS|  |TAMS 0x000000076ea00000| PB 0x000000076ea00000| Complete |  0
| 848|0x000000076ec00000, 0x000000076ee00000, 0x000000076ee00000|100%|HC|  |TAMS 0x000000076ec00000| PB 0x000000076ec00000| Complete |  0
| 849|0x000000076ee00000, 0x000000076f000000, 0x000000076f000000|100%|HS|  |TAMS 0x000000076ee00000| PB 0x000000076ee00000| Complete |  0
| 850|0x000000076f000000, 0x000000076f200000, 0x000000076f200000|100%|HC|  |TAMS 0x000000076f000000| PB 0x000000076f000000| Complete |  0
| 851|0x000000076f200000, 0x000000076f400000, 0x000000076f400000|100%|HS|  |TAMS 0x000000076f200000| PB 0x000000076f200000| Complete |  0
| 852|0x000000076f400000, 0x000000076f600000, 0x000000076f600000|100%|HC|  |TAMS 0x000000076f400000| PB 0x000000076f400000| Complete |  0
| 853|0x000000076f600000, 0x000000076f800000, 0x000000076f800000|100%|HS|  |TAMS 0x000000076f600000| PB 0x000000076f600000| Complete |  0
| 854|0x000000076f800000, 0x000000076fa00000, 0x000000076fa00000|100%|HC|  |TAMS 0x000000076f800000| PB 0x000000076f800000| Complete |  0
| 855|0x000000076fa00000, 0x000000076fc00000, 0x000000076fc00000|100%|HS|  |TAMS 0x000000076fa00000| PB 0x000000076fa00000| Complete |  0
| 856|0x000000076fc00000, 0x000000076fe00000, 0x000000076fe00000|100%|HC|  |TAMS 0x000000076fc00000| PB 0x000000076fc00000| Complete |  0
| 857|0x000000076fe00000, 0x0000000770000000, 0x0000000770000000|100%|HS|  |TAMS 0x000000076fe00000| PB 0x000000076fe00000| Complete |  0
| 858|0x0000000770000000, 0x0000000770200000, 0x0000000770200000|100%|HC|  |TAMS 0x0000000770000000| PB 0x0000000770000000| Complete |  0
| 859|0x0000000770200000, 0x0000000770400000, 0x0000000770400000|100%|HS|  |TAMS 0x0000000770200000| PB 0x0000000770200000| Complete |  0
| 860|0x0000000770400000, 0x0000000770600000, 0x0000000770600000|100%|HC|  |TAMS 0x0000000770400000| PB 0x0000000770400000| Complete |  0
| 861|0x0000000770600000, 0x0000000770800000, 0x0000000770800000|100%|HS|  |TAMS 0x0000000770600000| PB 0x0000000770600000| Complete |  0
| 862|0x0000000770800000, 0x0000000770a00000, 0x0000000770a00000|100%|HC|  |TAMS 0x0000000770800000| PB 0x0000000770800000| Complete |  0
| 863|0x0000000770a00000, 0x0000000770c00000, 0x0000000770c00000|100%|HS|  |TAMS 0x0000000770a00000| PB 0x0000000770a00000| Complete |  0
| 864|0x0000000770c00000, 0x0000000770e00000, 0x0000000770e00000|100%|HC|  |TAMS 0x0000000770c00000| PB 0x0000000770c00000| Complete |  0
| 865|0x0000000770e00000, 0x0000000771000000, 0x0000000771000000|100%|HS|  |TAMS 0x0000000770e00000| PB 0x0000000770e00000| Complete |  0
| 866|0x0000000771000000, 0x0000000771200000, 0x0000000771200000|100%|HC|  |TAMS 0x0000000771000000| PB 0x0000000771000000| Complete |  0
| 867|0x0000000771200000, 0x0000000771400000, 0x0000000771400000|100%|HS|  |TAMS 0x0000000771200000| PB 0x0000000771200000| Complete |  0
| 868|0x0000000771400000, 0x0000000771600000, 0x0000000771600000|100%|HC|  |TAMS 0x0000000771400000| PB 0x0000000771400000| Complete |  0
| 869|0x0000000771600000, 0x0000000771800000, 0x0000000771800000|100%|HS|  |TAMS 0x0000000771600000| PB 0x0000000771600000| Complete |  0
| 870|0x0000000771800000, 0x0000000771a00000, 0x0000000771a00000|100%|HC|  |TAMS 0x0000000771800000| PB 0x0000000771800000| Complete |  0
| 871|0x0000000771a00000, 0x0000000771c00000, 0x0000000771c00000|100%|HS|  |TAMS 0x0000000771a00000| PB 0x0000000771a00000| Complete |  0
| 872|0x0000000771c00000, 0x0000000771e00000, 0x0000000771e00000|100%|HC|  |TAMS 0x0000000771c00000| PB 0x0000000771c00000| Complete |  0
| 873|0x0000000771e00000, 0x0000000772000000, 0x0000000772000000|100%|HS|  |TAMS 0x0000000771e00000| PB 0x0000000771e00000| Complete |  0
| 874|0x0000000772000000, 0x0000000772200000, 0x0000000772200000|100%|HC|  |TAMS 0x0000000772000000| PB 0x0000000772000000| Complete |  0
| 875|0x0000000772200000, 0x0000000772400000, 0x0000000772400000|100%|HS|  |TAMS 0x0000000772200000| PB 0x0000000772200000| Complete |  0
| 876|0x0000000772400000, 0x0000000772600000, 0x0000000772600000|100%|HC|  |TAMS 0x0000000772400000| PB 0x0000000772400000| Complete |  0
| 877|0x0000000772600000, 0x0000000772800000, 0x0000000772800000|100%|HS|  |TAMS 0x0000000772600000| PB 0x0000000772600000| Complete |  0
| 878|0x0000000772800000, 0x0000000772a00000, 0x0000000772a00000|100%|HC|  |TAMS 0x0000000772800000| PB 0x0000000772800000| Complete |  0
| 879|0x0000000772a00000, 0x0000000772c00000, 0x0000000772c00000|100%|HS|  |TAMS 0x0000000772a00000| PB 0x0000000772a00000| Complete |  0
| 880|0x0000000772c00000, 0x0000000772e00000, 0x0000000772e00000|100%|HC|  |TAMS 0x0000000772c00000| PB 0x0000000772c00000| Complete |  0
| 881|0x0000000772e00000, 0x0000000773000000, 0x0000000773000000|100%|HS|  |TAMS 0x0000000772e00000| PB 0x0000000772e00000| Complete |  0
| 882|0x0000000773000000, 0x0000000773200000, 0x0000000773200000|100%|HC|  |TAMS 0x0000000773000000| PB 0x0000000773000000| Complete |  0
| 883|0x0000000773200000, 0x0000000773400000, 0x0000000773400000|100%|HS|  |TAMS 0x0000000773200000| PB 0x0000000773200000| Complete |  0
| 884|0x0000000773400000, 0x0000000773600000, 0x0000000773600000|100%|HC|  |TAMS 0x0000000773400000| PB 0x0000000773400000| Complete |  0
| 885|0x0000000773600000, 0x0000000773800000, 0x0000000773800000|100%|HS|  |TAMS 0x0000000773600000| PB 0x0000000773600000| Complete |  0
| 886|0x0000000773800000, 0x0000000773a00000, 0x0000000773a00000|100%|HC|  |TAMS 0x0000000773800000| PB 0x0000000773800000| Complete |  0
| 887|0x0000000773a00000, 0x0000000773c00000, 0x0000000773c00000|100%|HS|  |TAMS 0x0000000773a00000| PB 0x0000000773a00000| Complete |  0
| 888|0x0000000773c00000, 0x0000000773e00000, 0x0000000773e00000|100%|HC|  |TAMS 0x0000000773c00000| PB 0x0000000773c00000| Complete |  0
| 889|0x0000000773e00000, 0x0000000774000000, 0x0000000774000000|100%|HS|  |TAMS 0x0000000773e00000| PB 0x0000000773e00000| Complete |  0
| 890|0x0000000774000000, 0x0000000774200000, 0x0000000774200000|100%|HC|  |TAMS 0x0000000774000000| PB 0x0000000774000000| Complete |  0
| 891|0x0000000774200000, 0x0000000774400000, 0x0000000774400000|100%|HS|  |TAMS 0x0000000774200000| PB 0x0000000774200000| Complete |  0
| 892|0x0000000774400000, 0x0000000774600000, 0x0000000774600000|100%|HC|  |TAMS 0x0000000774400000| PB 0x0000000774400000| Complete |  0
| 893|0x0000000774600000, 0x0000000774800000, 0x0000000774800000|100%|HS|  |TAMS 0x0000000774600000| PB 0x0000000774600000| Complete |  0
| 894|0x0000000774800000, 0x0000000774a00000, 0x0000000774a00000|100%|HC|  |TAMS 0x0000000774800000| PB 0x0000000774800000| Complete |  0
| 895|0x0000000774a00000, 0x0000000774c00000, 0x0000000774c00000|100%|HS|  |TAMS 0x0000000774a00000| PB 0x0000000774a00000| Complete |  0
| 896|0x0000000774c00000, 0x0000000774e00000, 0x0000000774e00000|100%|HC|  |TAMS 0x0000000774c00000| PB 0x0000000774c00000| Complete |  0
| 897|0x0000000774e00000, 0x0000000775000000, 0x0000000775000000|100%|HS|  |TAMS 0x0000000774e00000| PB 0x0000000774e00000| Complete |  0
| 898|0x0000000775000000, 0x0000000775200000, 0x0000000775200000|100%|HC|  |TAMS 0x0000000775000000| PB 0x0000000775000000| Complete |  0
| 899|0x0000000775200000, 0x0000000775400000, 0x0000000775400000|100%|HS|  |TAMS 0x0000000775200000| PB 0x0000000775200000| Complete |  0
| 900|0x0000000775400000, 0x0000000775600000, 0x0000000775600000|100%|HC|  |TAMS 0x0000000775400000| PB 0x0000000775400000| Complete |  0
| 901|0x0000000775600000, 0x0000000775800000, 0x0000000775800000|100%|HS|  |TAMS 0x0000000775600000| PB 0x0000000775600000| Complete |  0
| 902|0x0000000775800000, 0x0000000775a00000, 0x0000000775a00000|100%|HC|  |TAMS 0x0000000775800000| PB 0x0000000775800000| Complete |  0
| 903|0x0000000775a00000, 0x0000000775c00000, 0x0000000775c00000|100%|HS|  |TAMS 0x0000000775a00000| PB 0x0000000775a00000| Complete |  0
| 904|0x0000000775c00000, 0x0000000775e00000, 0x0000000775e00000|100%|HC|  |TAMS 0x0000000775c00000| PB 0x0000000775c00000| Complete |  0
| 905|0x0000000775e00000, 0x0000000776000000, 0x0000000776000000|100%|HS|  |TAMS 0x0000000775e00000| PB 0x0000000775e00000| Complete |  0
| 906|0x0000000776000000, 0x0000000776200000, 0x0000000776200000|100%|HC|  |TAMS 0x0000000776000000| PB 0x0000000776000000| Complete |  0
| 907|0x0000000776200000, 0x0000000776400000, 0x0000000776400000|100%|HS|  |TAMS 0x0000000776200000| PB 0x0000000776200000| Complete |  0
| 908|0x0000000776400000, 0x0000000776600000, 0x0000000776600000|100%|HC|  |TAMS 0x0000000776400000| PB 0x0000000776400000| Complete |  0
| 909|0x0000000776600000, 0x0000000776800000, 0x0000000776800000|100%|HS|  |TAMS 0x0000000776600000| PB 0x0000000776600000| Complete |  0
| 910|0x0000000776800000, 0x0000000776a00000, 0x0000000776a00000|100%|HC|  |TAMS 0x0000000776800000| PB 0x0000000776800000| Complete |  0
| 911|0x0000000776a00000, 0x0000000776c00000, 0x0000000776c00000|100%|HS|  |TAMS 0x0000000776a00000| PB 0x0000000776a00000| Complete |  0
| 912|0x0000000776c00000, 0x0000000776e00000, 0x0000000776e00000|100%|HC|  |TAMS 0x0000000776c00000| PB 0x0000000776c00000| Complete |  0
| 913|0x0000000776e00000, 0x0000000777000000, 0x0000000777000000|100%|HS|  |TAMS 0x0000000776e00000| PB 0x0000000776e00000| Complete |  0
| 914|0x0000000777000000, 0x0000000777200000, 0x0000000777200000|100%|HC|  |TAMS 0x0000000777000000| PB 0x0000000777000000| Complete |  0
| 915|0x0000000777200000, 0x0000000777400000, 0x0000000777400000|100%|HS|  |TAMS 0x0000000777200000| PB 0x0000000777200000| Complete |  0
| 916|0x0000000777400000, 0x0000000777600000, 0x0000000777600000|100%|HC|  |TAMS 0x0000000777400000| PB 0x0000000777400000| Complete |  0
| 917|0x0000000777600000, 0x0000000777800000, 0x0000000777800000|100%| E|CS|TAMS 0x0000000777600000| PB 0x0000000777600000| Complete |  0
| 918|0x0000000777800000, 0x0000000777a00000, 0x0000000777a00000|100%| E|CS|TAMS 0x0000000777800000| PB 0x0000000777800000| Complete |  0
| 919|0x0000000777a00000, 0x0000000777c00000, 0x0000000777c00000|100%|HS|  |TAMS 0x0000000777a00000| PB 0x0000000777a00000| Complete |  0
| 920|0x0000000777c00000, 0x0000000777e00000, 0x0000000777e00000|100%|HC|  |TAMS 0x0000000777c00000| PB 0x0000000777c00000| Complete |  0
| 921|0x0000000777e00000, 0x0000000778000000, 0x0000000778000000|100%| S|CS|TAMS 0x0000000777e00000| PB 0x0000000777e00000| Complete |  0
| 922|0x0000000778000000, 0x000000077803aff0, 0x0000000778200000| 11%| S|CS|TAMS 0x0000000778000000| PB 0x0000000778000000| Complete |  0
| 923|0x0000000778200000, 0x0000000778400000, 0x0000000778400000|100%|HS|  |TAMS 0x0000000778200000| PB 0x0000000778200000| Complete |  0
| 924|0x0000000778400000, 0x0000000778600000, 0x0000000778600000|100%|HC|  |TAMS 0x0000000778400000| PB 0x0000000778400000| Complete |  0
| 925|0x0000000778600000, 0x0000000778800000, 0x0000000778800000|100%|HS|  |TAMS 0x0000000778600000| PB 0x0000000778600000| Complete |  0
| 926|0x0000000778800000, 0x0000000778a00000, 0x0000000778a00000|100%|HC|  |TAMS 0x0000000778800000| PB 0x0000000778800000| Complete |  0
| 927|0x0000000778a00000, 0x0000000778c00000, 0x0000000778c00000|100%|HS|  |TAMS 0x0000000778a00000| PB 0x0000000778a00000| Complete |  0
| 928|0x0000000778c00000, 0x0000000778e00000, 0x0000000778e00000|100%|HC|  |TAMS 0x0000000778c00000| PB 0x0000000778c00000| Complete |  0
| 929|0x0000000778e00000, 0x0000000779000000, 0x0000000779000000|100%|HS|  |TAMS 0x0000000778e00000| PB 0x0000000778e00000| Complete |  0
| 930|0x0000000779000000, 0x0000000779200000, 0x0000000779200000|100%|HC|  |TAMS 0x0000000779000000| PB 0x0000000779000000| Complete |  0
| 931|0x0000000779200000, 0x0000000779400000, 0x0000000779400000|100%|HS|  |TAMS 0x0000000779200000| PB 0x0000000779200000| Complete |  0
| 932|0x0000000779400000, 0x0000000779600000, 0x0000000779600000|100%|HC|  |TAMS 0x0000000779400000| PB 0x0000000779400000| Complete |  0
| 933|0x0000000779600000, 0x0000000779800000, 0x0000000779800000|100%|HS|  |TAMS 0x0000000779600000| PB 0x0000000779600000| Complete |  0
| 934|0x0000000779800000, 0x0000000779a00000, 0x0000000779a00000|100%|HC|  |TAMS 0x0000000779800000| PB 0x0000000779800000| Complete |  0
| 935|0x0000000779a00000, 0x0000000779c00000, 0x0000000779c00000|100%|HS|  |TAMS 0x0000000779a00000| PB 0x0000000779a00000| Complete |  0
| 936|0x0000000779c00000, 0x0000000779e00000, 0x0000000779e00000|100%|HC|  |TAMS 0x0000000779c00000| PB 0x0000000779c00000| Complete |  0
| 937|0x0000000779e00000, 0x000000077a000000, 0x000000077a000000|100%|HS|  |TAMS 0x0000000779e00000| PB 0x0000000779e00000| Complete |  0
| 938|0x000000077a000000, 0x000000077a200000, 0x000000077a200000|100%|HC|  |TAMS 0x000000077a000000| PB 0x000000077a000000| Complete |  0
| 939|0x000000077a200000, 0x000000077a400000, 0x000000077a400000|100%|HS|  |TAMS 0x000000077a200000| PB 0x000000077a200000| Complete |  0
| 940|0x000000077a400000, 0x000000077a600000, 0x000000077a600000|100%|HC|  |TAMS 0x000000077a400000| PB 0x000000077a400000| Complete |  0
| 941|0x000000077a600000, 0x000000077a800000, 0x000000077a800000|100%|HS|  |TAMS 0x000000077a600000| PB 0x000000077a600000| Complete |  0
| 942|0x000000077a800000, 0x000000077aa00000, 0x000000077aa00000|100%|HC|  |TAMS 0x000000077a800000| PB 0x000000077a800000| Complete |  0
| 943|0x000000077aa00000, 0x000000077ac00000, 0x000000077ac00000|100%|HS|  |TAMS 0x000000077aa00000| PB 0x000000077aa00000| Complete |  0
| 944|0x000000077ac00000, 0x000000077ae00000, 0x000000077ae00000|100%|HC|  |TAMS 0x000000077ac00000| PB 0x000000077ac00000| Complete |  0
| 945|0x000000077ae00000, 0x000000077b000000, 0x000000077b000000|100%|HS|  |TAMS 0x000000077ae00000| PB 0x000000077ae00000| Complete |  0
| 946|0x000000077b000000, 0x000000077b200000, 0x000000077b200000|100%|HC|  |TAMS 0x000000077b000000| PB 0x000000077b000000| Complete |  0
| 947|0x000000077b200000, 0x000000077b400000, 0x000000077b400000|100%|HS|  |TAMS 0x000000077b200000| PB 0x000000077b200000| Complete |  0
| 948|0x000000077b400000, 0x000000077b600000, 0x000000077b600000|100%|HC|  |TAMS 0x000000077b400000| PB 0x000000077b400000| Complete |  0
| 949|0x000000077b600000, 0x000000077b800000, 0x000000077b800000|100%|HS|  |TAMS 0x000000077b600000| PB 0x000000077b600000| Complete |  0
| 950|0x000000077b800000, 0x000000077ba00000, 0x000000077ba00000|100%|HC|  |TAMS 0x000000077b800000| PB 0x000000077b800000| Complete |  0
| 951|0x000000077ba00000, 0x000000077bc00000, 0x000000077bc00000|100%|HS|  |TAMS 0x000000077ba00000| PB 0x000000077ba00000| Complete |  0
| 952|0x000000077bc00000, 0x000000077be00000, 0x000000077be00000|100%|HC|  |TAMS 0x000000077bc00000| PB 0x000000077bc00000| Complete |  0
| 953|0x000000077be00000, 0x000000077c000000, 0x000000077c000000|100%|HS|  |TAMS 0x000000077be00000| PB 0x000000077be00000| Complete |  0
| 954|0x000000077c000000, 0x000000077c200000, 0x000000077c200000|100%|HC|  |TAMS 0x000000077c000000| PB 0x000000077c000000| Complete |  0
| 955|0x000000077c200000, 0x000000077c400000, 0x000000077c400000|100%|HS|  |TAMS 0x000000077c200000| PB 0x000000077c200000| Complete |  0
| 956|0x000000077c400000, 0x000000077c600000, 0x000000077c600000|100%|HC|  |TAMS 0x000000077c400000| PB 0x000000077c400000| Complete |  0
| 957|0x000000077c600000, 0x000000077c800000, 0x000000077c800000|100%|HS|  |TAMS 0x000000077c600000| PB 0x000000077c600000| Complete |  0
| 958|0x000000077c800000, 0x000000077ca00000, 0x000000077ca00000|100%|HC|  |TAMS 0x000000077c800000| PB 0x000000077c800000| Complete |  0
| 959|0x000000077ca00000, 0x000000077cc00000, 0x000000077cc00000|100%|HS|  |TAMS 0x000000077ca00000| PB 0x000000077ca00000| Complete |  0
| 960|0x000000077cc00000, 0x000000077ce00000, 0x000000077ce00000|100%|HC|  |TAMS 0x000000077cc00000| PB 0x000000077cc00000| Complete |  0
| 961|0x000000077ce00000, 0x000000077d000000, 0x000000077d000000|100%|HS|  |TAMS 0x000000077ce00000| PB 0x000000077ce00000| Complete |  0
| 962|0x000000077d000000, 0x000000077d200000, 0x000000077d200000|100%|HC|  |TAMS 0x000000077d000000| PB 0x000000077d000000| Complete |  0
| 963|0x000000077d200000, 0x000000077d400000, 0x000000077d400000|100%|HS|  |TAMS 0x000000077d200000| PB 0x000000077d200000| Complete |  0
| 964|0x000000077d400000, 0x000000077d600000, 0x000000077d600000|100%|HC|  |TAMS 0x000000077d400000| PB 0x000000077d400000| Complete |  0
| 965|0x000000077d600000, 0x000000077d800000, 0x000000077d800000|100%|HS|  |TAMS 0x000000077d600000| PB 0x000000077d600000| Complete |  0
| 966|0x000000077d800000, 0x000000077da00000, 0x000000077da00000|100%|HC|  |TAMS 0x000000077d800000| PB 0x000000077d800000| Complete |  0
| 967|0x000000077da00000, 0x000000077dc00000, 0x000000077dc00000|100%|HS|  |TAMS 0x000000077da00000| PB 0x000000077da00000| Complete |  0
| 968|0x000000077dc00000, 0x000000077de00000, 0x000000077de00000|100%|HC|  |TAMS 0x000000077dc00000| PB 0x000000077dc00000| Complete |  0
| 969|0x000000077de00000, 0x000000077e000000, 0x000000077e000000|100%|HS|  |TAMS 0x000000077de00000| PB 0x000000077de00000| Complete |  0
| 970|0x000000077e000000, 0x000000077e200000, 0x000000077e200000|100%|HC|  |TAMS 0x000000077e000000| PB 0x000000077e000000| Complete |  0
| 971|0x000000077e200000, 0x000000077e400000, 0x000000077e400000|100%|HS|  |TAMS 0x000000077e200000| PB 0x000000077e200000| Complete |  0
| 972|0x000000077e400000, 0x000000077e600000, 0x000000077e600000|100%|HC|  |TAMS 0x000000077e400000| PB 0x000000077e400000| Complete |  0
| 973|0x000000077e600000, 0x000000077e800000, 0x000000077e800000|100%|HS|  |TAMS 0x000000077e600000| PB 0x000000077e600000| Complete |  0
| 974|0x000000077e800000, 0x000000077ea00000, 0x000000077ea00000|100%|HC|  |TAMS 0x000000077e800000| PB 0x000000077e800000| Complete |  0
| 975|0x000000077ea00000, 0x000000077ec00000, 0x000000077ec00000|100%|HS|  |TAMS 0x000000077ea00000| PB 0x000000077ea00000| Complete |  0
| 976|0x000000077ec00000, 0x000000077ee00000, 0x000000077ee00000|100%|HC|  |TAMS 0x000000077ec00000| PB 0x000000077ec00000| Complete |  0
| 977|0x000000077ee00000, 0x000000077f000000, 0x000000077f000000|100%|HS|  |TAMS 0x000000077ee00000| PB 0x000000077ee00000| Complete |  0
| 978|0x000000077f000000, 0x000000077f200000, 0x000000077f200000|100%|HC|  |TAMS 0x000000077f000000| PB 0x000000077f000000| Complete |  0
| 979|0x000000077f200000, 0x000000077f400000, 0x000000077f400000|100%|HS|  |TAMS 0x000000077f200000| PB 0x000000077f200000| Complete |  0
| 980|0x000000077f400000, 0x000000077f600000, 0x000000077f600000|100%|HC|  |TAMS 0x000000077f400000| PB 0x000000077f400000| Complete |  0
| 981|0x000000077f600000, 0x000000077f800000, 0x000000077f800000|100%|HS|  |TAMS 0x000000077f600000| PB 0x000000077f600000| Complete |  0
| 982|0x000000077f800000, 0x000000077fa00000, 0x000000077fa00000|100%|HC|  |TAMS 0x000000077f800000| PB 0x000000077f800000| Complete |  0
| 983|0x000000077fa00000, 0x000000077fc00000, 0x000000077fc00000|100%|HS|  |TAMS 0x000000077fa00000| PB 0x000000077fa00000| Complete |  0
| 984|0x000000077fc00000, 0x000000077fe00000, 0x000000077fe00000|100%|HC|  |TAMS 0x000000077fc00000| PB 0x000000077fc00000| Complete |  0
| 985|0x000000077fe00000, 0x0000000780000000, 0x0000000780000000|100%|HS|  |TAMS 0x000000077fe00000| PB 0x000000077fe00000| Complete |  0
| 986|0x0000000780000000, 0x0000000780200000, 0x0000000780200000|100%|HC|  |TAMS 0x0000000780000000| PB 0x0000000780000000| Complete |  0
| 987|0x0000000780200000, 0x0000000780400000, 0x0000000780400000|100%|HS|  |TAMS 0x0000000780200000| PB 0x0000000780200000| Complete |  0
| 988|0x0000000780400000, 0x0000000780600000, 0x0000000780600000|100%|HC|  |TAMS 0x0000000780400000| PB 0x0000000780400000| Complete |  0
| 989|0x0000000780600000, 0x0000000780800000, 0x0000000780800000|100%|HS|  |TAMS 0x0000000780600000| PB 0x0000000780600000| Complete |  0
| 990|0x0000000780800000, 0x0000000780a00000, 0x0000000780a00000|100%|HC|  |TAMS 0x0000000780800000| PB 0x0000000780800000| Complete |  0
| 991|0x0000000780a00000, 0x0000000780c00000, 0x0000000780c00000|100%|HS|  |TAMS 0x0000000780a00000| PB 0x0000000780a00000| Complete |  0
| 992|0x0000000780c00000, 0x0000000780e00000, 0x0000000780e00000|100%|HC|  |TAMS 0x0000000780c00000| PB 0x0000000780c00000| Complete |  0
| 993|0x0000000780e00000, 0x0000000781000000, 0x0000000781000000|100%|HS|  |TAMS 0x0000000780e00000| PB 0x0000000780e00000| Complete |  0
| 994|0x0000000781000000, 0x0000000781200000, 0x0000000781200000|100%|HC|  |TAMS 0x0000000781000000| PB 0x0000000781000000| Complete |  0
| 995|0x0000000781200000, 0x0000000781400000, 0x0000000781400000|100%|HS|  |TAMS 0x0000000781200000| PB 0x0000000781200000| Complete |  0
| 996|0x0000000781400000, 0x0000000781600000, 0x0000000781600000|100%|HC|  |TAMS 0x0000000781400000| PB 0x0000000781400000| Complete |  0
| 997|0x0000000781600000, 0x0000000781800000, 0x0000000781800000|100%|HS|  |TAMS 0x0000000781600000| PB 0x0000000781600000| Complete |  0
| 998|0x0000000781800000, 0x0000000781a00000, 0x0000000781a00000|100%|HC|  |TAMS 0x0000000781800000| PB 0x0000000781800000| Complete |  0
| 999|0x0000000781a00000, 0x0000000781c00000, 0x0000000781c00000|100%|HS|  |TAMS 0x0000000781a00000| PB 0x0000000781a00000| Complete |  0
|1000|0x0000000781c00000, 0x0000000781e00000, 0x0000000781e00000|100%|HC|  |TAMS 0x0000000781c00000| PB 0x0000000781c00000| Complete |  0
|1001|0x0000000781e00000, 0x0000000782000000, 0x0000000782000000|100%|HS|  |TAMS 0x0000000781e00000| PB 0x0000000781e00000| Complete |  0
|1002|0x0000000782000000, 0x0000000782200000, 0x0000000782200000|100%|HC|  |TAMS 0x0000000782000000| PB 0x0000000782000000| Complete |  0
|1003|0x0000000782200000, 0x0000000782400000, 0x0000000782400000|100%|HS|  |TAMS 0x0000000782200000| PB 0x0000000782200000| Complete |  0
|1004|0x0000000782400000, 0x0000000782600000, 0x0000000782600000|100%|HC|  |TAMS 0x0000000782400000| PB 0x0000000782400000| Complete |  0
|1005|0x0000000782600000, 0x0000000782800000, 0x0000000782800000|100%|HS|  |TAMS 0x0000000782600000| PB 0x0000000782600000| Complete |  0
|1006|0x0000000782800000, 0x0000000782a00000, 0x0000000782a00000|100%|HC|  |TAMS 0x0000000782800000| PB 0x0000000782800000| Complete |  0
|1007|0x0000000782a00000, 0x0000000782c00000, 0x0000000782c00000|100%|HS|  |TAMS 0x0000000782a00000| PB 0x0000000782a00000| Complete |  0
|1008|0x0000000782c00000, 0x0000000782e00000, 0x0000000782e00000|100%|HC|  |TAMS 0x0000000782c00000| PB 0x0000000782c00000| Complete |  0
|1009|0x0000000782e00000, 0x0000000783000000, 0x0000000783000000|100%|HS|  |TAMS 0x0000000782e00000| PB 0x0000000782e00000| Complete |  0
|1010|0x0000000783000000, 0x0000000783200000, 0x0000000783200000|100%|HC|  |TAMS 0x0000000783000000| PB 0x0000000783000000| Complete |  0
|1011|0x0000000783200000, 0x0000000783400000, 0x0000000783400000|100%|HS|  |TAMS 0x0000000783200000| PB 0x0000000783200000| Complete |  0
|1012|0x0000000783400000, 0x0000000783600000, 0x0000000783600000|100%|HC|  |TAMS 0x0000000783400000| PB 0x0000000783400000| Complete |  0
|1013|0x0000000783600000, 0x0000000783800000, 0x0000000783800000|100%|HS|  |TAMS 0x0000000783600000| PB 0x0000000783600000| Complete |  0
|1014|0x0000000783800000, 0x0000000783a00000, 0x0000000783a00000|100%|HC|  |TAMS 0x0000000783800000| PB 0x0000000783800000| Complete |  0
|1015|0x0000000783a00000, 0x0000000783c00000, 0x0000000783c00000|100%|HS|  |TAMS 0x0000000783a00000| PB 0x0000000783a00000| Complete |  0
|1016|0x0000000783c00000, 0x0000000783e00000, 0x0000000783e00000|100%|HC|  |TAMS 0x0000000783c00000| PB 0x0000000783c00000| Complete |  0
|1017|0x0000000783e00000, 0x0000000784000000, 0x0000000784000000|100%|HS|  |TAMS 0x0000000783e00000| PB 0x0000000783e00000| Complete |  0
|1018|0x0000000784000000, 0x0000000784200000, 0x0000000784200000|100%|HC|  |TAMS 0x0000000784000000| PB 0x0000000784000000| Complete |  0
|1019|0x0000000784200000, 0x0000000784400000, 0x0000000784400000|100%|HS|  |TAMS 0x0000000784200000| PB 0x0000000784200000| Complete |  0
|1020|0x0000000784400000, 0x0000000784600000, 0x0000000784600000|100%|HC|  |TAMS 0x0000000784400000| PB 0x0000000784400000| Complete |  0
|1021|0x0000000784600000, 0x0000000784800000, 0x0000000784800000|100%|HS|  |TAMS 0x0000000784600000| PB 0x0000000784600000| Complete |  0
|1022|0x0000000784800000, 0x0000000784a00000, 0x0000000784a00000|100%|HC|  |TAMS 0x0000000784800000| PB 0x0000000784800000| Complete |  0
|1023|0x0000000784a00000, 0x0000000784c00000, 0x0000000784c00000|100%|HS|  |TAMS 0x0000000784a00000| PB 0x0000000784a00000| Complete |  0
|1024|0x0000000784c00000, 0x0000000784e00000, 0x0000000784e00000|100%|HC|  |TAMS 0x0000000784c00000| PB 0x0000000784c00000| Complete |  0
|1025|0x0000000784e00000, 0x0000000785000000, 0x0000000785000000|100%|HS|  |TAMS 0x0000000784e00000| PB 0x0000000784e00000| Complete |  0
|1026|0x0000000785000000, 0x0000000785200000, 0x0000000785200000|100%|HC|  |TAMS 0x0000000785000000| PB 0x0000000785000000| Complete |  0
|1027|0x0000000785200000, 0x0000000785400000, 0x0000000785400000|100%|HS|  |TAMS 0x0000000785200000| PB 0x0000000785200000| Complete |  0
|1028|0x0000000785400000, 0x0000000785600000, 0x0000000785600000|100%|HC|  |TAMS 0x0000000785400000| PB 0x0000000785400000| Complete |  0
|1029|0x0000000785600000, 0x0000000785800000, 0x0000000785800000|100%|HS|  |TAMS 0x0000000785600000| PB 0x0000000785600000| Complete |  0
|1030|0x0000000785800000, 0x0000000785a00000, 0x0000000785a00000|100%|HC|  |TAMS 0x0000000785800000| PB 0x0000000785800000| Complete |  0
|1031|0x0000000785a00000, 0x0000000785c00000, 0x0000000785c00000|100%|HS|  |TAMS 0x0000000785a00000| PB 0x0000000785a00000| Complete |  0
|1032|0x0000000785c00000, 0x0000000785e00000, 0x0000000785e00000|100%|HC|  |TAMS 0x0000000785c00000| PB 0x0000000785c00000| Complete |  0
|1033|0x0000000785e00000, 0x0000000786000000, 0x0000000786000000|100%|HS|  |TAMS 0x0000000785e00000| PB 0x0000000785e00000| Complete |  0
|1034|0x0000000786000000, 0x0000000786200000, 0x0000000786200000|100%|HC|  |TAMS 0x0000000786000000| PB 0x0000000786000000| Complete |  0
|1035|0x0000000786200000, 0x0000000786400000, 0x0000000786400000|100%|HS|  |TAMS 0x0000000786200000| PB 0x0000000786200000| Complete |  0
|1036|0x0000000786400000, 0x0000000786600000, 0x0000000786600000|100%|HC|  |TAMS 0x0000000786400000| PB 0x0000000786400000| Complete |  0
|1037|0x0000000786600000, 0x0000000786800000, 0x0000000786800000|100%|HS|  |TAMS 0x0000000786600000| PB 0x0000000786600000| Complete |  0
|1038|0x0000000786800000, 0x0000000786a00000, 0x0000000786a00000|100%|HC|  |TAMS 0x0000000786800000| PB 0x0000000786800000| Complete |  0
|1039|0x0000000786a00000, 0x0000000786c00000, 0x0000000786c00000|100%|HS|  |TAMS 0x0000000786a00000| PB 0x0000000786a00000| Complete |  0
|1040|0x0000000786c00000, 0x0000000786e00000, 0x0000000786e00000|100%|HC|  |TAMS 0x0000000786c00000| PB 0x0000000786c00000| Complete |  0
|1041|0x0000000786e00000, 0x0000000787000000, 0x0000000787000000|100%|HS|  |TAMS 0x0000000786e00000| PB 0x0000000786e00000| Complete |  0
|1042|0x0000000787000000, 0x0000000787200000, 0x0000000787200000|100%|HC|  |TAMS 0x0000000787000000| PB 0x0000000787000000| Complete |  0
|1043|0x0000000787200000, 0x0000000787400000, 0x0000000787400000|100%|HS|  |TAMS 0x0000000787200000| PB 0x0000000787200000| Complete |  0
|1044|0x0000000787400000, 0x0000000787600000, 0x0000000787600000|100%|HC|  |TAMS 0x0000000787400000| PB 0x0000000787400000| Complete |  0
|1045|0x0000000787600000, 0x0000000787800000, 0x0000000787800000|100%|HS|  |TAMS 0x0000000787600000| PB 0x0000000787600000| Complete |  0
|1046|0x0000000787800000, 0x0000000787a00000, 0x0000000787a00000|100%|HC|  |TAMS 0x0000000787800000| PB 0x0000000787800000| Complete |  0
|1047|0x0000000787a00000, 0x0000000787c00000, 0x0000000787c00000|100%|HS|  |TAMS 0x0000000787a00000| PB 0x0000000787a00000| Complete |  0
|1048|0x0000000787c00000, 0x0000000787e00000, 0x0000000787e00000|100%|HC|  |TAMS 0x0000000787c00000| PB 0x0000000787c00000| Complete |  0
|1049|0x0000000787e00000, 0x0000000788000000, 0x0000000788000000|100%|HS|  |TAMS 0x0000000787e00000| PB 0x0000000787e00000| Complete |  0
|1050|0x0000000788000000, 0x0000000788200000, 0x0000000788200000|100%|HC|  |TAMS 0x0000000788000000| PB 0x0000000788000000| Complete |  0
|1051|0x0000000788200000, 0x0000000788400000, 0x0000000788400000|100%|HS|  |TAMS 0x0000000788200000| PB 0x0000000788200000| Complete |  0
|1052|0x0000000788400000, 0x0000000788600000, 0x0000000788600000|100%|HC|  |TAMS 0x0000000788400000| PB 0x0000000788400000| Complete |  0
|1053|0x0000000788600000, 0x0000000788800000, 0x0000000788800000|100%|HS|  |TAMS 0x0000000788600000| PB 0x0000000788600000| Complete |  0
|1054|0x0000000788800000, 0x0000000788a00000, 0x0000000788a00000|100%|HC|  |TAMS 0x0000000788800000| PB 0x0000000788800000| Complete |  0
|1055|0x0000000788a00000, 0x0000000788c00000, 0x0000000788c00000|100%|HS|  |TAMS 0x0000000788a00000| PB 0x0000000788a00000| Complete |  0
|1056|0x0000000788c00000, 0x0000000788e00000, 0x0000000788e00000|100%|HC|  |TAMS 0x0000000788c00000| PB 0x0000000788c00000| Complete |  0
|1057|0x0000000788e00000, 0x0000000789000000, 0x0000000789000000|100%|HS|  |TAMS 0x0000000788e00000| PB 0x0000000788e00000| Complete |  0
|1058|0x0000000789000000, 0x0000000789200000, 0x0000000789200000|100%|HC|  |TAMS 0x0000000789000000| PB 0x0000000789000000| Complete |  0
|1059|0x0000000789200000, 0x0000000789400000, 0x0000000789400000|100%|HS|  |TAMS 0x0000000789200000| PB 0x0000000789200000| Complete |  0
|1060|0x0000000789400000, 0x0000000789600000, 0x0000000789600000|100%|HC|  |TAMS 0x0000000789400000| PB 0x0000000789400000| Complete |  0
|1061|0x0000000789600000, 0x0000000789800000, 0x0000000789800000|100%|HS|  |TAMS 0x0000000789600000| PB 0x0000000789600000| Complete |  0
|1062|0x0000000789800000, 0x0000000789a00000, 0x0000000789a00000|100%|HC|  |TAMS 0x0000000789800000| PB 0x0000000789800000| Complete |  0
|1063|0x0000000789a00000, 0x0000000789c00000, 0x0000000789c00000|100%|HS|  |TAMS 0x0000000789a00000| PB 0x0000000789a00000| Complete |  0
|1064|0x0000000789c00000, 0x0000000789e00000, 0x0000000789e00000|100%|HC|  |TAMS 0x0000000789c00000| PB 0x0000000789c00000| Complete |  0
|1065|0x0000000789e00000, 0x000000078a000000, 0x000000078a000000|100%|HS|  |TAMS 0x0000000789e00000| PB 0x0000000789e00000| Complete |  0
|1066|0x000000078a000000, 0x000000078a200000, 0x000000078a200000|100%|HC|  |TAMS 0x000000078a000000| PB 0x000000078a000000| Complete |  0
|1067|0x000000078a200000, 0x000000078a400000, 0x000000078a400000|100%|HS|  |TAMS 0x000000078a200000| PB 0x000000078a200000| Complete |  0
|1068|0x000000078a400000, 0x000000078a600000, 0x000000078a600000|100%|HC|  |TAMS 0x000000078a400000| PB 0x000000078a400000| Complete |  0
|1069|0x000000078a600000, 0x000000078a800000, 0x000000078a800000|100%|HS|  |TAMS 0x000000078a600000| PB 0x000000078a600000| Complete |  0
|1070|0x000000078a800000, 0x000000078aa00000, 0x000000078aa00000|100%|HC|  |TAMS 0x000000078a800000| PB 0x000000078a800000| Complete |  0
|1071|0x000000078aa00000, 0x000000078ac00000, 0x000000078ac00000|100%|HS|  |TAMS 0x000000078aa00000| PB 0x000000078aa00000| Complete |  0
|1072|0x000000078ac00000, 0x000000078ae00000, 0x000000078ae00000|100%|HC|  |TAMS 0x000000078ac00000| PB 0x000000078ac00000| Complete |  0
|1073|0x000000078ae00000, 0x000000078b000000, 0x000000078b000000|100%|HS|  |TAMS 0x000000078ae00000| PB 0x000000078ae00000| Complete |  0
|1074|0x000000078b000000, 0x000000078b200000, 0x000000078b200000|100%|HC|  |TAMS 0x000000078b000000| PB 0x000000078b000000| Complete |  0
|1075|0x000000078b200000, 0x000000078b400000, 0x000000078b400000|100%|HS|  |TAMS 0x000000078b200000| PB 0x000000078b200000| Complete |  0
|1076|0x000000078b400000, 0x000000078b600000, 0x000000078b600000|100%|HC|  |TAMS 0x000000078b400000| PB 0x000000078b400000| Complete |  0
|1077|0x000000078b600000, 0x000000078b800000, 0x000000078b800000|100%|HS|  |TAMS 0x000000078b600000| PB 0x000000078b600000| Complete |  0
|1078|0x000000078b800000, 0x000000078ba00000, 0x000000078ba00000|100%|HC|  |TAMS 0x000000078b800000| PB 0x000000078b800000| Complete |  0
|1079|0x000000078ba00000, 0x000000078bc00000, 0x000000078bc00000|100%|HS|  |TAMS 0x000000078ba00000| PB 0x000000078ba00000| Complete |  0
|1080|0x000000078bc00000, 0x000000078be00000, 0x000000078be00000|100%|HC|  |TAMS 0x000000078bc00000| PB 0x000000078bc00000| Complete |  0
|1081|0x000000078be00000, 0x000000078c000000, 0x000000078c000000|100%|HS|  |TAMS 0x000000078be00000| PB 0x000000078be00000| Complete |  0
|1082|0x000000078c000000, 0x000000078c200000, 0x000000078c200000|100%|HC|  |TAMS 0x000000078c000000| PB 0x000000078c000000| Complete |  0
|1083|0x000000078c200000, 0x000000078c400000, 0x000000078c400000|100%|HS|  |TAMS 0x000000078c200000| PB 0x000000078c200000| Complete |  0
|1084|0x000000078c400000, 0x000000078c600000, 0x000000078c600000|100%|HC|  |TAMS 0x000000078c400000| PB 0x000000078c400000| Complete |  0
|1085|0x000000078c600000, 0x000000078c800000, 0x000000078c800000|100%|HS|  |TAMS 0x000000078c600000| PB 0x000000078c600000| Complete |  0
|1086|0x000000078c800000, 0x000000078ca00000, 0x000000078ca00000|100%|HC|  |TAMS 0x000000078c800000| PB 0x000000078c800000| Complete |  0
|1087|0x000000078ca00000, 0x000000078cc00000, 0x000000078cc00000|100%|HS|  |TAMS 0x000000078ca00000| PB 0x000000078ca00000| Complete |  0
|1088|0x000000078cc00000, 0x000000078ce00000, 0x000000078ce00000|100%|HC|  |TAMS 0x000000078cc00000| PB 0x000000078cc00000| Complete |  0
|1089|0x000000078ce00000, 0x000000078d000000, 0x000000078d000000|100%|HS|  |TAMS 0x000000078ce00000| PB 0x000000078ce00000| Complete |  0
|1090|0x000000078d000000, 0x000000078d200000, 0x000000078d200000|100%|HC|  |TAMS 0x000000078d000000| PB 0x000000078d000000| Complete |  0
|1091|0x000000078d200000, 0x000000078d400000, 0x000000078d400000|100%|HS|  |TAMS 0x000000078d200000| PB 0x000000078d200000| Complete |  0
|1092|0x000000078d400000, 0x000000078d600000, 0x000000078d600000|100%|HC|  |TAMS 0x000000078d400000| PB 0x000000078d400000| Complete |  0
|1093|0x000000078d600000, 0x000000078d800000, 0x000000078d800000|100%|HS|  |TAMS 0x000000078d600000| PB 0x000000078d600000| Complete |  0
|1094|0x000000078d800000, 0x000000078da00000, 0x000000078da00000|100%|HC|  |TAMS 0x000000078d800000| PB 0x000000078d800000| Complete |  0
|1095|0x000000078da00000, 0x000000078dc00000, 0x000000078dc00000|100%|HS|  |TAMS 0x000000078da00000| PB 0x000000078da00000| Complete |  0
|1096|0x000000078dc00000, 0x000000078de00000, 0x000000078de00000|100%|HC|  |TAMS 0x000000078dc00000| PB 0x000000078dc00000| Complete |  0
|1097|0x000000078de00000, 0x000000078e000000, 0x000000078e000000|100%|HS|  |TAMS 0x000000078de00000| PB 0x000000078de00000| Complete |  0
|1098|0x000000078e000000, 0x000000078e200000, 0x000000078e200000|100%|HC|  |TAMS 0x000000078e000000| PB 0x000000078e000000| Complete |  0
|1099|0x000000078e200000, 0x000000078e400000, 0x000000078e400000|100%|HS|  |TAMS 0x000000078e200000| PB 0x000000078e200000| Complete |  0
|1100|0x000000078e400000, 0x000000078e600000, 0x000000078e600000|100%|HC|  |TAMS 0x000000078e400000| PB 0x000000078e400000| Complete |  0
|1101|0x000000078e600000, 0x000000078e800000, 0x000000078e800000|100%|HS|  |TAMS 0x000000078e600000| PB 0x000000078e600000| Complete |  0
|1102|0x000000078e800000, 0x000000078ea00000, 0x000000078ea00000|100%|HC|  |TAMS 0x000000078e800000| PB 0x000000078e800000| Complete |  0
|1103|0x000000078ea00000, 0x000000078ec00000, 0x000000078ec00000|100%|HS|  |TAMS 0x000000078ea00000| PB 0x000000078ea00000| Complete |  0
|1104|0x000000078ec00000, 0x000000078ee00000, 0x000000078ee00000|100%|HC|  |TAMS 0x000000078ec00000| PB 0x000000078ec00000| Complete |  0
|1105|0x000000078ee00000, 0x000000078f000000, 0x000000078f000000|100%|HS|  |TAMS 0x000000078ee00000| PB 0x000000078ee00000| Complete |  0
|1106|0x000000078f000000, 0x000000078f200000, 0x000000078f200000|100%|HC|  |TAMS 0x000000078f000000| PB 0x000000078f000000| Complete |  0
|1107|0x000000078f200000, 0x000000078f400000, 0x000000078f400000|100%|HS|  |TAMS 0x000000078f200000| PB 0x000000078f200000| Complete |  0
|1108|0x000000078f400000, 0x000000078f600000, 0x000000078f600000|100%|HC|  |TAMS 0x000000078f400000| PB 0x000000078f400000| Complete |  0
|1109|0x000000078f600000, 0x000000078f800000, 0x000000078f800000|100%|HS|  |TAMS 0x000000078f600000| PB 0x000000078f600000| Complete |  0
|1110|0x000000078f800000, 0x000000078fa00000, 0x000000078fa00000|100%|HC|  |TAMS 0x000000078f800000| PB 0x000000078f800000| Complete |  0
|1111|0x000000078fa00000, 0x000000078fc00000, 0x000000078fc00000|100%|HS|  |TAMS 0x000000078fa00000| PB 0x000000078fa00000| Complete |  0
|1112|0x000000078fc00000, 0x000000078fe00000, 0x000000078fe00000|100%|HC|  |TAMS 0x000000078fc00000| PB 0x000000078fc00000| Complete |  0
|1113|0x000000078fe00000, 0x0000000790000000, 0x0000000790000000|100%|HS|  |TAMS 0x000000078fe00000| PB 0x000000078fe00000| Complete |  0
|1114|0x0000000790000000, 0x0000000790200000, 0x0000000790200000|100%|HC|  |TAMS 0x0000000790000000| PB 0x0000000790000000| Complete |  0
|1115|0x0000000790200000, 0x0000000790400000, 0x0000000790400000|100%|HS|  |TAMS 0x0000000790200000| PB 0x0000000790200000| Complete |  0
|1116|0x0000000790400000, 0x0000000790600000, 0x0000000790600000|100%|HC|  |TAMS 0x0000000790400000| PB 0x0000000790400000| Complete |  0
|1117|0x0000000790600000, 0x0000000790800000, 0x0000000790800000|100%|HS|  |TAMS 0x0000000790600000| PB 0x0000000790600000| Complete |  0
|1118|0x0000000790800000, 0x0000000790a00000, 0x0000000790a00000|100%|HC|  |TAMS 0x0000000790800000| PB 0x0000000790800000| Complete |  0
|1119|0x0000000790a00000, 0x0000000790c00000, 0x0000000790c00000|100%|HS|  |TAMS 0x0000000790a00000| PB 0x0000000790a00000| Complete |  0
|1120|0x0000000790c00000, 0x0000000790e00000, 0x0000000790e00000|100%|HC|  |TAMS 0x0000000790c00000| PB 0x0000000790c00000| Complete |  0
|1121|0x0000000790e00000, 0x0000000791000000, 0x0000000791000000|100%|HS|  |TAMS 0x0000000790e00000| PB 0x0000000790e00000| Complete |  0
|1122|0x0000000791000000, 0x0000000791200000, 0x0000000791200000|100%|HC|  |TAMS 0x0000000791000000| PB 0x0000000791000000| Complete |  0
|1123|0x0000000791200000, 0x0000000791400000, 0x0000000791400000|100%|HS|  |TAMS 0x0000000791200000| PB 0x0000000791200000| Complete |  0
|1124|0x0000000791400000, 0x0000000791600000, 0x0000000791600000|100%|HC|  |TAMS 0x0000000791400000| PB 0x0000000791400000| Complete |  0
|1125|0x0000000791600000, 0x0000000791800000, 0x0000000791800000|100%|HS|  |TAMS 0x0000000791600000| PB 0x0000000791600000| Complete |  0
|1126|0x0000000791800000, 0x0000000791a00000, 0x0000000791a00000|100%|HC|  |TAMS 0x0000000791800000| PB 0x0000000791800000| Complete |  0
|1127|0x0000000791a00000, 0x0000000791c00000, 0x0000000791c00000|100%|HS|  |TAMS 0x0000000791a00000| PB 0x0000000791a00000| Complete |  0
|1128|0x0000000791c00000, 0x0000000791e00000, 0x0000000791e00000|100%|HC|  |TAMS 0x0000000791c00000| PB 0x0000000791c00000| Complete |  0
|1129|0x0000000791e00000, 0x0000000792000000, 0x0000000792000000|100%|HS|  |TAMS 0x0000000791e00000| PB 0x0000000791e00000| Complete |  0
|1130|0x0000000792000000, 0x0000000792200000, 0x0000000792200000|100%|HC|  |TAMS 0x0000000792000000| PB 0x0000000792000000| Complete |  0
|1131|0x0000000792200000, 0x0000000792400000, 0x0000000792400000|100%|HS|  |TAMS 0x0000000792200000| PB 0x0000000792200000| Complete |  0
|1132|0x0000000792400000, 0x0000000792600000, 0x0000000792600000|100%|HC|  |TAMS 0x0000000792400000| PB 0x0000000792400000| Complete |  0
|1133|0x0000000792600000, 0x0000000792800000, 0x0000000792800000|100%|HS|  |TAMS 0x0000000792600000| PB 0x0000000792600000| Complete |  0
|1134|0x0000000792800000, 0x0000000792a00000, 0x0000000792a00000|100%|HC|  |TAMS 0x0000000792800000| PB 0x0000000792800000| Complete |  0
|1135|0x0000000792a00000, 0x0000000792c00000, 0x0000000792c00000|100%|HS|  |TAMS 0x0000000792a00000| PB 0x0000000792a00000| Complete |  0
|1136|0x0000000792c00000, 0x0000000792e00000, 0x0000000792e00000|100%|HC|  |TAMS 0x0000000792c00000| PB 0x0000000792c00000| Complete |  0
|1137|0x0000000792e00000, 0x0000000793000000, 0x0000000793000000|100%|HS|  |TAMS 0x0000000792e00000| PB 0x0000000792e00000| Complete |  0
|1138|0x0000000793000000, 0x0000000793200000, 0x0000000793200000|100%|HC|  |TAMS 0x0000000793000000| PB 0x0000000793000000| Complete |  0
|1139|0x0000000793200000, 0x0000000793400000, 0x0000000793400000|100%|HS|  |TAMS 0x0000000793200000| PB 0x0000000793200000| Complete |  0
|1140|0x0000000793400000, 0x0000000793600000, 0x0000000793600000|100%|HC|  |TAMS 0x0000000793400000| PB 0x0000000793400000| Complete |  0
|1141|0x0000000793600000, 0x0000000793800000, 0x0000000793800000|100%|HS|  |TAMS 0x0000000793600000| PB 0x0000000793600000| Complete |  0
|1142|0x0000000793800000, 0x0000000793a00000, 0x0000000793a00000|100%|HC|  |TAMS 0x0000000793800000| PB 0x0000000793800000| Complete |  0
|1143|0x0000000793a00000, 0x0000000793c00000, 0x0000000793c00000|100%|HS|  |TAMS 0x0000000793a00000| PB 0x0000000793a00000| Complete |  0
|1144|0x0000000793c00000, 0x0000000793e00000, 0x0000000793e00000|100%|HC|  |TAMS 0x0000000793c00000| PB 0x0000000793c00000| Complete |  0
|1145|0x0000000793e00000, 0x0000000794000000, 0x0000000794000000|100%|HS|  |TAMS 0x0000000793e00000| PB 0x0000000793e00000| Complete |  0
|1146|0x0000000794000000, 0x0000000794200000, 0x0000000794200000|100%|HC|  |TAMS 0x0000000794000000| PB 0x0000000794000000| Complete |  0
|1147|0x0000000794200000, 0x0000000794400000, 0x0000000794400000|100%|HS|  |TAMS 0x0000000794200000| PB 0x0000000794200000| Complete |  0
|1148|0x0000000794400000, 0x0000000794600000, 0x0000000794600000|100%|HC|  |TAMS 0x0000000794400000| PB 0x0000000794400000| Complete |  0
|1149|0x0000000794600000, 0x0000000794800000, 0x0000000794800000|100%|HS|  |TAMS 0x0000000794600000| PB 0x0000000794600000| Complete |  0
|1150|0x0000000794800000, 0x0000000794a00000, 0x0000000794a00000|100%|HC|  |TAMS 0x0000000794800000| PB 0x0000000794800000| Complete |  0
|1151|0x0000000794a00000, 0x0000000794c00000, 0x0000000794c00000|100%|HS|  |TAMS 0x0000000794a00000| PB 0x0000000794a00000| Complete |  0
|1152|0x0000000794c00000, 0x0000000794e00000, 0x0000000794e00000|100%|HC|  |TAMS 0x0000000794c00000| PB 0x0000000794c00000| Complete |  0
|1153|0x0000000794e00000, 0x0000000795000000, 0x0000000795000000|100%|HS|  |TAMS 0x0000000794e00000| PB 0x0000000794e00000| Complete |  0
|1154|0x0000000795000000, 0x0000000795200000, 0x0000000795200000|100%|HC|  |TAMS 0x0000000795000000| PB 0x0000000795000000| Complete |  0
|1155|0x0000000795200000, 0x0000000795400000, 0x0000000795400000|100%|HS|  |TAMS 0x0000000795200000| PB 0x0000000795200000| Complete |  0
|1156|0x0000000795400000, 0x0000000795600000, 0x0000000795600000|100%|HC|  |TAMS 0x0000000795400000| PB 0x0000000795400000| Complete |  0
|1157|0x0000000795600000, 0x0000000795800000, 0x0000000795800000|100%|HS|  |TAMS 0x0000000795600000| PB 0x0000000795600000| Complete |  0
|1158|0x0000000795800000, 0x0000000795a00000, 0x0000000795a00000|100%|HC|  |TAMS 0x0000000795800000| PB 0x0000000795800000| Complete |  0
|1159|0x0000000795a00000, 0x0000000795c00000, 0x0000000795c00000|100%|HS|  |TAMS 0x0000000795a00000| PB 0x0000000795a00000| Complete |  0
|1160|0x0000000795c00000, 0x0000000795e00000, 0x0000000795e00000|100%|HC|  |TAMS 0x0000000795c00000| PB 0x0000000795c00000| Complete |  0
|1161|0x0000000795e00000, 0x0000000796000000, 0x0000000796000000|100%|HS|  |TAMS 0x0000000795e00000| PB 0x0000000795e00000| Complete |  0
|1162|0x0000000796000000, 0x0000000796200000, 0x0000000796200000|100%|HC|  |TAMS 0x0000000796000000| PB 0x0000000796000000| Complete |  0
|1163|0x0000000796200000, 0x0000000796400000, 0x0000000796400000|100%|HS|  |TAMS 0x0000000796200000| PB 0x0000000796200000| Complete |  0
|1164|0x0000000796400000, 0x0000000796600000, 0x0000000796600000|100%|HC|  |TAMS 0x0000000796400000| PB 0x0000000796400000| Complete |  0
|1165|0x0000000796600000, 0x0000000796800000, 0x0000000796800000|100%|HS|  |TAMS 0x0000000796600000| PB 0x0000000796600000| Complete |  0
|1166|0x0000000796800000, 0x0000000796a00000, 0x0000000796a00000|100%|HC|  |TAMS 0x0000000796800000| PB 0x0000000796800000| Complete |  0
|1167|0x0000000796a00000, 0x0000000796c00000, 0x0000000796c00000|100%|HS|  |TAMS 0x0000000796a00000| PB 0x0000000796a00000| Complete |  0
|1168|0x0000000796c00000, 0x0000000796e00000, 0x0000000796e00000|100%|HC|  |TAMS 0x0000000796c00000| PB 0x0000000796c00000| Complete |  0
|1169|0x0000000796e00000, 0x0000000797000000, 0x0000000797000000|100%|HS|  |TAMS 0x0000000796e00000| PB 0x0000000796e00000| Complete |  0
|1170|0x0000000797000000, 0x0000000797200000, 0x0000000797200000|100%|HC|  |TAMS 0x0000000797000000| PB 0x0000000797000000| Complete |  0
|1171|0x0000000797200000, 0x0000000797400000, 0x0000000797400000|100%|HS|  |TAMS 0x0000000797200000| PB 0x0000000797200000| Complete |  0
|1172|0x0000000797400000, 0x0000000797600000, 0x0000000797600000|100%|HC|  |TAMS 0x0000000797400000| PB 0x0000000797400000| Complete |  0
|1173|0x0000000797600000, 0x0000000797800000, 0x0000000797800000|100%|HS|  |TAMS 0x0000000797600000| PB 0x0000000797600000| Complete |  0
|1174|0x0000000797800000, 0x0000000797a00000, 0x0000000797a00000|100%|HC|  |TAMS 0x0000000797800000| PB 0x0000000797800000| Complete |  0
|1175|0x0000000797a00000, 0x0000000797c00000, 0x0000000797c00000|100%|HS|  |TAMS 0x0000000797a00000| PB 0x0000000797a00000| Complete |  0
|1176|0x0000000797c00000, 0x0000000797e00000, 0x0000000797e00000|100%|HC|  |TAMS 0x0000000797c00000| PB 0x0000000797c00000| Complete |  0
|1177|0x0000000797e00000, 0x0000000798000000, 0x0000000798000000|100%|HS|  |TAMS 0x0000000797e00000| PB 0x0000000797e00000| Complete |  0
|1178|0x0000000798000000, 0x0000000798200000, 0x0000000798200000|100%|HC|  |TAMS 0x0000000798000000| PB 0x0000000798000000| Complete |  0
|1179|0x0000000798200000, 0x0000000798400000, 0x0000000798400000|100%|HS|  |TAMS 0x0000000798200000| PB 0x0000000798200000| Complete |  0
|1180|0x0000000798400000, 0x0000000798600000, 0x0000000798600000|100%|HC|  |TAMS 0x0000000798400000| PB 0x0000000798400000| Complete |  0
|1181|0x0000000798600000, 0x0000000798800000, 0x0000000798800000|100%|HS|  |TAMS 0x0000000798600000| PB 0x0000000798600000| Complete |  0
|1182|0x0000000798800000, 0x0000000798a00000, 0x0000000798a00000|100%|HC|  |TAMS 0x0000000798800000| PB 0x0000000798800000| Complete |  0
|1183|0x0000000798a00000, 0x0000000798c00000, 0x0000000798c00000|100%|HS|  |TAMS 0x0000000798a00000| PB 0x0000000798a00000| Complete |  0
|1184|0x0000000798c00000, 0x0000000798e00000, 0x0000000798e00000|100%|HC|  |TAMS 0x0000000798c00000| PB 0x0000000798c00000| Complete |  0
|1185|0x0000000798e00000, 0x0000000799000000, 0x0000000799000000|100%|HS|  |TAMS 0x0000000798e00000| PB 0x0000000798e00000| Complete |  0
|1186|0x0000000799000000, 0x0000000799200000, 0x0000000799200000|100%|HC|  |TAMS 0x0000000799000000| PB 0x0000000799000000| Complete |  0
|1187|0x0000000799200000, 0x0000000799400000, 0x0000000799400000|100%|HS|  |TAMS 0x0000000799200000| PB 0x0000000799200000| Complete |  0
|1188|0x0000000799400000, 0x0000000799600000, 0x0000000799600000|100%|HC|  |TAMS 0x0000000799400000| PB 0x0000000799400000| Complete |  0
|1189|0x0000000799600000, 0x0000000799800000, 0x0000000799800000|100%|HS|  |TAMS 0x0000000799600000| PB 0x0000000799600000| Complete |  0
|1190|0x0000000799800000, 0x0000000799a00000, 0x0000000799a00000|100%|HC|  |TAMS 0x0000000799800000| PB 0x0000000799800000| Complete |  0
|1191|0x0000000799a00000, 0x0000000799c00000, 0x0000000799c00000|100%|HS|  |TAMS 0x0000000799a00000| PB 0x0000000799a00000| Complete |  0
|1192|0x0000000799c00000, 0x0000000799e00000, 0x0000000799e00000|100%|HC|  |TAMS 0x0000000799c00000| PB 0x0000000799c00000| Complete |  0
|1193|0x0000000799e00000, 0x000000079a000000, 0x000000079a000000|100%|HS|  |TAMS 0x0000000799e00000| PB 0x0000000799e00000| Complete |  0
|1194|0x000000079a000000, 0x000000079a200000, 0x000000079a200000|100%|HC|  |TAMS 0x000000079a000000| PB 0x000000079a000000| Complete |  0
|1195|0x000000079a200000, 0x000000079a400000, 0x000000079a400000|100%|HS|  |TAMS 0x000000079a200000| PB 0x000000079a200000| Complete |  0
|1196|0x000000079a400000, 0x000000079a600000, 0x000000079a600000|100%|HC|  |TAMS 0x000000079a400000| PB 0x000000079a400000| Complete |  0
|1197|0x000000079a600000, 0x000000079a800000, 0x000000079a800000|100%|HS|  |TAMS 0x000000079a600000| PB 0x000000079a600000| Complete |  0
|1198|0x000000079a800000, 0x000000079aa00000, 0x000000079aa00000|100%|HC|  |TAMS 0x000000079a800000| PB 0x000000079a800000| Complete |  0
|1199|0x000000079aa00000, 0x000000079ac00000, 0x000000079ac00000|100%|HS|  |TAMS 0x000000079aa00000| PB 0x000000079aa00000| Complete |  0
|1200|0x000000079ac00000, 0x000000079ae00000, 0x000000079ae00000|100%|HC|  |TAMS 0x000000079ac00000| PB 0x000000079ac00000| Complete |  0
|1201|0x000000079ae00000, 0x000000079b000000, 0x000000079b000000|100%|HS|  |TAMS 0x000000079ae00000| PB 0x000000079ae00000| Complete |  0
|1202|0x000000079b000000, 0x000000079b200000, 0x000000079b200000|100%|HC|  |TAMS 0x000000079b000000| PB 0x000000079b000000| Complete |  0
|1203|0x000000079b200000, 0x000000079b400000, 0x000000079b400000|100%|HS|  |TAMS 0x000000079b200000| PB 0x000000079b200000| Complete |  0
|1204|0x000000079b400000, 0x000000079b600000, 0x000000079b600000|100%|HC|  |TAMS 0x000000079b400000| PB 0x000000079b400000| Complete |  0
|1205|0x000000079b600000, 0x000000079b800000, 0x000000079b800000|100%|HS|  |TAMS 0x000000079b600000| PB 0x000000079b600000| Complete |  0
|1206|0x000000079b800000, 0x000000079ba00000, 0x000000079ba00000|100%|HC|  |TAMS 0x000000079b800000| PB 0x000000079b800000| Complete |  0
|1207|0x000000079ba00000, 0x000000079bc00000, 0x000000079bc00000|100%|HS|  |TAMS 0x000000079ba00000| PB 0x000000079ba00000| Complete |  0
|1208|0x000000079bc00000, 0x000000079be00000, 0x000000079be00000|100%|HC|  |TAMS 0x000000079bc00000| PB 0x000000079bc00000| Complete |  0
|1209|0x000000079be00000, 0x000000079c000000, 0x000000079c000000|100%|HS|  |TAMS 0x000000079be00000| PB 0x000000079be00000| Complete |  0
|1210|0x000000079c000000, 0x000000079c200000, 0x000000079c200000|100%|HC|  |TAMS 0x000000079c000000| PB 0x000000079c000000| Complete |  0
|1211|0x000000079c200000, 0x000000079c400000, 0x000000079c400000|100%|HS|  |TAMS 0x000000079c200000| PB 0x000000079c200000| Complete |  0
|1212|0x000000079c400000, 0x000000079c600000, 0x000000079c600000|100%|HC|  |TAMS 0x000000079c400000| PB 0x000000079c400000| Complete |  0
|1213|0x000000079c600000, 0x000000079c800000, 0x000000079c800000|100%|HS|  |TAMS 0x000000079c600000| PB 0x000000079c600000| Complete |  0
|1214|0x000000079c800000, 0x000000079ca00000, 0x000000079ca00000|100%|HC|  |TAMS 0x000000079c800000| PB 0x000000079c800000| Complete |  0
|1215|0x000000079ca00000, 0x000000079cc00000, 0x000000079cc00000|100%|HS|  |TAMS 0x000000079ca00000| PB 0x000000079ca00000| Complete |  0
|1216|0x000000079cc00000, 0x000000079ce00000, 0x000000079ce00000|100%|HC|  |TAMS 0x000000079cc00000| PB 0x000000079cc00000| Complete |  0
|1217|0x000000079ce00000, 0x000000079d000000, 0x000000079d000000|100%|HS|  |TAMS 0x000000079ce00000| PB 0x000000079ce00000| Complete |  0
|1218|0x000000079d000000, 0x000000079d200000, 0x000000079d200000|100%|HC|  |TAMS 0x000000079d000000| PB 0x000000079d000000| Complete |  0
|1219|0x000000079d200000, 0x000000079d400000, 0x000000079d400000|100%|HS|  |TAMS 0x000000079d200000| PB 0x000000079d200000| Complete |  0
|1220|0x000000079d400000, 0x000000079d600000, 0x000000079d600000|100%|HC|  |TAMS 0x000000079d400000| PB 0x000000079d400000| Complete |  0
|1221|0x000000079d600000, 0x000000079d800000, 0x000000079d800000|100%|HS|  |TAMS 0x000000079d600000| PB 0x000000079d600000| Complete |  0
|1222|0x000000079d800000, 0x000000079da00000, 0x000000079da00000|100%|HC|  |TAMS 0x000000079d800000| PB 0x000000079d800000| Complete |  0
|1223|0x000000079da00000, 0x000000079dc00000, 0x000000079dc00000|100%|HS|  |TAMS 0x000000079da00000| PB 0x000000079da00000| Complete |  0
|1224|0x000000079dc00000, 0x000000079de00000, 0x000000079de00000|100%|HC|  |TAMS 0x000000079dc00000| PB 0x000000079dc00000| Complete |  0
|1225|0x000000079de00000, 0x000000079e000000, 0x000000079e000000|100%|HS|  |TAMS 0x000000079de00000| PB 0x000000079de00000| Complete |  0
|1226|0x000000079e000000, 0x000000079e200000, 0x000000079e200000|100%|HC|  |TAMS 0x000000079e000000| PB 0x000000079e000000| Complete |  0
|1227|0x000000079e200000, 0x000000079e400000, 0x000000079e400000|100%|HS|  |TAMS 0x000000079e200000| PB 0x000000079e200000| Complete |  0
|1228|0x000000079e400000, 0x000000079e600000, 0x000000079e600000|100%|HC|  |TAMS 0x000000079e400000| PB 0x000000079e400000| Complete |  0
|1229|0x000000079e600000, 0x000000079e800000, 0x000000079e800000|100%|HS|  |TAMS 0x000000079e600000| PB 0x000000079e600000| Complete |  0
|1230|0x000000079e800000, 0x000000079ea00000, 0x000000079ea00000|100%|HC|  |TAMS 0x000000079e800000| PB 0x000000079e800000| Complete |  0
|1231|0x000000079ea00000, 0x000000079ec00000, 0x000000079ec00000|100%|HS|  |TAMS 0x000000079ea00000| PB 0x000000079ea00000| Complete |  0
|1232|0x000000079ec00000, 0x000000079ee00000, 0x000000079ee00000|100%|HC|  |TAMS 0x000000079ec00000| PB 0x000000079ec00000| Complete |  0
|1233|0x000000079ee00000, 0x000000079f000000, 0x000000079f000000|100%|HS|  |TAMS 0x000000079ee00000| PB 0x000000079ee00000| Complete |  0
|1234|0x000000079f000000, 0x000000079f200000, 0x000000079f200000|100%|HC|  |TAMS 0x000000079f000000| PB 0x000000079f000000| Complete |  0
|1235|0x000000079f200000, 0x000000079f400000, 0x000000079f400000|100%|HS|  |TAMS 0x000000079f200000| PB 0x000000079f200000| Complete |  0
|1236|0x000000079f400000, 0x000000079f600000, 0x000000079f600000|100%|HC|  |TAMS 0x000000079f400000| PB 0x000000079f400000| Complete |  0
|1237|0x000000079f600000, 0x000000079f800000, 0x000000079f800000|100%|HS|  |TAMS 0x000000079f600000| PB 0x000000079f600000| Complete |  0
|1238|0x000000079f800000, 0x000000079fa00000, 0x000000079fa00000|100%|HC|  |TAMS 0x000000079f800000| PB 0x000000079f800000| Complete |  0
|1239|0x000000079fa00000, 0x000000079fc00000, 0x000000079fc00000|100%|HS|  |TAMS 0x000000079fa00000| PB 0x000000079fa00000| Complete |  0
|1240|0x000000079fc00000, 0x000000079fe00000, 0x000000079fe00000|100%|HC|  |TAMS 0x000000079fc00000| PB 0x000000079fc00000| Complete |  0
|1241|0x000000079fe00000, 0x00000007a0000000, 0x00000007a0000000|100%|HS|  |TAMS 0x000000079fe00000| PB 0x000000079fe00000| Complete |  0
|1242|0x00000007a0000000, 0x00000007a0200000, 0x00000007a0200000|100%|HC|  |TAMS 0x00000007a0000000| PB 0x00000007a0000000| Complete |  0
|1243|0x00000007a0200000, 0x00000007a0400000, 0x00000007a0400000|100%|HS|  |TAMS 0x00000007a0200000| PB 0x00000007a0200000| Complete |  0
|1244|0x00000007a0400000, 0x00000007a0600000, 0x00000007a0600000|100%|HC|  |TAMS 0x00000007a0400000| PB 0x00000007a0400000| Complete |  0
|1245|0x00000007a0600000, 0x00000007a0800000, 0x00000007a0800000|100%|HS|  |TAMS 0x00000007a0600000| PB 0x00000007a0600000| Complete |  0
|1246|0x00000007a0800000, 0x00000007a0a00000, 0x00000007a0a00000|100%|HC|  |TAMS 0x00000007a0800000| PB 0x00000007a0800000| Complete |  0
|1247|0x00000007a0a00000, 0x00000007a0c00000, 0x00000007a0c00000|100%|HS|  |TAMS 0x00000007a0a00000| PB 0x00000007a0a00000| Complete |  0
|1248|0x00000007a0c00000, 0x00000007a0e00000, 0x00000007a0e00000|100%|HC|  |TAMS 0x00000007a0c00000| PB 0x00000007a0c00000| Complete |  0
|1249|0x00000007a0e00000, 0x00000007a1000000, 0x00000007a1000000|100%|HS|  |TAMS 0x00000007a0e00000| PB 0x00000007a0e00000| Complete |  0
|1250|0x00000007a1000000, 0x00000007a1200000, 0x00000007a1200000|100%|HC|  |TAMS 0x00000007a1000000| PB 0x00000007a1000000| Complete |  0
|1251|0x00000007a1200000, 0x00000007a1400000, 0x00000007a1400000|100%|HS|  |TAMS 0x00000007a1200000| PB 0x00000007a1200000| Complete |  0
|1252|0x00000007a1400000, 0x00000007a1600000, 0x00000007a1600000|100%|HC|  |TAMS 0x00000007a1400000| PB 0x00000007a1400000| Complete |  0
|1253|0x00000007a1600000, 0x00000007a1800000, 0x00000007a1800000|100%|HS|  |TAMS 0x00000007a1600000| PB 0x00000007a1600000| Complete |  0
|1254|0x00000007a1800000, 0x00000007a1a00000, 0x00000007a1a00000|100%|HC|  |TAMS 0x00000007a1800000| PB 0x00000007a1800000| Complete |  0
|1255|0x00000007a1a00000, 0x00000007a1c00000, 0x00000007a1c00000|100%|HS|  |TAMS 0x00000007a1a00000| PB 0x00000007a1a00000| Complete |  0
|1256|0x00000007a1c00000, 0x00000007a1e00000, 0x00000007a1e00000|100%|HC|  |TAMS 0x00000007a1c00000| PB 0x00000007a1c00000| Complete |  0
|1257|0x00000007a1e00000, 0x00000007a2000000, 0x00000007a2000000|100%|HS|  |TAMS 0x00000007a1e00000| PB 0x00000007a1e00000| Complete |  0
|1258|0x00000007a2000000, 0x00000007a2200000, 0x00000007a2200000|100%|HC|  |TAMS 0x00000007a2000000| PB 0x00000007a2000000| Complete |  0
|1259|0x00000007a2200000, 0x00000007a2400000, 0x00000007a2400000|100%|HS|  |TAMS 0x00000007a2200000| PB 0x00000007a2200000| Complete |  0
|1260|0x00000007a2400000, 0x00000007a2600000, 0x00000007a2600000|100%|HC|  |TAMS 0x00000007a2400000| PB 0x00000007a2400000| Complete |  0
|1261|0x00000007a2600000, 0x00000007a2800000, 0x00000007a2800000|100%|HS|  |TAMS 0x00000007a2600000| PB 0x00000007a2600000| Complete |  0
|1262|0x00000007a2800000, 0x00000007a2a00000, 0x00000007a2a00000|100%|HC|  |TAMS 0x00000007a2800000| PB 0x00000007a2800000| Complete |  0
|1263|0x00000007a2a00000, 0x00000007a2c00000, 0x00000007a2c00000|100%|HS|  |TAMS 0x00000007a2a00000| PB 0x00000007a2a00000| Complete |  0
|1264|0x00000007a2c00000, 0x00000007a2e00000, 0x00000007a2e00000|100%|HC|  |TAMS 0x00000007a2c00000| PB 0x00000007a2c00000| Complete |  0
|1265|0x00000007a2e00000, 0x00000007a3000000, 0x00000007a3000000|100%|HS|  |TAMS 0x00000007a2e00000| PB 0x00000007a2e00000| Complete |  0
|1266|0x00000007a3000000, 0x00000007a3200000, 0x00000007a3200000|100%|HC|  |TAMS 0x00000007a3000000| PB 0x00000007a3000000| Complete |  0
|1267|0x00000007a3200000, 0x00000007a3400000, 0x00000007a3400000|100%|HS|  |TAMS 0x00000007a3200000| PB 0x00000007a3200000| Complete |  0
|1268|0x00000007a3400000, 0x00000007a3600000, 0x00000007a3600000|100%|HC|  |TAMS 0x00000007a3400000| PB 0x00000007a3400000| Complete |  0
|1269|0x00000007a3600000, 0x00000007a3800000, 0x00000007a3800000|100%|HS|  |TAMS 0x00000007a3600000| PB 0x00000007a3600000| Complete |  0
|1270|0x00000007a3800000, 0x00000007a3a00000, 0x00000007a3a00000|100%|HC|  |TAMS 0x00000007a3800000| PB 0x00000007a3800000| Complete |  0
|1271|0x00000007a3a00000, 0x00000007a3c00000, 0x00000007a3c00000|100%|HS|  |TAMS 0x00000007a3a00000| PB 0x00000007a3a00000| Complete |  0
|1272|0x00000007a3c00000, 0x00000007a3e00000, 0x00000007a3e00000|100%|HC|  |TAMS 0x00000007a3c00000| PB 0x00000007a3c00000| Complete |  0
|1273|0x00000007a3e00000, 0x00000007a4000000, 0x00000007a4000000|100%|HS|  |TAMS 0x00000007a3e00000| PB 0x00000007a3e00000| Complete |  0
|1274|0x00000007a4000000, 0x00000007a4200000, 0x00000007a4200000|100%|HC|  |TAMS 0x00000007a4000000| PB 0x00000007a4000000| Complete |  0
|1275|0x00000007a4200000, 0x00000007a4400000, 0x00000007a4400000|100%|HS|  |TAMS 0x00000007a4200000| PB 0x00000007a4200000| Complete |  0
|1276|0x00000007a4400000, 0x00000007a4600000, 0x00000007a4600000|100%|HC|  |TAMS 0x00000007a4400000| PB 0x00000007a4400000| Complete |  0
|1277|0x00000007a4600000, 0x00000007a4800000, 0x00000007a4800000|100%|HS|  |TAMS 0x00000007a4600000| PB 0x00000007a4600000| Complete |  0
|1278|0x00000007a4800000, 0x00000007a4a00000, 0x00000007a4a00000|100%|HC|  |TAMS 0x00000007a4800000| PB 0x00000007a4800000| Complete |  0
|1279|0x00000007a4a00000, 0x00000007a4c00000, 0x00000007a4c00000|100%|HS|  |TAMS 0x00000007a4a00000| PB 0x00000007a4a00000| Complete |  0
|1280|0x00000007a4c00000, 0x00000007a4e00000, 0x00000007a4e00000|100%|HC|  |TAMS 0x00000007a4c00000| PB 0x00000007a4c00000| Complete |  0
|1281|0x00000007a4e00000, 0x00000007a5000000, 0x00000007a5000000|100%|HS|  |TAMS 0x00000007a4e00000| PB 0x00000007a4e00000| Complete |  0
|1282|0x00000007a5000000, 0x00000007a5200000, 0x00000007a5200000|100%|HC|  |TAMS 0x00000007a5000000| PB 0x00000007a5000000| Complete |  0
|1283|0x00000007a5200000, 0x00000007a5400000, 0x00000007a5400000|100%|HS|  |TAMS 0x00000007a5200000| PB 0x00000007a5200000| Complete |  0
|1284|0x00000007a5400000, 0x00000007a5600000, 0x00000007a5600000|100%|HC|  |TAMS 0x00000007a5400000| PB 0x00000007a5400000| Complete |  0
|1285|0x00000007a5600000, 0x00000007a5800000, 0x00000007a5800000|100%|HS|  |TAMS 0x00000007a5600000| PB 0x00000007a5600000| Complete |  0
|1286|0x00000007a5800000, 0x00000007a5a00000, 0x00000007a5a00000|100%|HC|  |TAMS 0x00000007a5800000| PB 0x00000007a5800000| Complete |  0
|1287|0x00000007a5a00000, 0x00000007a5c00000, 0x00000007a5c00000|100%|HS|  |TAMS 0x00000007a5a00000| PB 0x00000007a5a00000| Complete |  0
|1288|0x00000007a5c00000, 0x00000007a5e00000, 0x00000007a5e00000|100%|HC|  |TAMS 0x00000007a5c00000| PB 0x00000007a5c00000| Complete |  0
|1289|0x00000007a5e00000, 0x00000007a6000000, 0x00000007a6000000|100%|HS|  |TAMS 0x00000007a5e00000| PB 0x00000007a5e00000| Complete |  0
|1290|0x00000007a6000000, 0x00000007a6200000, 0x00000007a6200000|100%|HC|  |TAMS 0x00000007a6000000| PB 0x00000007a6000000| Complete |  0
|1291|0x00000007a6200000, 0x00000007a6400000, 0x00000007a6400000|100%|HS|  |TAMS 0x00000007a6200000| PB 0x00000007a6200000| Complete |  0
|1292|0x00000007a6400000, 0x00000007a6600000, 0x00000007a6600000|100%|HC|  |TAMS 0x00000007a6400000| PB 0x00000007a6400000| Complete |  0
|1293|0x00000007a6600000, 0x00000007a6800000, 0x00000007a6800000|100%|HS|  |TAMS 0x00000007a6600000| PB 0x00000007a6600000| Complete |  0
|1294|0x00000007a6800000, 0x00000007a6a00000, 0x00000007a6a00000|100%|HC|  |TAMS 0x00000007a6800000| PB 0x00000007a6800000| Complete |  0
|1295|0x00000007a6a00000, 0x00000007a6c00000, 0x00000007a6c00000|100%|HS|  |TAMS 0x00000007a6a00000| PB 0x00000007a6a00000| Complete |  0
|1296|0x00000007a6c00000, 0x00000007a6e00000, 0x00000007a6e00000|100%|HC|  |TAMS 0x00000007a6c00000| PB 0x00000007a6c00000| Complete |  0
|1297|0x00000007a6e00000, 0x00000007a7000000, 0x00000007a7000000|100%|HS|  |TAMS 0x00000007a6e00000| PB 0x00000007a6e00000| Complete |  0
|1298|0x00000007a7000000, 0x00000007a7200000, 0x00000007a7200000|100%|HC|  |TAMS 0x00000007a7000000| PB 0x00000007a7000000| Complete |  0
|1299|0x00000007a7200000, 0x00000007a7400000, 0x00000007a7400000|100%|HS|  |TAMS 0x00000007a7200000| PB 0x00000007a7200000| Complete |  0
|1300|0x00000007a7400000, 0x00000007a7600000, 0x00000007a7600000|100%|HC|  |TAMS 0x00000007a7400000| PB 0x00000007a7400000| Complete |  0
|1301|0x00000007a7600000, 0x00000007a7800000, 0x00000007a7800000|100%|HS|  |TAMS 0x00000007a7600000| PB 0x00000007a7600000| Complete |  0
|1302|0x00000007a7800000, 0x00000007a7a00000, 0x00000007a7a00000|100%|HC|  |TAMS 0x00000007a7800000| PB 0x00000007a7800000| Complete |  0
|1303|0x00000007a7a00000, 0x00000007a7c00000, 0x00000007a7c00000|100%|HS|  |TAMS 0x00000007a7a00000| PB 0x00000007a7a00000| Complete |  0
|1304|0x00000007a7c00000, 0x00000007a7e00000, 0x00000007a7e00000|100%|HC|  |TAMS 0x00000007a7c00000| PB 0x00000007a7c00000| Complete |  0
|1305|0x00000007a7e00000, 0x00000007a8000000, 0x00000007a8000000|100%|HS|  |TAMS 0x00000007a7e00000| PB 0x00000007a7e00000| Complete |  0
|1306|0x00000007a8000000, 0x00000007a8200000, 0x00000007a8200000|100%|HC|  |TAMS 0x00000007a8000000| PB 0x00000007a8000000| Complete |  0
|1307|0x00000007a8200000, 0x00000007a8400000, 0x00000007a8400000|100%|HS|  |TAMS 0x00000007a8200000| PB 0x00000007a8200000| Complete |  0
|1308|0x00000007a8400000, 0x00000007a8600000, 0x00000007a8600000|100%|HC|  |TAMS 0x00000007a8400000| PB 0x00000007a8400000| Complete |  0
|1309|0x00000007a8600000, 0x00000007a8800000, 0x00000007a8800000|100%|HS|  |TAMS 0x00000007a8600000| PB 0x00000007a8600000| Complete |  0
|1310|0x00000007a8800000, 0x00000007a8a00000, 0x00000007a8a00000|100%|HC|  |TAMS 0x00000007a8800000| PB 0x00000007a8800000| Complete |  0
|1311|0x00000007a8a00000, 0x00000007a8c00000, 0x00000007a8c00000|100%|HS|  |TAMS 0x00000007a8a00000| PB 0x00000007a8a00000| Complete |  0
|1312|0x00000007a8c00000, 0x00000007a8e00000, 0x00000007a8e00000|100%|HC|  |TAMS 0x00000007a8c00000| PB 0x00000007a8c00000| Complete |  0
|1313|0x00000007a8e00000, 0x00000007a9000000, 0x00000007a9000000|100%|HS|  |TAMS 0x00000007a8e00000| PB 0x00000007a8e00000| Complete |  0
|1314|0x00000007a9000000, 0x00000007a9200000, 0x00000007a9200000|100%|HC|  |TAMS 0x00000007a9000000| PB 0x00000007a9000000| Complete |  0

Card table byte_map: [0x000002055e730000,0x000002055ef10000] _byte_map_base: 0x000002055af0a000

Marking Bits: (CMBitMap*) 0x0000020545b87b00
 Bits: [0x000002055ef10000, 0x0000020562de0000)

Polling page: 0x0000020544930000

Metaspace:
Metaspace        used 20146K, committed 20352K, reserved 1114112K
 class space     used 2805K, committed 2880K, reserved 1048576K

Usage:
  Non-class:     16.94 MB used.
      Class:      2.74 MB used.
       Both:     19.67 MB used.

Virtual space:
  Non-class space:       64.00 MB reserved,      17.06 MB ( 27%) committed,  1 nodes.
      Class space:        1.00 GB reserved,       2.81 MB ( <1%) committed,  1 nodes.
             Both:        1.06 GB reserved,      19.88 MB (  2%) committed. 

Chunk freelists:
   Non-Class:  14.89 MB
       Class:  13.02 MB
        Both:  27.91 MB

MaxMetaspaceSize: unlimited
CompressedClassSpaceSize: 1.00 GB
Initial GC threshold: 21.00 MB
Current GC threshold: 28.88 MB
CDS: on
 - commit_granule_bytes: 65536.
 - commit_granule_words: 8192.
 - virtual_space_node_default_size: 8388608.
 - enlarge_chunks_in_place: 1.
UseCompressedClassPointers 1, UseCompactObjectHeaders 0
Narrow klass pointer bits 32, Max shift 3
Narrow klass base: 0x000000008b000000, Narrow klass shift: 0
Encoding Range: [0x000000008b000000 - 0x000000018b000000), (4294967296 bytes)
Klass Range:    [0x000000008b010000 - 0x00000000cc000000), (1090453504 bytes)
Klass ID Range:  [65536 - 1090519033) (1090453497)
Protection zone: [0x000000008b000000 - 0x000000008b010000), (65536 bytes)


Internal statistics:

num_allocs_failed_limit: 0.
num_arena_births: 154.
num_arena_deaths: 0.
num_vsnodes_births: 2.
num_vsnodes_deaths: 0.
num_space_committed: 318.
num_space_uncommitted: 0.
num_chunks_returned_to_freelist: 0.
num_chunks_taken_from_freelist: 703.
num_chunk_merges: 0.
num_chunk_splits: 524.
num_chunks_enlarged: 442.
num_inconsistent_stats: 0.

CodeHeap 'non-profiled nmethods': size=119232Kb used=1285Kb max_used=1285Kb free=117947Kb
 bounds [0x0000020555f20000, 0x0000020556190000, 0x000002055d390000]
CodeHeap 'profiled nmethods': size=119104Kb used=6208Kb max_used=6208Kb free=112895Kb
 bounds [0x000002054e390000, 0x000002054e9b0000, 0x00000205557e0000]
CodeHeap 'non-nmethods': size=7424Kb used=1813Kb max_used=3538Kb free=5610Kb
 bounds [0x00000205557e0000, 0x0000020555b60000, 0x0000020555f20000]
CodeCache: size=245760Kb, used=9306Kb, max_used=11031Kb, free=236452Kb
 total_blobs=5023, nmethods=4082, adapters=843, full_count=0
Compilation: enabled, stopped_count=0, restarted_count=0

Compilation events (20 events):
Event: 11.452 Thread 0x00000205660dc450 4296       4       sun.java2d.loops.CompositeType::forAlphaComposite (152 bytes)
Event: 11.452 Thread 0x00000205660dc450 nmethod 4296 0x0000020556060088 code [0x00000205560601a0, 0x0000020556060260]
Event: 11.455 Thread 0x00000205660de740 4297       3       com.sun.prism.impl.BaseResourcePool$$Lambda/0x000000008c2d2e90::test (5 bytes)
Event: 11.456 Thread 0x00000205660de740 nmethod 4297 0x000002054e99c008 code [0x000002054e99c100, 0x000002054e99c4a0]
Event: 11.456 Thread 0x00000205660de740 4299       3       com.sun.prism.impl.BaseResourcePool$$Lambda/0x000000008c2d32e0::test (5 bytes)
Event: 11.456 Thread 0x00000205660de740 nmethod 4299 0x000002054e99c508 code [0x000002054e99c600, 0x000002054e99c9a0]
Event: 11.456 Thread 0x00000205660de740 4298       3       com.sun.prism.impl.BaseResourcePool$$Lambda/0x000000008c2d30b8::test (5 bytes)
Event: 11.456 Thread 0x00000205660de740 nmethod 4298 0x000002054e99ca08 code [0x000002054e99cb00, 0x000002054e99cea0]
Event: 11.472 Thread 0x00000205660de740 4300       3       com.sun.scenario.animation.shared.ClipEnvelope::checkBounds (10 bytes)
Event: 11.472 Thread 0x00000205660de740 nmethod 4300 0x000002054e99cf08 code [0x000002054e99d000, 0x000002054e99d228]
Event: 11.472 Thread 0x00000205660de740 4301       3       javafx.animation.Animation::setCurrentTicks (20 bytes)
Event: 11.472 Thread 0x00000205660de740 nmethod 4301 0x000002054e99d288 code [0x000002054e99d380, 0x000002054e99d580]
Event: 11.504 Thread 0x00000205660de740 4302       3       com.sun.javafx.sg.prism.NGGroup::computeRenderRoot (398 bytes)
Event: 11.505 Thread 0x00000205660de740 nmethod 4302 0x000002054e99d608 code [0x000002054e99d720, 0x000002054e99ff38]
Event: 11.539 Thread 0x00000205660de740 4303       1       javafx.animation.KeyFrame::getTime (5 bytes)
Event: 11.539 Thread 0x00000205660de740 nmethod 4303 0x0000020556060388 code [0x0000020556060480, 0x0000020556060548]
Event: 11.555 Thread 0x00000205660de740 4304       3       javafx.animation.Animation::getCycleDuration (24 bytes)
Event: 11.555 Thread 0x00000205660de740 nmethod 4304 0x000002054e99ff88 code [0x000002054e9a0080, 0x000002054e9a0368]
Event: 11.644 Thread 0x00000205660dc450 4305       4       com.sun.prism.impl.BaseResourcePool::freeDisposalRequestedAndCheckResources (156 bytes)
Event: 11.646 Thread 0x00000205660dc450 nmethod 4305 0x0000020556060688 code [0x0000020556060780, 0x0000020556060ac0]

GC Heap Usage History (14 events):
Event: 1.141 {heap Before GC invocations=0 (full 0):
 garbage-first heap   total reserved 4116480K, committed 260096K, used 46230K [0x0000000704c00000, 0x0000000800000000)
  region size 2048K, 24 young (49152K), 0 survivors (0K)
}
Event: 1.146 {heap After GC invocations=1 (full 1):
 garbage-first heap   total reserved 4116480K, committed 55296K, used 6494K [0x0000000704c00000, 0x0000000800000000)
  region size 2048K, 0 young (0K), 0 survivors (0K)
}
Event: 1.318 {heap Before GC invocations=1 (full 1):
 garbage-first heap   total reserved 4116480K, committed 55296K, used 33118K [0x0000000704c00000, 0x0000000800000000)
  region size 2048K, 10 young (20480K), 0 survivors (0K)
}
Event: 1.319 {heap After GC invocations=2 (full 1):
 garbage-first heap   total reserved 4116480K, committed 55296K, used 18782K [0x0000000704c00000, 0x0000000800000000)
  region size 2048K, 2 young (4096K), 2 survivors (4096K)
}
Event: 1.322 {heap Before GC invocations=2 (full 1):
 garbage-first heap   total reserved 4116480K, committed 55296K, used 18782K [0x0000000704c00000, 0x0000000800000000)
  region size 2048K, 3 young (6144K), 2 survivors (4096K)
}
Event: 1.329 {heap After GC invocations=3 (full 2):
 garbage-first heap   total reserved 4116480K, committed 55296K, used 16108K [0x0000000704c00000, 0x0000000800000000)
  region size 2048K, 0 young (0K), 0 survivors (0K)
}
Event: 1.503 {heap Before GC invocations=3 (full 2):
 garbage-first heap   total reserved 4116480K, committed 55296K, used 36588K [0x0000000704c00000, 0x0000000800000000)
  region size 2048K, 8 young (16384K), 0 survivors (0K)
}
Event: 1.504 {heap After GC invocations=4 (full 2):
 garbage-first heap   total reserved 4116480K, committed 55296K, used 20917K [0x0000000704c00000, 0x0000000800000000)
  region size 2048K, 1 young (2048K), 1 survivors (2048K)
}
Event: 1.573 {heap Before GC invocations=4 (full 2):
 garbage-first heap   total reserved 4116480K, committed 55296K, used 27061K [0x0000000704c00000, 0x0000000800000000)
  region size 2048K, 5 young (10240K), 1 survivors (2048K)
}
Event: 1.575 {heap After GC invocations=5 (full 2):
 garbage-first heap   total reserved 4116480K, committed 55296K, used 21587K [0x0000000704c00000, 0x0000000800000000)
  region size 2048K, 1 young (2048K), 1 survivors (2048K)
}
Event: 1.579 {heap Before GC invocations=5 (full 2):
 garbage-first heap   total reserved 4116480K, committed 55296K, used 25683K [0x0000000704c00000, 0x0000000800000000)
  region size 2048K, 2 young (4096K), 1 survivors (2048K)
}
Event: 1.581 {heap After GC invocations=6 (full 2):
 garbage-first heap   total reserved 4116480K, committed 55296K, used 25791K [0x0000000704c00000, 0x0000000800000000)
  region size 2048K, 1 young (2048K), 1 survivors (2048K)
}
Event: 6.458 {heap Before GC invocations=7 (full 2):
 garbage-first heap   total reserved 4116480K, committed 1886208K, used 1881279K [0x0000000704c00000, 0x0000000800000000)
  region size 2048K, 7 young (14336K), 1 survivors (2048K)
}
Event: 6.465 {heap After GC invocations=8 (full 2):
 garbage-first heap   total reserved 4116480K, committed 1890304K, used 32728K [0x0000000704c00000, 0x0000000800000000)
  region size 2048K, 2 young (4096K), 2 survivors (4096K)
}

Metaspace Usage History (14 events):
Event: 1.141 {metaspace Before GC invocations=0 (full 0):
 Metaspace       used 11285K, committed 11456K, reserved 1114112K
  class space    used 1405K, committed 1472K, reserved 1048576K
}
Event: 1.146 {metaspace After GC invocations=1 (full 1):
 Metaspace       used 11285K, committed 11456K, reserved 1114112K
  class space    used 1405K, committed 1472K, reserved 1048576K
}
Event: 1.318 {metaspace Before GC invocations=1 (full 1):
 Metaspace       used 13543K, committed 13696K, reserved 1114112K
  class space    used 1935K, committed 1984K, reserved 1048576K
}
Event: 1.319 {metaspace After GC invocations=2 (full 1):
 Metaspace       used 13543K, committed 13696K, reserved 1114112K
  class space    used 1935K, committed 1984K, reserved 1048576K
}
Event: 1.322 {metaspace Before GC invocations=2 (full 1):
 Metaspace       used 13604K, committed 13824K, reserved 1114112K
  class space    used 1945K, committed 2048K, reserved 1048576K
}
Event: 1.329 {metaspace After GC invocations=3 (full 2):
 Metaspace       used 13604K, committed 13824K, reserved 1114112K
  class space    used 1945K, committed 2048K, reserved 1048576K
}
Event: 1.503 {metaspace Before GC invocations=3 (full 2):
 Metaspace       used 16129K, committed 16320K, reserved 1114112K
  class space    used 2360K, committed 2432K, reserved 1048576K
}
Event: 1.504 {metaspace After GC invocations=4 (full 2):
 Metaspace       used 16129K, committed 16320K, reserved 1114112K
  class space    used 2360K, committed 2432K, reserved 1048576K
}
Event: 1.573 {metaspace Before GC invocations=4 (full 2):
 Metaspace       used 17349K, committed 17600K, reserved 1114112K
  class space    used 2576K, committed 2688K, reserved 1048576K
}
Event: 1.575 {metaspace After GC invocations=5 (full 2):
 Metaspace       used 17349K, committed 17600K, reserved 1114112K
  class space    used 2576K, committed 2688K, reserved 1048576K
}
Event: 1.579 {metaspace Before GC invocations=5 (full 2):
 Metaspace       used 17457K, committed 17664K, reserved 1114112K
  class space    used 2591K, committed 2688K, reserved 1048576K
}
Event: 1.581 {metaspace After GC invocations=6 (full 2):
 Metaspace       used 17457K, committed 17664K, reserved 1114112K
  class space    used 2591K, committed 2688K, reserved 1048576K
}
Event: 6.458 {metaspace Before GC invocations=7 (full 2):
 Metaspace       used 19805K, committed 19968K, reserved 1114112K
  class space    used 2803K, committed 2880K, reserved 1048576K
}
Event: 6.465 {metaspace After GC invocations=8 (full 2):
 Metaspace       used 19805K, committed 19968K, reserved 1114112K
  class space    used 2803K, committed 2880K, reserved 1048576K
}

Dll operation events (20 events):
Event: 0.458 Loaded shared library C:\Users\Public\greenfoot\Greenfoot-windows-371\greenfoot\lib\javafx\bin\api-ms-win-crt-heap-l1-1-0.dll
Event: 0.464 Loaded shared library C:\Users\Public\greenfoot\Greenfoot-windows-371\greenfoot\lib\javafx\bin\api-ms-win-crt-locale-l1-1-0.dll
Event: 0.468 Loaded shared library C:\Users\Public\greenfoot\Greenfoot-windows-371\greenfoot\lib\javafx\bin\api-ms-win-crt-math-l1-1-0.dll
Event: 0.472 Loaded shared library C:\Users\Public\greenfoot\Greenfoot-windows-371\greenfoot\lib\javafx\bin\api-ms-win-crt-multibyte-l1-1-0.dll
Event: 0.477 Loaded shared library C:\Users\Public\greenfoot\Greenfoot-windows-371\greenfoot\lib\javafx\bin\api-ms-win-crt-private-l1-1-0.dll
Event: 0.481 Loaded shared library C:\Users\Public\greenfoot\Greenfoot-windows-371\greenfoot\lib\javafx\bin\api-ms-win-crt-process-l1-1-0.dll
Event: 0.486 Loaded shared library C:\Users\Public\greenfoot\Greenfoot-windows-371\greenfoot\lib\javafx\bin\api-ms-win-crt-runtime-l1-1-0.dll
Event: 0.490 Loaded shared library C:\Users\Public\greenfoot\Greenfoot-windows-371\greenfoot\lib\javafx\bin\api-ms-win-crt-stdio-l1-1-0.dll
Event: 0.495 Loaded shared library C:\Users\Public\greenfoot\Greenfoot-windows-371\greenfoot\lib\javafx\bin\api-ms-win-crt-string-l1-1-0.dll
Event: 0.499 Loaded shared library C:\Users\Public\greenfoot\Greenfoot-windows-371\greenfoot\lib\javafx\bin\api-ms-win-crt-time-l1-1-0.dll
Event: 0.503 Loaded shared library C:\Users\Public\greenfoot\Greenfoot-windows-371\greenfoot\lib\javafx\bin\api-ms-win-crt-utility-l1-1-0.dll
Event: 0.508 Loaded shared library C:\Users\Public\greenfoot\Greenfoot-windows-371\greenfoot\lib\javafx\bin\ucrtbase.dll
Event: 0.512 Loaded shared library C:\Users\Public\greenfoot\Greenfoot-windows-371\greenfoot\lib\javafx\bin\vcruntime140.dll
Event: 0.514 Loaded shared library C:\Program Files\Java\jdk-25.0.4.1\bin\vcruntime140_1.dll
Event: 0.518 Loaded shared library C:\Users\Public\greenfoot\Greenfoot-windows-371\greenfoot\lib\javafx\bin\msvcp140.dll
Event: 0.550 Loaded shared library C:\Users\Public\greenfoot\Greenfoot-windows-371\greenfoot\lib\javafx\bin\prism_d3d.dll
Event: 0.623 Loaded shared library C:\Users\Public\greenfoot\Greenfoot-windows-371\greenfoot\lib\javafx\bin\glass.dll
Event: 0.793 Loaded shared library C:\Users\Public\greenfoot\Greenfoot-windows-371\greenfoot\lib\javafx\bin\javafx_font.dll
Event: 0.879 Loaded shared library C:\Program Files\Java\jdk-25.0.4.1\bin\jimage.dll
Event: 0.922 Loaded shared library C:\Program Files\Java\jdk-25.0.4.1\bin\awt.dll

Deoptimization events (20 events):
Event: 11.356 Thread 0x0000020566be0e90 DEOPT PACKING pc=0x000002055605d838 sp=0x00000016288fe230
Event: 11.356 Thread 0x0000020566be0e90 DEOPT UNPACKING pc=0x00000205558ffc02 sp=0x00000016288fe120 mode 2
Event: 11.357 Thread 0x0000020566be0e90 Uncommon trap: trap_request=0xffffffbe fr.pc=0x0000020555ff2790 relative=0x0000000000000290
Event: 11.357 Thread 0x0000020566be0e90 Uncommon trap: reason=profile_predicate action=maybe_recompile pc=0x0000020555ff2790 method=java.util.Arrays.binarySearch0([Ljava/lang/Object;IILjava/lang/Object;Ljava/util/Comparator;)I @ 25 c2
Event: 11.357 Thread 0x0000020566be0e90 DEOPT PACKING pc=0x0000020555ff2790 sp=0x00000016288fcd70
Event: 11.357 Thread 0x0000020566be0e90 DEOPT UNPACKING pc=0x00000205558ffc02 sp=0x00000016288fcd10 mode 2
Event: 11.455 Thread 0x0000020566be0e90 Uncommon trap: trap_request=0xffffff45 fr.pc=0x0000020556055a58 relative=0x0000000000000058
Event: 11.455 Thread 0x0000020566be0e90 Uncommon trap: reason=unstable_if action=reinterpret pc=0x0000020556055a58 method=com.sun.prism.impl.ManagedResource.isInteresting()Z @ 4 c2
Event: 11.455 Thread 0x0000020566be0e90 DEOPT PACKING pc=0x0000020556055a58 sp=0x00000016288fc190
Event: 11.455 Thread 0x0000020566be0e90 DEOPT UNPACKING pc=0x00000205558ffc02 sp=0x00000016288fc060 mode 2
Event: 11.455 Thread 0x0000020566be0e90 Uncommon trap: trap_request=0xffffff45 fr.pc=0x0000020556050bd8 relative=0x0000000000000058
Event: 11.455 Thread 0x0000020566be0e90 Uncommon trap: reason=unstable_if action=reinterpret pc=0x0000020556050bd8 method=com.sun.prism.impl.ManagedResource.isInteresting()Z @ 4 c2
Event: 11.455 Thread 0x0000020566be0e90 DEOPT PACKING pc=0x0000020556050bd8 sp=0x00000016288fc190
Event: 11.455 Thread 0x0000020566be0e90 DEOPT UNPACKING pc=0x00000205558ffc02 sp=0x00000016288fc060 mode 2
Event: 11.455 Thread 0x0000020566be0e90 Uncommon trap: trap_request=0xffffff45 fr.pc=0x0000020556055d58 relative=0x0000000000000058
Event: 11.455 Thread 0x0000020566be0e90 Uncommon trap: reason=unstable_if action=reinterpret pc=0x0000020556055d58 method=com.sun.prism.impl.ManagedResource.isInteresting()Z @ 4 c2
Event: 11.455 Thread 0x0000020566be0e90 DEOPT PACKING pc=0x0000020556055d58 sp=0x00000016288fc190
Event: 11.455 Thread 0x0000020566be0e90 DEOPT UNPACKING pc=0x00000205558ffc02 sp=0x00000016288fc060 mode 2
Event: 11.644 Thread 0x0000020566be0e90 DEOPT PACKING pc=0x000002054e811d2f sp=0x00000016288feb80
Event: 11.644 Thread 0x0000020566be0e90 DEOPT UNPACKING pc=0x0000020555831702 sp=0x00000016288fe038 mode 0

Classes loaded (20 events):
Event: 1.651 Loading class java/util/stream/WhileOps$1Op$1OpSink
Event: 1.651 Loading class java/util/stream/WhileOps$DropWhileSink
Event: 1.651 Loading class java/util/stream/WhileOps$DropWhileSink done
Event: 1.651 Loading class java/util/stream/WhileOps$1Op$1OpSink done
Event: 1.657 Loading class java/lang/FdLibm$Atan2
Event: 1.657 Loading class java/lang/FdLibm$Atan2 done
Event: 1.684 Loading class java/util/EnumMap$Values
Event: 1.684 Loading class java/util/EnumMap$Values done
Event: 1.684 Loading class java/util/EnumMap$ValueIterator
Event: 1.684 Loading class java/util/EnumMap$EnumMapIterator
Event: 1.684 Loading class java/util/EnumMap$EnumMapIterator done
Event: 1.685 Loading class java/util/EnumMap$ValueIterator done
Event: 2.095 Loading class java/util/IdentityHashMap$ValueIterator
Event: 2.095 Loading class java/util/IdentityHashMap$ValueIterator done
Event: 2.095 Loading class sun/awt/AppContext$PostShutdownEventRunnable
Event: 2.095 Loading class sun/awt/AppContext$PostShutdownEventRunnable done
Event: 2.095 Loading class sun/awt/AWTAutoShutdown$1
Event: 2.095 Loading class sun/awt/AWTAutoShutdown$1 done
Event: 2.611 Loading class java/io/UnsupportedEncodingException
Event: 2.611 Loading class java/io/UnsupportedEncodingException done

Classes unloaded (0 events):
No events

Classes redefined (0 events):
No events

Internal exceptions (20 events):
Event: 1.043 Thread 0x000002056b4338e0 Exception <a 'java/lang/NoSuchMethodError'{0x0000000711be2818}: 'java.lang.Object java.lang.invoke.DirectMethodHandle$Holder.invokeStaticInit(java.lang.Object, long, java.lang.Object)'> (0x0000000711be2818) 
thrown [s\open\src\hotspot\share\interpreter\linkResolver.cpp, line 804]
Event: 1.044 Thread 0x000002056b4338e0 Exception <a 'java/lang/NoSuchMethodError'{0x0000000711beb028}: 'java.lang.Object java.lang.invoke.DirectMethodHandle$Holder.invokeStaticInit(java.lang.Object, long)'> (0x0000000711beb028) 
thrown [s\open\src\hotspot\share\interpreter\linkResolver.cpp, line 804]
Event: 1.179 Thread 0x000002056b4338e0 Exception <a 'java/lang/NoSuchMethodError'{0x0000000707ac82e0}: 'java.lang.Object java.lang.invoke.DirectMethodHandle$Holder.newInvokeSpecial(java.lang.Object, java.lang.Object, int)'> (0x0000000707ac82e0) 
thrown [s\open\src\hotspot\share\interpreter\linkResolver.cpp, line 804]
Event: 1.200 Thread 0x000002056b4338e0 Implicit null exception at 0x0000020555f815cd to 0x0000020555f81874
Event: 1.201 Thread 0x000002056b4338e0 Implicit null exception at 0x0000020555f810cd to 0x0000020555f81368
Event: 1.202 Thread 0x000002056b4338e0 Implicit null exception at 0x0000020555f4959d to 0x0000020555f49615
Event: 1.444 Thread 0x000002056b4338e0 Exception <a 'java/lang/NoSuchMethodError'{0x00000007078339e0}: 'java.lang.Object java.lang.invoke.DirectMethodHandle$Holder.invokeInterface(java.lang.Object, java.lang.Object, java.lang.Object)'> (0x00000007078339e0) 
thrown [s\open\src\hotspot\share\interpreter\linkResolver.cpp, line 804]
Event: 1.445 Thread 0x000002056b4338e0 Exception <a 'java/lang/IncompatibleClassChangeError'{0x000000070783bce8}: Found class java.lang.Object, but interface was expected> (0x000000070783bce8) 
thrown [s\open\src\hotspot\share\interpreter\linkResolver.cpp, line 871]
Event: 1.459 Thread 0x000002056b4338e0 Exception <a 'java/lang/ClassNotFoundException'{0x00000007079f5c90}: com/sun/javafx/scene/control/skin/resources/controls> (0x00000007079f5c90) 
thrown [s\open\src\hotspot\share\prims\jni.cpp, line 534]
Event: 1.460 Thread 0x000002056b4338e0 Exception <a 'java/lang/ClassNotFoundException'{0x0000000707607a68}: com/sun/javafx/scene/control/skin/resources/controls_pt> (0x0000000707607a68) 
thrown [s\open\src\hotspot\share\prims\jni.cpp, line 534]
Event: 1.460 Thread 0x000002056b4338e0 Exception <a 'java/lang/ClassNotFoundException'{0x0000000707609568}: com/sun/javafx/scene/control/skin/resources/controls_pt_BR> (0x0000000707609568) 
thrown [s\open\src\hotspot\share\prims\jni.cpp, line 534]
Event: 1.473 Thread 0x000002056b4338e0 Exception <a 'java/lang/NoSuchMethodError'{0x00000007074e3ca0}: 'void java.lang.invoke.DirectMethodHandle$Holder.invokeSpecial(java.lang.Object, java.lang.Object, java.lang.Object, java.lang.Object, java.lang.Object, java.lang.Object)'> (0x00000007074e3ca0) 
thrown [s\open\src\hotspot\share\interpreter\linkResolver.cpp, line 804]
Event: 1.545 Thread 0x000002056b4338e0 Exception <a 'java/lang/NoSuchMethodError'{0x0000000707d46a20}: 'java.lang.Object java.lang.invoke.DirectMethodHandle$Holder.invokeStatic(java.lang.Object, java.lang.Object, java.lang.Object, java.lang.Object, int)'> (0x0000000707d46a20) 
thrown [s\open\src\hotspot\share\interpreter\linkResolver.cpp, line 804]
Event: 1.571 Thread 0x000002056b4338e0 Exception <a 'java/lang/NoSuchMethodError'{0x0000000707a984f0}: 'long java.lang.invoke.DirectMethodHandle$Holder.invokeStaticInit(java.lang.Object, java.lang.Object, java.lang.Object)'> (0x0000000707a984f0) 
thrown [s\open\src\hotspot\share\interpreter\linkResolver.cpp, line 804]
Event: 1.572 Thread 0x000002056b4338e0 Exception <a 'java/lang/NoSuchMethodError'{0x0000000707ae3d98}: 'java.lang.Object java.lang.invoke.DirectMethodHandle$Holder.newInvokeSpecial(java.lang.Object, java.lang.Object, long)'> (0x0000000707ae3d98) 
thrown [s\open\src\hotspot\share\interpreter\linkResolver.cpp, line 804]
Event: 1.572 Thread 0x000002056b4338e0 Exception <a 'java/lang/NoSuchMethodError'{0x0000000707aec9e8}: 'java.lang.Object java.lang.invoke.Invokers$Holder.linkToTargetMethod(java.lang.Object, long, java.lang.Object)'> (0x0000000707aec9e8) 
thrown [s\open\src\hotspot\share\interpreter\linkResolver.cpp, line 804]
Event: 1.623 Thread 0x0000020566be0e90 Exception <a 'java/lang/NoSuchMethodError'{0x00000007081b0548}: 'int java.lang.invoke.DirectMethodHandle$Holder.invokeStaticInit(java.lang.Object, java.lang.Object)'> (0x00000007081b0548) 
thrown [s\open\src\hotspot\share\interpreter\linkResolver.cpp, line 804]
Event: 1.671 Thread 0x0000020566be0e90 Exception <a 'java/lang/NoSuchMethodError'{0x00000007078761e8}: 'java.lang.Object java.lang.invoke.DirectMethodHandle$Holder.invokeStaticInit(java.lang.Object, int)'> (0x00000007078761e8) 
thrown [s\open\src\hotspot\share\interpreter\linkResolver.cpp, line 804]
Event: 2.713 Thread 0x000002056b4338e0 Implicit null exception at 0x0000020555f8aff5 to 0x0000020555f8b100
Event: 2.762 Thread 0x000002056b4338e0 Implicit null exception at 0x0000020555f9637b to 0x0000020555f969c4

VM Operations (20 events):
Event: 1.503 Executing safepoint VM operation: G1CollectForAllocation (G1 Evacuation Pause)
Event: 1.504 Executing safepoint VM operation: G1CollectForAllocation (G1 Evacuation Pause) done
Event: 1.534 Executing non-safepoint VM operation: HandshakeAllThreads (Deoptimize)
Event: 1.534 Executing non-safepoint VM operation: HandshakeAllThreads (Deoptimize) done
Event: 1.558 Executing non-safepoint VM operation: HandshakeAllThreads (Deoptimize)
Event: 1.559 Executing non-safepoint VM operation: HandshakeAllThreads (Deoptimize) done
Event: 1.573 Executing safepoint VM operation: G1TryInitiateConcMark (G1 Humongous Allocation)
Event: 1.575 Executing safepoint VM operation: G1TryInitiateConcMark (G1 Humongous Allocation) done
Event: 1.579 Executing safepoint VM operation: G1TryInitiateConcMark (G1 Humongous Allocation)
Event: 1.581 Executing safepoint VM operation: G1TryInitiateConcMark (G1 Humongous Allocation) done
Event: 1.585 Executing safepoint VM operation: G1PauseRemark
Event: 1.586 Executing safepoint VM operation: G1PauseRemark done
Event: 1.588 Executing safepoint VM operation: G1PauseCleanup
Event: 1.588 Executing safepoint VM operation: G1PauseCleanup done
Event: 1.651 Executing non-safepoint VM operation: HandshakeAllThreads (Deoptimize)
Event: 1.651 Executing non-safepoint VM operation: HandshakeAllThreads (Deoptimize) done
Event: 1.655 Executing non-safepoint VM operation: HandshakeAllThreads (Deoptimize)
Event: 1.655 Executing non-safepoint VM operation: HandshakeAllThreads (Deoptimize) done
Event: 6.458 Executing safepoint VM operation: G1CollectForAllocation (G1 Evacuation Pause)
Event: 6.465 Executing safepoint VM operation: G1CollectForAllocation (G1 Evacuation Pause) done

Memory protections (0 events):
No events

Nmethod flushes (20 events):
Event: 1.586 Thread 0x00000205630b5970 flushing  nmethod 0x0000020555f95a08
Event: 1.586 Thread 0x00000205630b5970 flushing  nmethod 0x0000020555f97908
Event: 1.586 Thread 0x00000205630b5970 flushing  nmethod 0x000002054e3aba08
Event: 1.586 Thread 0x00000205630b5970 flushing  nmethod 0x000002054e42be88
Event: 1.586 Thread 0x00000205630b5970 flushing  nmethod 0x000002054e4ef308
Event: 1.586 Thread 0x00000205630b5970 flushing  nmethod 0x0000020555f35988
Event: 1.586 Thread 0x00000205630b5970 flushing  nmethod 0x000002054e399d88
Event: 1.586 Thread 0x00000205630b5970 flushing  nmethod 0x000002054e3e3008
Event: 1.586 Thread 0x00000205630b5970 flushing  nmethod 0x000002054e411388
Event: 1.586 Thread 0x00000205630b5970 flushing  nmethod 0x000002054e5ae708
Event: 1.586 Thread 0x00000205630b5970 flushing  nmethod 0x000002054e5aed08
Event: 1.586 Thread 0x00000205630b5970 flushing osr nmethod 0x000002054e5b2508
Event: 1.586 Thread 0x00000205630b5970 flushing  nmethod 0x000002054e5b2908
Event: 1.586 Thread 0x00000205630b5970 flushing  nmethod 0x000002054e3a0e88
Event: 1.586 Thread 0x00000205630b5970 flushing osr nmethod 0x000002054e5ad808
Event: 1.586 Thread 0x00000205630b5970 flushing  nmethod 0x0000020555f81488
Event: 1.586 Thread 0x00000205630b5970 flushing  nmethod 0x000002054e403b08
Event: 1.586 Thread 0x00000205630b5970 flushing  nmethod 0x000002054e406908
Event: 1.586 Thread 0x00000205630b5970 flushing  nmethod 0x0000020555f7ab08
Event: 1.586 Thread 0x00000205630b5970 flushing  nmethod 0x000002054e509688

Events (20 events):
Event: 0.737 Thread 0x0000020545b39970 Thread added: 0x000002056bd8e9e0
Event: 0.744 Thread 0x000002056bda3300 Thread added: 0x000002056bda3300
Event: 0.813 Thread 0x00000205660de740 Thread added: 0x00000205663abfc0
Event: 0.824 Thread 0x00000205660de740 Thread added: 0x00000205663ac7d0
Event: 0.987 Thread 0x000002056b4338e0 Thread added: 0x000002056be973e0
Event: 1.023 Thread 0x000002056b4338e0 Thread added: 0x000002056be94cd0
Event: 1.024 Thread 0x000002056b4338e0 Thread added: 0x000002056be954a0
Event: 1.140 Thread 0x000002056b4338e0 Thread added: 0x000002056c951180
Event: 1.149 Thread 0x00000205663ac7d0 Thread exited: 0x00000205663ac7d0
Event: 1.483 Thread 0x000002056b4338e0 Thread added: 0x000002056b263410
Event: 1.587 Thread 0x00000205660dc450 Thread added: 0x00000205663ad7f0
Event: 1.644 Thread 0x0000020566be0e90 Thread added: 0x000002056b267290
Event: 1.816 Thread 0x00000205663ad7f0 Thread exited: 0x00000205663ad7f0
Event: 1.880 Thread 0x00000205663abfc0 Thread exited: 0x00000205663abfc0
Event: 2.095 Thread 0x000002056be94cd0 Thread exited: 0x000002056be94cd0
Event: 2.715 Thread 0x000002056620c290 Thread added: 0x00000205663ad7f0
Event: 2.951 Thread 0x00000205663ad7f0 Thread exited: 0x00000205663ad7f0
Event: 9.731 Thread 0x00000205662b6c00 Thread exited: 0x00000205662b6c00
Event: 9.795 Thread 0x000002056620c290 Thread exited: 0x000002056620c290
Event: 9.813 Thread 0x00000205661f9470 Thread exited: 0x00000205661f9470


Dynamic libraries:
0x00007ff75d0d0000 - 0x00007ff75d0e0000 	C:\Program Files\Java\jdk-25.0.4.1\bin\java.exe
0x00007fffd77e0000 - 0x00007fffd7a47000 	C:\Windows\SYSTEM32\ntdll.dll
0x00007fffd6420000 - 0x00007fffd64eb000 	C:\Windows\System32\KERNEL32.DLL
0x00007fffd5060000 - 0x00007fffd5462000 	C:\Windows\System32\KERNELBASE.dll
0x00007fffd4ba0000 - 0x00007fffd4cec000 	C:\Windows\System32\ucrtbase.dll
0x00007fffc1ef0000 - 0x00007fffc1f0e000 	C:\Program Files\Java\jdk-25.0.4.1\bin\VCRUNTIME140.dll
0x00007fffc23c0000 - 0x00007fffc23d7000 	C:\Program Files\Java\jdk-25.0.4.1\bin\jli.dll
0x00007fffd6e10000 - 0x00007fffd6fdf000 	C:\Windows\System32\USER32.dll
0x00007fffbaec0000 - 0x00007fffbb150000 	C:\Windows\WinSxS\amd64_microsoft.windows.common-controls_6595b64144ccf1df_6.0.26100.9278_none_3e0d1ba8e3303201\COMCTL32.dll
0x00007fffd49e0000 - 0x00007fffd4a07000 	C:\Windows\System32\win32u.dll
0x00007fffd66a0000 - 0x00007fffd66cb000 	C:\Windows\System32\GDI32.dll
0x00007fffd5980000 - 0x00007fffd5a29000 	C:\Windows\System32\msvcrt.dll
0x00007fffd4d00000 - 0x00007fffd4e29000 	C:\Windows\System32\gdi32full.dll
0x00007fffd4e30000 - 0x00007fffd4ed3000 	C:\Windows\System32\msvcp_win.dll
0x00007fffd69f0000 - 0x00007fffd6a21000 	C:\Windows\System32\IMM32.DLL
0x00007fffc8a70000 - 0x00007fffc8bce000 	C:\Windows\system32\tmumh\20019\AddOn\8.55.0.1409\TmUmEvt64.dll
0x00007fffd5a40000 - 0x00007fffd5a48000 	C:\Windows\System32\PSAPI.DLL
0x00007fffd6d40000 - 0x00007fffd6dfc000 	C:\Windows\System32\ADVAPI32.dll
0x00007fffd5f70000 - 0x00007fffd6019000 	C:\Windows\System32\sechost.dll
0x00007fffd6c20000 - 0x00007fffd6d38000 	C:\Windows\System32\RPCRT4.dll
0x000000006c8b0000 - 0x000000006c9d7000 	C:\Windows\system32\tmumh\20019\TmMon\2.9.0.1243\tmmon64.dll
0x00007fffa3cd0000 - 0x00007fffa400b000 	C:\Windows\System32\TmLWE\TmUmSnsr64\1.0.0.1165\TmUmSnsr64.dll
0x00007fffd3540000 - 0x00007fffd355b000 	C:\Windows\SYSTEM32\kernel.appcore.dll
0x00007fffc1ee0000 - 0x00007fffc1eec000 	C:\Program Files\Java\jdk-25.0.4.1\bin\vcruntime140_1.dll
0x00007fffb58c0000 - 0x00007fffb594d000 	C:\Program Files\Java\jdk-25.0.4.1\bin\msvcp140.dll
0x00007ffee66b0000 - 0x00007ffee7510000 	C:\Program Files\Java\jdk-25.0.4.1\bin\server\jvm.dll
0x00007fffd5710000 - 0x00007fffd5790000 	C:\Windows\System32\WS2_32.dll
0x00007fffd4680000 - 0x00007fffd46de000 	C:\Windows\SYSTEM32\POWRPROF.dll
0x00007fffc9ee0000 - 0x00007fffc9f16000 	C:\Windows\SYSTEM32\WINMM.dll
0x00007fffc9b20000 - 0x00007fffc9b2b000 	C:\Windows\SYSTEM32\VERSION.dll
0x00007fffd4660000 - 0x00007fffd4675000 	C:\Windows\SYSTEM32\UMPDC.dll
0x00007fffc18f0000 - 0x00007fffc18fa000 	C:\Program Files\Java\jdk-25.0.4.1\bin\jimage.dll
0x00007fffc6ca0000 - 0x00007fffc6eec000 	C:\Windows\SYSTEM32\DBGHELP.DLL
0x00007fffd6090000 - 0x00007fffd6415000 	C:\Windows\System32\combase.dll
0x00007fffd66d0000 - 0x00007fffd67a9000 	C:\Windows\System32\OLEAUT32.dll
0x00007fffbb190000 - 0x00007fffbb1cb000 	C:\Windows\SYSTEM32\dbgcore.DLL
0x00007fffd4ee0000 - 0x00007fffd4f8c000 	C:\Windows\System32\bcryptPrimitives.dll
0x00007fffc18e0000 - 0x00007fffc18f0000 	C:\Program Files\Java\jdk-25.0.4.1\bin\instrument.dll
0x00007fffc13f0000 - 0x00007fffc140f000 	C:\Program Files\Java\jdk-25.0.4.1\bin\java.dll
0x00007fffd6a30000 - 0x00007fffd6bca000 	C:\Windows\System32\ole32.dll
0x00007fffd7000000 - 0x00007fffd7798000 	C:\Windows\System32\SHELL32.dll
0x00007fffd20b0000 - 0x00007fffd295e000 	C:\Windows\SYSTEM32\windows.storage.dll
0x00007fffd64f0000 - 0x00007fffd65eb000 	C:\Windows\System32\SHCORE.dll
0x00007fffd6020000 - 0x00007fffd6086000 	C:\Windows\System32\shlwapi.dll
0x00007fffd4900000 - 0x00007fffd4929000 	C:\Windows\SYSTEM32\profapi.dll
0x00007fffbfbf0000 - 0x00007fffbfc02000 	C:\Program Files\Java\jdk-25.0.4.1\bin\net.dll
0x00007fffd3c10000 - 0x00007fffd3c7c000 	C:\Windows\system32\mswsock.dll
0x00007fffbfa70000 - 0x00007fffbfa86000 	C:\Program Files\Java\jdk-25.0.4.1\bin\nio.dll
0x00007fffbfa50000 - 0x00007fffbfa66000 	C:\Program Files\Java\jdk-25.0.4.1\bin\zip.dll
0x00007fffbfb70000 - 0x00007fffbfb79000 	C:\Program Files\Java\jdk-25.0.4.1\bin\extnet.dll
0x0000020545a40000 - 0x0000020545a43000 	C:\Users\Public\greenfoot\Greenfoot-windows-371\greenfoot\lib\javafx\bin\api-ms-win-core-console-l1-1-0.dll
0x0000020545a50000 - 0x0000020545a53000 	C:\Users\Public\greenfoot\Greenfoot-windows-371\greenfoot\lib\javafx\bin\api-ms-win-core-console-l1-2-0.dll
0x0000020545a60000 - 0x0000020545a63000 	C:\Users\Public\greenfoot\Greenfoot-windows-371\greenfoot\lib\javafx\bin\api-ms-win-core-datetime-l1-1-0.dll
0x0000020545a70000 - 0x0000020545a73000 	C:\Users\Public\greenfoot\Greenfoot-windows-371\greenfoot\lib\javafx\bin\api-ms-win-core-debug-l1-1-0.dll
0x0000020545a80000 - 0x0000020545a83000 	C:\Users\Public\greenfoot\Greenfoot-windows-371\greenfoot\lib\javafx\bin\api-ms-win-core-errorhandling-l1-1-0.dll
0x0000020545a90000 - 0x0000020545a94000 	C:\Users\Public\greenfoot\Greenfoot-windows-371\greenfoot\lib\javafx\bin\api-ms-win-core-file-l1-1-0.dll
0x0000020545aa0000 - 0x0000020545aa3000 	C:\Users\Public\greenfoot\Greenfoot-windows-371\greenfoot\lib\javafx\bin\api-ms-win-core-file-l1-2-0.dll
0x0000020566cd0000 - 0x0000020566cd3000 	C:\Users\Public\greenfoot\Greenfoot-windows-371\greenfoot\lib\javafx\bin\api-ms-win-core-file-l2-1-0.dll
0x0000020566ce0000 - 0x0000020566ce3000 	C:\Users\Public\greenfoot\Greenfoot-windows-371\greenfoot\lib\javafx\bin\api-ms-win-core-handle-l1-1-0.dll
0x0000020566cf0000 - 0x0000020566cf3000 	C:\Users\Public\greenfoot\Greenfoot-windows-371\greenfoot\lib\javafx\bin\api-ms-win-core-heap-l1-1-0.dll
0x0000020566d00000 - 0x0000020566d03000 	C:\Users\Public\greenfoot\Greenfoot-windows-371\greenfoot\lib\javafx\bin\api-ms-win-core-interlocked-l1-1-0.dll
0x0000020566d10000 - 0x0000020566d13000 	C:\Users\Public\greenfoot\Greenfoot-windows-371\greenfoot\lib\javafx\bin\api-ms-win-core-libraryloader-l1-1-0.dll
0x0000020566d20000 - 0x0000020566d23000 	C:\Users\Public\greenfoot\Greenfoot-windows-371\greenfoot\lib\javafx\bin\api-ms-win-core-localization-l1-2-0.dll
0x0000020566d30000 - 0x0000020566d33000 	C:\Users\Public\greenfoot\Greenfoot-windows-371\greenfoot\lib\javafx\bin\api-ms-win-core-memory-l1-1-0.dll
0x0000020566d40000 - 0x0000020566d43000 	C:\Users\Public\greenfoot\Greenfoot-windows-371\greenfoot\lib\javafx\bin\api-ms-win-core-namedpipe-l1-1-0.dll
0x0000020566d50000 - 0x0000020566d53000 	C:\Users\Public\greenfoot\Greenfoot-windows-371\greenfoot\lib\javafx\bin\api-ms-win-core-processenvironment-l1-1-0.dll
0x0000020566d60000 - 0x0000020566d63000 	C:\Users\Public\greenfoot\Greenfoot-windows-371\greenfoot\lib\javafx\bin\api-ms-win-core-processthreads-l1-1-0.dll
0x0000020566d70000 - 0x0000020566d73000 	C:\Users\Public\greenfoot\Greenfoot-windows-371\greenfoot\lib\javafx\bin\api-ms-win-core-processthreads-l1-1-1.dll
0x0000020566d80000 - 0x0000020566d83000 	C:\Users\Public\greenfoot\Greenfoot-windows-371\greenfoot\lib\javafx\bin\api-ms-win-core-profile-l1-1-0.dll
0x0000020566d90000 - 0x0000020566d93000 	C:\Users\Public\greenfoot\Greenfoot-windows-371\greenfoot\lib\javafx\bin\api-ms-win-core-rtlsupport-l1-1-0.dll
0x0000020566da0000 - 0x0000020566da3000 	C:\Users\Public\greenfoot\Greenfoot-windows-371\greenfoot\lib\javafx\bin\api-ms-win-core-string-l1-1-0.dll
0x0000020566db0000 - 0x0000020566db3000 	C:\Users\Public\greenfoot\Greenfoot-windows-371\greenfoot\lib\javafx\bin\api-ms-win-core-synch-l1-1-0.dll
0x0000020566dc0000 - 0x0000020566dc3000 	C:\Users\Public\greenfoot\Greenfoot-windows-371\greenfoot\lib\javafx\bin\api-ms-win-core-synch-l1-2-0.dll
0x0000020566dd0000 - 0x0000020566dd3000 	C:\Users\Public\greenfoot\Greenfoot-windows-371\greenfoot\lib\javafx\bin\api-ms-win-core-sysinfo-l1-1-0.dll
0x0000020566de0000 - 0x0000020566de3000 	C:\Users\Public\greenfoot\Greenfoot-windows-371\greenfoot\lib\javafx\bin\api-ms-win-core-timezone-l1-1-0.dll
0x0000020566df0000 - 0x0000020566df3000 	C:\Users\Public\greenfoot\Greenfoot-windows-371\greenfoot\lib\javafx\bin\api-ms-win-core-util-l1-1-0.dll
0x0000020566e00000 - 0x0000020566e03000 	C:\Users\Public\greenfoot\Greenfoot-windows-371\greenfoot\lib\javafx\bin\api-ms-win-crt-conio-l1-1-0.dll
0x0000020566e10000 - 0x0000020566e14000 	C:\Users\Public\greenfoot\Greenfoot-windows-371\greenfoot\lib\javafx\bin\api-ms-win-crt-convert-l1-1-0.dll
0x0000020566e20000 - 0x0000020566e23000 	C:\Users\Public\greenfoot\Greenfoot-windows-371\greenfoot\lib\javafx\bin\api-ms-win-crt-environment-l1-1-0.dll
0x0000020566e30000 - 0x0000020566e33000 	C:\Users\Public\greenfoot\Greenfoot-windows-371\greenfoot\lib\javafx\bin\api-ms-win-crt-filesystem-l1-1-0.dll
0x0000020566e40000 - 0x0000020566e43000 	C:\Users\Public\greenfoot\Greenfoot-windows-371\greenfoot\lib\javafx\bin\api-ms-win-crt-heap-l1-1-0.dll
0x0000020566e50000 - 0x0000020566e53000 	C:\Users\Public\greenfoot\Greenfoot-windows-371\greenfoot\lib\javafx\bin\api-ms-win-crt-locale-l1-1-0.dll
0x0000020566e60000 - 0x0000020566e65000 	C:\Users\Public\greenfoot\Greenfoot-windows-371\greenfoot\lib\javafx\bin\api-ms-win-crt-math-l1-1-0.dll
0x0000020566e70000 - 0x0000020566e75000 	C:\Users\Public\greenfoot\Greenfoot-windows-371\greenfoot\lib\javafx\bin\api-ms-win-crt-multibyte-l1-1-0.dll
0x0000020566e80000 - 0x0000020566e90000 	C:\Users\Public\greenfoot\Greenfoot-windows-371\greenfoot\lib\javafx\bin\api-ms-win-crt-private-l1-1-0.dll
0x0000020566e90000 - 0x0000020566e93000 	C:\Users\Public\greenfoot\Greenfoot-windows-371\greenfoot\lib\javafx\bin\api-ms-win-crt-process-l1-1-0.dll
0x0000020566ea0000 - 0x0000020566ea4000 	C:\Users\Public\greenfoot\Greenfoot-windows-371\greenfoot\lib\javafx\bin\api-ms-win-crt-runtime-l1-1-0.dll
0x0000020566eb0000 - 0x0000020566eb4000 	C:\Users\Public\greenfoot\Greenfoot-windows-371\greenfoot\lib\javafx\bin\api-ms-win-crt-stdio-l1-1-0.dll
0x0000020566ec0000 - 0x0000020566ec4000 	C:\Users\Public\greenfoot\Greenfoot-windows-371\greenfoot\lib\javafx\bin\api-ms-win-crt-string-l1-1-0.dll
0x0000020566ed0000 - 0x0000020566ed3000 	C:\Users\Public\greenfoot\Greenfoot-windows-371\greenfoot\lib\javafx\bin\api-ms-win-crt-time-l1-1-0.dll
0x0000020566ee0000 - 0x0000020566ee3000 	C:\Users\Public\greenfoot\Greenfoot-windows-371\greenfoot\lib\javafx\bin\api-ms-win-crt-utility-l1-1-0.dll
0x00007fffb57c0000 - 0x00007fffb58bc000 	C:\Users\Public\greenfoot\Greenfoot-windows-371\greenfoot\lib\javafx\bin\ucrtbase.dll
0x00007fffbfa10000 - 0x00007fffbfa25000 	C:\Users\Public\greenfoot\Greenfoot-windows-371\greenfoot\lib\javafx\bin\vcruntime140.dll
0x00007fffb5720000 - 0x00007fffb57bb000 	C:\Users\Public\greenfoot\Greenfoot-windows-371\greenfoot\lib\javafx\bin\msvcp140.dll
0x00007fffb56f0000 - 0x00007fffb5713000 	C:\Users\Public\greenfoot\Greenfoot-windows-371\greenfoot\lib\javafx\bin\prism_d3d.dll
0x00007fff84d00000 - 0x00007fff84eb2000 	C:\Windows\system32\d3d9.dll
0x00007fffd1990000 - 0x00007fffd19bf000 	C:\Windows\SYSTEM32\dwmapi.dll
0x00007fffd17e0000 - 0x00007fffd1824000 	C:\Windows\SYSTEM32\dxcore.dll
0x00007fffd16d0000 - 0x00007fffd1778000 	C:\Windows\system32\uxtheme.dll
0x00007fffbf8c0000 - 0x00007fffbf8e0000 	C:\Windows\System32\DriverStore\FileRepository\u0196411.inf_amd64_59c4b66e8e30ce90\B025498\atidx9loader64.dll
0x00007ffee1dc0000 - 0x00007ffee44db000 	C:\Windows\System32\DriverStore\FileRepository\u0196411.inf_amd64_59c4b66e8e30ce90\B025498\AMDXN64.DLL
0x00007fffd5ae0000 - 0x00007fffd5f67000 	C:\Windows\System32\SETUPAPI.dll
0x00007fffd1830000 - 0x00007fffd196b000 	C:\Windows\SYSTEM32\dxgi.dll
0x00007fffd48d0000 - 0x00007fffd48fa000 	C:\Windows\SYSTEM32\BCrypt.dll
0x00007fffcd9f0000 - 0x00007fffcda2c000 	C:\Windows\System32\DriverStore\FileRepository\u0196411.inf_amd64_59c4b66e8e30ce90\B025498\amdihk64.dll
0x00007fffcec20000 - 0x00007fffcec7e000 	C:\Windows\SYSTEM32\directxdatabasehelper.dll
0x00007fffb56a0000 - 0x00007fffb56e5000 	C:\Users\Public\greenfoot\Greenfoot-windows-371\greenfoot\lib\javafx\bin\glass.dll
0x00007fffd5880000 - 0x00007fffd5975000 	C:\Windows\System32\COMDLG32.dll
0x00007fffd6810000 - 0x00007fffd696b000 	C:\Windows\System32\MSCTF.dll
0x00007fffbe770000 - 0x00007fffbe784000 	C:\Users\Public\greenfoot\Greenfoot-windows-371\greenfoot\lib\javafx\bin\javafx_font.dll
0x00007fffb5220000 - 0x00007fffb53a4000 	C:\Program Files\Java\jdk-25.0.4.1\bin\awt.dll
0x00007fffd1500000 - 0x00007fffd159f000 	C:\Windows\SYSTEM32\apphelp.dll
0x00007fffd4030000 - 0x00007fffd404b000 	C:\Windows\SYSTEM32\CRYPTSP.dll
0x00007fffd34a0000 - 0x00007fffd34d9000 	C:\Windows\system32\rsaenh.dll
0x00007fffd3cc0000 - 0x00007fffd3cf4000 	C:\Windows\SYSTEM32\USERENV.dll
0x00007fffd4000000 - 0x00007fffd400c000 	C:\Windows\SYSTEM32\CRYPTBASE.dll
0x00007fffd2cd0000 - 0x00007fffd2d03000 	C:\Windows\SYSTEM32\IPHLPAPI.DLL
0x00007fffd6ff0000 - 0x00007fffd6ffa000 	C:\Windows\System32\NSI.dll
0x00007fff849c0000 - 0x00007fff84acc000 	C:\Windows\system32\opengl32.dll
0x00007fff84870000 - 0x00007fff8489d000 	C:\Windows\SYSTEM32\GLU32.dll
0x00007fffd0680000 - 0x00007fffd08ea000 	C:\Windows\SYSTEM32\dwrite.dll
0x00007fffd57c0000 - 0x00007fffd586e000 	C:\Windows\System32\clbcatq.dll
0x00007fffcfb90000 - 0x00007fffcfdc8000 	C:\Windows\SYSTEM32\WindowsCodecs.dll
0x00007fffd1eb0000 - 0x00007fffd1ec5000 	C:\Windows\SYSTEM32\RpcRtRemote.dll
0x00007fff7f6a0000 - 0x00007fff7f6fc000 	C:\Windows\system32\dataexchange.dll
0x00007fffc9370000 - 0x00007fffc95c0000 	C:\Windows\system32\twinapi.appcore.dll
0x00007fffb5660000 - 0x00007fffb568c000 	C:\Program Files\Common Files\Microsoft Shared\Ink\rtscom.dll
0x00007fffc7a10000 - 0x00007fffc7b52000 	C:\Windows\SYSTEM32\textinputframework.dll

JVMTI agents:
C:\Program Files\JetBrains\IntelliJ IDEA 2025.3\lib\idea_rt.jar path:C:\Program Files\Java\jdk-25.0.4.1\bin\instrument.dll, loaded, initialized, instrumentlib options:52426

dbghelp: loaded successfully - version: 4.0.5 - missing functions: none
symbol engine: initialized successfully - sym options: 0x614 - pdb path: .;C:\Program Files\Java\jdk-25.0.4.1\bin;C:\Windows\SYSTEM32;C:\Windows\WinSxS\amd64_microsoft.windows.common-controls_6595b64144ccf1df_6.0.26100.9278_none_3e0d1ba8e3303201;C:\Windows\system32\tmumh\20019\AddOn\8.55.0.1409;C:\Windows\system32\tmumh\20019\TmMon\2.9.0.1243;C:\Windows\System32\TmLWE\TmUmSnsr64\1.0.0.1165;C:\Program Files\Java\jdk-25.0.4.1\bin\server;C:\Users\Public\greenfoot\Greenfoot-windows-371\greenfoot\lib\javafx\bin;C:\Windows\System32\DriverStore\FileRepository\u0196411.inf_amd64_59c4b66e8e30ce90\B025498;C:\Program Files\Common Files\Microsoft Shared\Ink

VM Arguments:
jvm_args: --module-path=C:\Users\Public\greenfoot\Greenfoot-windows-371\greenfoot\lib\javafx\lib --add-modules=javafx.controls,javafx.fxml -javaagent:C:\Program Files\JetBrains\IntelliJ IDEA 2025.3\lib\idea_rt.jar=52426 -Dfile.encoding=UTF-8 -Dsun.stdout.encoding=UTF-8 -Dsun.stderr.encoding=UTF-8 
java_command: greenfoot.export.GreenfootScenarioApplication
java_class_path (initial): C:\Users\45708883804\Desktop\Aula\game\out\production\game;C:\Users\Public\greenfoot\greenfoot-sources-combined-main\greenfoot-sources-combined-main\threadchecker.jar;C:\Users\Public\greenfoot\Greenfoot-windows-371\greenfoot\lib\stylesheets;C:\Users\Public\greenfoot\Greenfoot-windows-371\greenfoot\lib\bluej.jar;C:\Users\Public\greenfoot\Greenfoot-windows-371\greenfoot\lib\jl1.0.1.jar;C:\Users\Public\greenfoot\Greenfoot-windows-371\greenfoot\lib\bluejcore.jar;C:\Users\Public\greenfoot\Greenfoot-windows-371\greenfoot\lib\bluejext2.jar;C:\Users\Public\greenfoot\Greenfoot-windows-371\greenfoot\lib\greenfoot.jar;C:\Users\Public\greenfoot\Greenfoot-windows-371\greenfoot\lib\xom-1.3.7.jar;C:\Users\Public\greenfoot\Greenfoot-windows-371\greenfoot\lib\guava-17.0.jar;C:\Users\Public\greenfoot\Greenfoot-windows-371\greenfoot\lib\bluejeditor.jar;C:\Users\Public\greenfoot\Greenfoot-windows-371\greenfoot\lib\lang-stride.jar;C:\Users\Public\greenfoot\Greenfoot-windows-371\greenfoot\lib\opencsv-2.3.jar;C:\Users\Public\greenfoot\Greenfoot-windows-371\greenfoot\lib\httpcore-4.1.jar;C:\Users\Public\greenfoot\Greenfoot-windows-371\greenfoot\lib\httpmime-4.1.1.jar;C:\Users\Public\greenfoot\Greenfoot-windows-371\greenfoot\lib\nsmenufx-2.1.8.jar;C:\Users\Public\greenfoot\Greenfoot-windows-371\greenfoot\lib\diffutils-1.2.1.jar;C:\Users\Public\greenfoot\Greenfoot-windows-371\greenfoot\lib\httpclient-4.1.1.jar;C:\Users\Public\greenfoot\Greenfoot-windows-371\greenfoot\lib\classgraph-4.8.90.jar;C:\Users\Public\greenfoot\Greenfoot-windows-371\greenfoot\lib\hamcrest-core-1.3.jar;C:\Users\Public\greenfoot\Greenfoot-windows-371\greenfoot\lib\junit-jupiter-5.5.2.jar;C:\Users\Public\greenfoot\Greenfoot-windows-371\greenfoot\lib\wellbehavedfx-0.3.3.jar;C:\Users\Public\greenfoot\Greenfoot-windows-371\greenfoot\lib\junit-jupiter-api-5.5.2.jar;C:\Users\Public\greenfoot\Greenfoot-windows-371\greenfoot\lib\commons-logging-api-1.1.2.jar;C:\Users\Public\greenfoot\Greenfoot-windows-371\greenfoot\lib\junit-quickcheck-core-0.9.jar;C:\Users\Public\greenfoot\Greenfoot-windows-371\greenfoot\lib\junit-jupiter-engine-5.5.2.jar;C:\Users\Public\greenfoot\Greenfoot-windows-371\greenfoot\lib\junit-jupiter-params-5.5.2.jar;C:\Users\Public\greenfoot\Greenfoot-windows-371\greenfoot\lib\junit-vintage-engine-5.5.2.jar;C:\Users\Public\greenfoot\Greenfoot-windows-371\greenfoot\lib\junit-platform-engine-1.5.2.jar;C:\Users\Public\greenfoot\Greenfoot-windows-371\greenfoot\lib\junit-platform-runner-1.5.2.jar;C:\Users\Public\greenfoot\Greenfoot-windows-371\greenfoot\lib\junit-platform-commons-1.5.2.jar;C:\Users\Public\greenfoot\Greenfoot-windows-371\greenfoot\lib\junit-platform-console-1.5.2.jar;C:\Users\Public\greenfoot\Greenfoot-windows-371\greenfoot\lib\junit-platform-testkit-1.5.2.jar;C:\Users\Public\greenfoot\Greenfoot-windows-371\greenfoot\lib\junit-platform-launcher-1.5.2.jar;C:\Users\Public\greenfoot\Greenfoot-windows-371\greenfoot\lib\junit-platform-reporting-1.5.2.jar;C:\Users\Public\greenfoot\Greenfoot-windows-371\greenfoot\lib\junit-platform-suite-api-1.5.2.jar;C:\Users\Public\greenfoot\Greenfoot-windows-371\greenfoot\lib\junit-jupiter-migrationsupport-5.5.2.jar;C:\Users\Public\greenfoot\Greenfoot-windows-371\greenfoot\lib\junit-platform-console-standalone-1.5.2.jar;C:\Users\Public\greenfoot\Greenfoot-windows-371\greenfoot\lib\javafx\lib\src.zip;C:\Users\Public\greenfoot\Greenfoot-windows-371\greenfoot\lib\javafx\lib\javafx-swt.jar;C:\Users\Public\greenfoot\Greenfoot-windows-371\greenfoot\lib\javafx\lib\javafx.web.jar;C:\Users\Public\greenfoot\Greenfoot-windows-371\greenfoot\lib\javafx\lib\javafx.base.jar;C:\Users\Public\greenfoot\Greenfoot-windows-371\greenfoot\lib\javafx\lib\javafx.fxml.jar;C:\Users\Public\greenfoot\Greenfoot-windows-371\greenfoot\lib\javafx\lib\javafx.media.jar;C:\Users\Public\greenfoot\Greenfoot-windows-371\greenfoot\lib\javafx\lib\javafx.swing.jar;C:\Users\Public\greenfoot\Greenfoot-windows-371\greenfoot\lib\javafx\lib\javafx.controls.jar;C:\Users\Public\greenfoot\Greenfoot-windows-371\greenfoot\lib\javafx\lib\javafx.graphics.jar
Launcher Type: SUN_STANDARD

[Global flags]
     intx CICompilerCount                          = 12                                        {product} {ergonomic}
     uint ConcGCThreads                            = 4                                         {product} {ergonomic}
     uint G1ConcRefinementThreads                  = 15                                        {product} {ergonomic}
   size_t G1HeapRegionSize                         = 2097152                                   {product} {ergonomic}
   size_t InitialHeapSize                          = 264241152                                 {product} {ergonomic}
   size_t MarkStackSize                            = 4194304                                   {product} {ergonomic}
   size_t MarkStackSizeMax                         = 536870912                                 {product} {ergonomic}
   size_t MaxHeapSize                              = 4215275520                                {product} {ergonomic}
   size_t MaxNewSize                               = 2529165312                                {product} {ergonomic}
   size_t MinHeapDeltaBytes                        = 2097152                                   {product} {ergonomic}
   size_t MinHeapSize                              = 8388608                                   {product} {ergonomic}
    uintx NonNMethodCodeHeapSize                   = 7602176                                {pd product} {ergonomic}
    uintx NonProfiledCodeHeapSize                  = 122093568                              {pd product} {ergonomic}
    uintx ProfiledCodeHeapSize                     = 121962496                              {pd product} {ergonomic}
    uintx ReservedCodeCacheSize                    = 251658240                              {pd product} {ergonomic}
     bool SegmentedCodeCache                       = true                                      {product} {ergonomic}
   size_t SoftMaxHeapSize                          = 4215275520                             {manageable} {ergonomic}
     bool UseCompressedOops                        = true                           {product lp64_product} {ergonomic}
     bool UseG1GC                                  = true                                      {product} {ergonomic}
     bool UseLargePagesIndividualAllocation        = false                                  {pd product} {ergonomic}

Logging:
Log output configuration:
 #0: stdout all=warning uptime,level,tags foldmultilines=false
 #1: stderr all=off uptime,level,tags foldmultilines=false

Release file:
IMPLEMENTOR="Oracle Corporation" 
JAVA_RUNTIME_VERSION="25.0.4.1+1-LTS-5" 
JAVA_VERSION="25.0.4.1" 
JAVA_VERSION_DATE="2026-08-18" 
LIBC="default" 
MODULES="java.base java.compiler java.datatransfer java.xml java.prefs java.desktop java.instrument java.logging java.management java.security.sasl java.naming java.rmi java.management.rmi java.net.http java.scripting java.security.jgss java.transaction.xa java.sql java.sql.rowset java.xml.crypto java.se java.smartcardio jdk.accessibility jdk.internal.jvmstat jdk.attach jdk.charsets jdk.internal.opt jdk.zipfs jdk.compiler jdk.crypto.cryptoki jdk.crypto.ec jdk.crypto.mscapi jdk.dynalink jdk.internal.ed jdk.editpad jdk.internal.vm.ci jdk.graal.compiler jdk.graal.compiler.management jdk.hotspot.agent jdk.httpserver jdk.incubator.vector jdk.internal.le jdk.internal.md jdk.jartool jdk.javadoc jdk.jcmd jdk.management jdk.management.agent jdk.jconsole jdk.jdeps jdk.jdwp.agent jdk.jdi jdk.jfr jdk.jlink jdk.jpackage jdk.jshell jdk.jsobject jdk.jstatd jdk.localedata jdk.management.jfr jdk.naming.dns jdk.naming.rmi jdk.net jdk.nio.mapmode jdk.sctp jdk.security.auth jdk.security.jgss jdk.unsupported jdk.unsupported.desktop jdk.xml.dom" 
OS_ARCH="x86_64" 
OS_NAME="Windows" 
SOURCE=".:git:d5c355d21fdd open:git:2e8d1990fcae" 

Environment Variables:
PATH=C:\Program Files\Common Files\Oracle\Java\javapath;C:\Program Files (x86)\Siemens\Step7\S7bin;C:\Program Files\Common Files\Siemens\Automation\Simatic OAM\bin;C:\Windows\system32;C:\Windows;C:\Windows\System32\Wbem;C:\Windows\System32\WindowsPowerShell\v1.0\;C:\Windows\System32\OpenSSH\;C:\Program Files\Git\cmd;C:\Program Files\nodejs\;C:\ProgramData\UNIVALI\Portugol Studio;C:\Program Files\dotnet\;C:\Program Files (x86)\Windows Kits\10\Windows Performance Toolkit\;C:\Program Files\PKWARE\pkzipc;C:\Users\45708883804\AppData\Local\Microsoft\WindowsApps;
USERNAME=45708883804
OS=Windows_NT
PROCESSOR_IDENTIFIER=Intel64 Family 6 Model 191 Stepping 2, GenuineIntel
TMP=C:\Users\457088~1\AppData\Local\Temp
TEMP=C:\Users\457088~1\AppData\Local\Temp




Compilation memory statistics disabled.

Periodic native trim disabled

---------------  S Y S T E M  ---------------

OS:
 Windows 11 , 64 bit Build 26100 (10.0.26100.9444)
OS uptime: 0 days 8:40 hours
Hyper-V role detected

CPU: total 20 (initial active 20) (10 cores per cpu, 2 threads per core) family 6 model 191 stepping 2 microcode 0x3e, cx8, cmov, fxsr, ht, mmx, 3dnowpref, sse, sse2, sse3, ssse3, sse4.1, sse4.2, popcnt, lzcnt, tsc, tscinvbit, avx, avx2, aes, erms, clmul, bmi1, bmi2, adx, sha, fma, vzeroupper, clflush, clflushopt, clwb, hv, serialize, rdtscp, rdpid, fsrm, gfni, f16c, cet_ibt, cet_ss
Processor Information for the first 20 processors :
  Max Mhz: 2500, Current Mhz: 2500, Mhz Limit: 2500

Memory: 4k page, system-wide physical 16072M (869M free)
TotalPageFile size 24645M (AvailPageFile size 32M)
current process WorkingSet (physical memory assigned to process): 2316M, peak: 2316M
current process commit charge ("private bytes"): 3370M, peak: 3392M

vm_info: Java HotSpot(TM) 64-Bit Server VM (25.0.4.1+1-LTS-5) for windows-amd64 JRE (25.0.4.1+1-LTS-5), built on 2026-07-15T18:49:13Z with MS VC++ 17.13 (VS2022)

END.
